#ifndef SIMULADOR_DADOS_H
#define SIMULADOR_DADOS_H

#define NUM_ENDERECOS 1000
#define BACKING_STORE_SIZE 65536
#define PAGE_SIZE 256

unsigned int enderecos_teste[1000] = {

    16916,62493,30198,53683,40185,28781,24462,48399,64815,18295,12218,22760,57982,27966,54894,38929,32865,64243,2315,64454,55041,18633,14557,61006,62615,7591,64747,6727,32315,60645,6308,45688,969,40891,49294,41118,21395,6091,32541,17665,3784,28718,59240,40178,60086,42252,44770,22514,3067,15757,31649,10842,43765,33405,44954,56657,5003,50227,19358,36529,10392,58882,5129,58554,58584,27444,58982,51476,6796,21311,30705,28964,41003,20259,57857,63258,36374,692,43121,48128,34561,49213,36922,59162,50552,17866,18145,3884,54388,42932,46919,58892,8620,38336,64357,23387,42632,15913,15679,22501,37540,5527,63921,62716,32874,64390,63101,61802,19648,29031,44981,28092,9448,44744,61496,31453,60746,12199,62255,21793,26544,14964,41462,56089,52038,47982,59484,50924,6942,34998,27069,51926,60645,43181,10559,4664,28578,59516,38912,63562,64846,62938,27194,28804,61703,10998,6596,37721,43430,22692,62971,47125,52521,34646,32889,13055,65416,62869,57314,12659,14052,32956,49273,50352,49737,15555,47475,15328,34621,51365,32820,48855,12224,2035,60539,14595,13853,24143,15216,8113,22640,32978,39151,19520,58141,63959,53040,55842,585,51229,64181,54879,28210,10268,15395,12884,2149,53483,59606,14981,36672,23197,36518,13361,19810,25955,62678,26021,29409,38111,58573,56840,41306,54426,3617,50652,41452,20241,31723,53747,28550,23402,21205,56181,57470,39933,34964,24781,41747,62564,58461,20858,49301,40572,23840,35278,62905,56650,11149,38920,23430,57592,3080,6677,50704,51883,62799,20188,1245,12220,17602,28609,42694,29826,13827,27336,53343,11533,41713,33890,4894,57599,3870,58622,29780,62553,2303,51915,6251,38107,59325,61295,26699,51188,59519,7345,20325,39633,1562,7580,8170,62256,35823,27790,13191,9772,7477,44455,59546,49347,36539,12453,49640,28290,44817,8565,16399,41934,45457,33856,19498,17661,63829,42034,28928,30711,8800,52335,38775,52704,24380,19602,57998,2919,8362,17884,45737,47894,59667,10385,52782,64416,40946,16778,27159,24324,32450,9108,65305,19575,11117,65170,58013,61676,63510,17458,54675,1713,55105,65321,45278,26256,64198,29441,1928,39425,32000,28549,46295,22772,58228,63525,32602,46195,55849,46454,7487,33879,42004,8599,18641,49015,26830,34754,14668,38362,38791,4171,45975,14623,62393,64658,10963,9058,51031,32425,45483,44611,63664,54920,7663,56480,1489,28438,65449,12441,58530,63570,26251,15972,35826,5491,54253,49655,5868,20163,51079,21398,32756,64196,43218,21583,25086,45515,12893,22914,58969,20094,13730,44059,28931,13533,33134,28483,1220,38174,53502,43328,4970,8090,2661,53903,11025,26627,18117,14505,61528,20423,26962,36392,11365,50882,41668,30497,36216,5619,36983,59557,36663,36436,37057,23585,58791,46666,64475,21615,41090,1771,47513,39338,1390,38772,58149,7196,9123,7491,62616,15436,17491,53656,26449,34935,19864,51388,15155,64775,47969,16315,1342,51185,6043,21398,3273,9370,35463,28205,2351,28999,47699,46870,22311,22124,22427,49344,23224,5514,20504,376,2014,38700,13098,62435,48046,63464,12798,51178,8627,27083,47198,44021,32792,43996,41126,64244,37047,60281,52904,7768,55359,3230,44813,4116,65222,28083,60660,39,328,47868,13009,22378,39304,11171,8079,52879,5123,4356,45745,32952,4657,24142,23319,13607,46304,17677,59691,50967,7817,8545,55297,52954,39720,18455,30349,63270,27156,20614,19372,48689,49386,50584,51936,34705,13653,50077,54518,41482,4169,36118,9584,18490,55420,5708,23506,15391,36368,38976,50406,49236,65035,30120,62551,46809,21687,53839,2098,12364,45366,50437,36675,55382,11846,49127,19900,20554,19219,51483,58090,39074,16060,10447,54169,20634,57555,61210,269,33154,64487,61223,47292,21852,5281,45912,32532,63067,41683,20981,33881,41785,4580,41389,28572,782,30273,62267,17922,63238,3308,26545,44395,39120,21706,7144,30244,3725,54632,30574,8473,12386,41114,57930,15341,15598,59922,18226,48162,41250,1512,2546,41682,322,880,20891,56604,40166,26791,44560,38698,64127,15028,38669,45637,43151,9465,2498,13978,16326,51442,34845,63667,39370,55671,64496,7767,6283,55884,61103,10184,39543,9555,13963,58975,19537,6101,41421,45502,29328,8149,25450,58944,50666,23084,36468,33645,25002,53715,60173,46354,4708,28208,58844,22173,8535,42261,29687,37799,22566,62520,4098,47999,49660,37063,41856,5417,48856,10682,22370,63281,62452,50532,9022,59300,58660,56401,8518,63066,63250,48592,28771,37673,60776,56438,60424,39993,56004,59002,33982,25498,57047,1401,15130,42960,61827,32442,64304,30273,38082,22404,3808,16883,23111,62417,60364,4542,14829,44964,33924,2141,19245,47168,24048,1022,23075,24888,49247,4900,22656,34117,55555,48947,59533,21312,21415,813,19419,1999,20155,21521,13670,19289,58483,41318,16151,13611,21514,13499,45583,49013,64843,63485,38697,59188,24593,57641,36524,56980,36810,6096,11070,60124,37576,15096,45247,32783,58390,60873,23719,24385,22307,17375,15990,20526,25904,42224,9311,7862,3835,30535,65179,57387,63579,4946,9037,61033,55543,50361,6480,14042,21531,39195,37511,23696,27440,28201,23072,7814,6552,43637,35113,34890,61297,45633,61431,46032,18774,62991,28059,35229,51230,14405,52242,43153,2709,47963,36943,54066,10054,43051,11525,17684,41681,27883,56909,45772,27496,46842,38734,28972,59684,11384,21018,2192,18384,13464,31018,62958,30611,1913,18904,26773,55491,21899,64413,47134,23172,7262,12705,7522,58815,34916,3802,58008,1239,63947,381,60734,48769,41938,38025,55099,56691,39530,59003,6029,20920,8077,42633,17443,53570,22833,3782,47758,22136,22427,23867,59968,62166,6972,63684,46388,41942,36524,9323,31114,22345,46463,54671,9214,7257,33150,41565,26214,3595,17932,34660,51961,58634,57990,28848,49920,18351,53669,33996,6741,64098,606,27383,63140,32228,63437,29085,65080,38753,16041,9041,42090,46388,63650,36636,21947,19833,36464,8541,12712,48955,39206,15578,49205,7731,43046,60498,9237,47706,43973,42008,27460,24999,51933,34070,65155,59955,9277,20420,44860,50992,10583,57751,23195,27227,42816,58219,37606,18426,21238,11983,48394,11036,30557,23453,49847,30032,48065,6957,2301,7736,31260,17071,8940,9929,45563,12107
};

unsigned char BACKING_STORE_bin[] = {
  0x00, 0x00, 0x00, 0x00, 0x00, 0x00, 0x00, 0x01, 0x00, 0x00, 0x00, 0x02,
  0x00, 0x00, 0x00, 0x03, 0x00, 0x00, 0x00, 0x04, 0x00, 0x00, 0x00, 0x05,
  0x00, 0x00, 0x00, 0x06, 0x00, 0x00, 0x00, 0x07, 0x00, 0x00, 0x00, 0x08,
  0x00, 0x00, 0x00, 0x09, 0x00, 0x00, 0x00, 0x0a, 0x00, 0x00, 0x00, 0x0b,
  0x00, 0x00, 0x00, 0x0c, 0x00, 0x00, 0x00, 0x0d, 0x00, 0x00, 0x00, 0x0e,
  0x00, 0x00, 0x00, 0x0f, 0x00, 0x00, 0x00, 0x10, 0x00, 0x00, 0x00, 0x11,
  0x00, 0x00, 0x00, 0x12, 0x00, 0x00, 0x00, 0x13, 0x00, 0x00, 0x00, 0x14,
  0x00, 0x00, 0x00, 0x15, 0x00, 0x00, 0x00, 0x16, 0x00, 0x00, 0x00, 0x17,
  0x00, 0x00, 0x00, 0x18, 0x00, 0x00, 0x00, 0x19, 0x00, 0x00, 0x00, 0x1a,
  0x00, 0x00, 0x00, 0x1b, 0x00, 0x00, 0x00, 0x1c, 0x00, 0x00, 0x00, 0x1d,
  0x00, 0x00, 0x00, 0x1e, 0x00, 0x00, 0x00, 0x1f, 0x00, 0x00, 0x00, 0x20,
  0x00, 0x00, 0x00, 0x21, 0x00, 0x00, 0x00, 0x22, 0x00, 0x00, 0x00, 0x23,
  0x00, 0x00, 0x00, 0x24, 0x00, 0x00, 0x00, 0x25, 0x00, 0x00, 0x00, 0x26,
  0x00, 0x00, 0x00, 0x27, 0x00, 0x00, 0x00, 0x28, 0x00, 0x00, 0x00, 0x29,
  0x00, 0x00, 0x00, 0x2a, 0x00, 0x00, 0x00, 0x2b, 0x00, 0x00, 0x00, 0x2c,
  0x00, 0x00, 0x00, 0x2d, 0x00, 0x00, 0x00, 0x2e, 0x00, 0x00, 0x00, 0x2f,
  0x00, 0x00, 0x00, 0x30, 0x00, 0x00, 0x00, 0x31, 0x00, 0x00, 0x00, 0x32,
  0x00, 0x00, 0x00, 0x33, 0x00, 0x00, 0x00, 0x34, 0x00, 0x00, 0x00, 0x35,
  0x00, 0x00, 0x00, 0x36, 0x00, 0x00, 0x00, 0x37, 0x00, 0x00, 0x00, 0x38,
  0x00, 0x00, 0x00, 0x39, 0x00, 0x00, 0x00, 0x3a, 0x00, 0x00, 0x00, 0x3b,
  0x00, 0x00, 0x00, 0x3c, 0x00, 0x00, 0x00, 0x3d, 0x00, 0x00, 0x00, 0x3e,
  0x00, 0x00, 0x00, 0x3f, 0x00, 0x00, 0x00, 0x40, 0x00, 0x00, 0x00, 0x41,
  0x00, 0x00, 0x00, 0x42, 0x00, 0x00, 0x00, 0x43, 0x00, 0x00, 0x00, 0x44,
  0x00, 0x00, 0x00, 0x45, 0x00, 0x00, 0x00, 0x46, 0x00, 0x00, 0x00, 0x47,
  0x00, 0x00, 0x00, 0x48, 0x00, 0x00, 0x00, 0x49, 0x00, 0x00, 0x00, 0x4a,
  0x00, 0x00, 0x00, 0x4b, 0x00, 0x00, 0x00, 0x4c, 0x00, 0x00, 0x00, 0x4d,
  0x00, 0x00, 0x00, 0x4e, 0x00, 0x00, 0x00, 0x4f, 0x00, 0x00, 0x00, 0x50,
  0x00, 0x00, 0x00, 0x51, 0x00, 0x00, 0x00, 0x52, 0x00, 0x00, 0x00, 0x53,
  0x00, 0x00, 0x00, 0x54, 0x00, 0x00, 0x00, 0x55, 0x00, 0x00, 0x00, 0x56,
  0x00, 0x00, 0x00, 0x57, 0x00, 0x00, 0x00, 0x58, 0x00, 0x00, 0x00, 0x59,
  0x00, 0x00, 0x00, 0x5a, 0x00, 0x00, 0x00, 0x5b, 0x00, 0x00, 0x00, 0x5c,
  0x00, 0x00, 0x00, 0x5d, 0x00, 0x00, 0x00, 0x5e, 0x00, 0x00, 0x00, 0x5f,
  0x00, 0x00, 0x00, 0x60, 0x00, 0x00, 0x00, 0x61, 0x00, 0x00, 0x00, 0x62,
  0x00, 0x00, 0x00, 0x63, 0x00, 0x00, 0x00, 0x64, 0x00, 0x00, 0x00, 0x65,
  0x00, 0x00, 0x00, 0x66, 0x00, 0x00, 0x00, 0x67, 0x00, 0x00, 0x00, 0x68,
  0x00, 0x00, 0x00, 0x69, 0x00, 0x00, 0x00, 0x6a, 0x00, 0x00, 0x00, 0x6b,
  0x00, 0x00, 0x00, 0x6c, 0x00, 0x00, 0x00, 0x6d, 0x00, 0x00, 0x00, 0x6e,
  0x00, 0x00, 0x00, 0x6f, 0x00, 0x00, 0x00, 0x70, 0x00, 0x00, 0x00, 0x71,
  0x00, 0x00, 0x00, 0x72, 0x00, 0x00, 0x00, 0x73, 0x00, 0x00, 0x00, 0x74,
  0x00, 0x00, 0x00, 0x75, 0x00, 0x00, 0x00, 0x76, 0x00, 0x00, 0x00, 0x77,
  0x00, 0x00, 0x00, 0x78, 0x00, 0x00, 0x00, 0x79, 0x00, 0x00, 0x00, 0x7a,
  0x00, 0x00, 0x00, 0x7b, 0x00, 0x00, 0x00, 0x7c, 0x00, 0x00, 0x00, 0x7d,
  0x00, 0x00, 0x00, 0x7e, 0x00, 0x00, 0x00, 0x7f, 0x00, 0x00, 0x00, 0x80,
  0x00, 0x00, 0x00, 0x81, 0x00, 0x00, 0x00, 0x82, 0x00, 0x00, 0x00, 0x83,
  0x00, 0x00, 0x00, 0x84, 0x00, 0x00, 0x00, 0x85, 0x00, 0x00, 0x00, 0x86,
  0x00, 0x00, 0x00, 0x87, 0x00, 0x00, 0x00, 0x88, 0x00, 0x00, 0x00, 0x89,
  0x00, 0x00, 0x00, 0x8a, 0x00, 0x00, 0x00, 0x8b, 0x00, 0x00, 0x00, 0x8c,
  0x00, 0x00, 0x00, 0x8d, 0x00, 0x00, 0x00, 0x8e, 0x00, 0x00, 0x00, 0x8f,
  0x00, 0x00, 0x00, 0x90, 0x00, 0x00, 0x00, 0x91, 0x00, 0x00, 0x00, 0x92,
  0x00, 0x00, 0x00, 0x93, 0x00, 0x00, 0x00, 0x94, 0x00, 0x00, 0x00, 0x95,
  0x00, 0x00, 0x00, 0x96, 0x00, 0x00, 0x00, 0x97, 0x00, 0x00, 0x00, 0x98,
  0x00, 0x00, 0x00, 0x99, 0x00, 0x00, 0x00, 0x9a, 0x00, 0x00, 0x00, 0x9b,
  0x00, 0x00, 0x00, 0x9c, 0x00, 0x00, 0x00, 0x9d, 0x00, 0x00, 0x00, 0x9e,
  0x00, 0x00, 0x00, 0x9f, 0x00, 0x00, 0x00, 0xa0, 0x00, 0x00, 0x00, 0xa1,
  0x00, 0x00, 0x00, 0xa2, 0x00, 0x00, 0x00, 0xa3, 0x00, 0x00, 0x00, 0xa4,
  0x00, 0x00, 0x00, 0xa5, 0x00, 0x00, 0x00, 0xa6, 0x00, 0x00, 0x00, 0xa7,
  0x00, 0x00, 0x00, 0xa8, 0x00, 0x00, 0x00, 0xa9, 0x00, 0x00, 0x00, 0xaa,
  0x00, 0x00, 0x00, 0xab, 0x00, 0x00, 0x00, 0xac, 0x00, 0x00, 0x00, 0xad,
  0x00, 0x00, 0x00, 0xae, 0x00, 0x00, 0x00, 0xaf, 0x00, 0x00, 0x00, 0xb0,
  0x00, 0x00, 0x00, 0xb1, 0x00, 0x00, 0x00, 0xb2, 0x00, 0x00, 0x00, 0xb3,
  0x00, 0x00, 0x00, 0xb4, 0x00, 0x00, 0x00, 0xb5, 0x00, 0x00, 0x00, 0xb6,
  0x00, 0x00, 0x00, 0xb7, 0x00, 0x00, 0x00, 0xb8, 0x00, 0x00, 0x00, 0xb9,
  0x00, 0x00, 0x00, 0xba, 0x00, 0x00, 0x00, 0xbb, 0x00, 0x00, 0x00, 0xbc,
  0x00, 0x00, 0x00, 0xbd, 0x00, 0x00, 0x00, 0xbe, 0x00, 0x00, 0x00, 0xbf,
  0x00, 0x00, 0x00, 0xc0, 0x00, 0x00, 0x00, 0xc1, 0x00, 0x00, 0x00, 0xc2,
  0x00, 0x00, 0x00, 0xc3, 0x00, 0x00, 0x00, 0xc4, 0x00, 0x00, 0x00, 0xc5,
  0x00, 0x00, 0x00, 0xc6, 0x00, 0x00, 0x00, 0xc7, 0x00, 0x00, 0x00, 0xc8,
  0x00, 0x00, 0x00, 0xc9, 0x00, 0x00, 0x00, 0xca, 0x00, 0x00, 0x00, 0xcb,
  0x00, 0x00, 0x00, 0xcc, 0x00, 0x00, 0x00, 0xcd, 0x00, 0x00, 0x00, 0xce,
  0x00, 0x00, 0x00, 0xcf, 0x00, 0x00, 0x00, 0xd0, 0x00, 0x00, 0x00, 0xd1,
  0x00, 0x00, 0x00, 0xd2, 0x00, 0x00, 0x00, 0xd3, 0x00, 0x00, 0x00, 0xd4,
  0x00, 0x00, 0x00, 0xd5, 0x00, 0x00, 0x00, 0xd6, 0x00, 0x00, 0x00, 0xd7,
  0x00, 0x00, 0x00, 0xd8, 0x00, 0x00, 0x00, 0xd9, 0x00, 0x00, 0x00, 0xda,
  0x00, 0x00, 0x00, 0xdb, 0x00, 0x00, 0x00, 0xdc, 0x00, 0x00, 0x00, 0xdd,
  0x00, 0x00, 0x00, 0xde, 0x00, 0x00, 0x00, 0xdf, 0x00, 0x00, 0x00, 0xe0,
  0x00, 0x00, 0x00, 0xe1, 0x00, 0x00, 0x00, 0xe2, 0x00, 0x00, 0x00, 0xe3,
  0x00, 0x00, 0x00, 0xe4, 0x00, 0x00, 0x00, 0xe5, 0x00, 0x00, 0x00, 0xe6,
  0x00, 0x00, 0x00, 0xe7, 0x00, 0x00, 0x00, 0xe8, 0x00, 0x00, 0x00, 0xe9,
  0x00, 0x00, 0x00, 0xea, 0x00, 0x00, 0x00, 0xeb, 0x00, 0x00, 0x00, 0xec,
  0x00, 0x00, 0x00, 0xed, 0x00, 0x00, 0x00, 0xee, 0x00, 0x00, 0x00, 0xef,
  0x00, 0x00, 0x00, 0xf0, 0x00, 0x00, 0x00, 0xf1, 0x00, 0x00, 0x00, 0xf2,
  0x00, 0x00, 0x00, 0xf3, 0x00, 0x00, 0x00, 0xf4, 0x00, 0x00, 0x00, 0xf5,
  0x00, 0x00, 0x00, 0xf6, 0x00, 0x00, 0x00, 0xf7, 0x00, 0x00, 0x00, 0xf8,
  0x00, 0x00, 0x00, 0xf9, 0x00, 0x00, 0x00, 0xfa, 0x00, 0x00, 0x00, 0xfb,
  0x00, 0x00, 0x00, 0xfc, 0x00, 0x00, 0x00, 0xfd, 0x00, 0x00, 0x00, 0xfe,
  0x00, 0x00, 0x00, 0xff, 0x00, 0x00, 0x01, 0x00, 0x00, 0x00, 0x01, 0x01,
  0x00, 0x00, 0x01, 0x02, 0x00, 0x00, 0x01, 0x03, 0x00, 0x00, 0x01, 0x04,
  0x00, 0x00, 0x01, 0x05, 0x00, 0x00, 0x01, 0x06, 0x00, 0x00, 0x01, 0x07,
  0x00, 0x00, 0x01, 0x08, 0x00, 0x00, 0x01, 0x09, 0x00, 0x00, 0x01, 0x0a,
  0x00, 0x00, 0x01, 0x0b, 0x00, 0x00, 0x01, 0x0c, 0x00, 0x00, 0x01, 0x0d,
  0x00, 0x00, 0x01, 0x0e, 0x00, 0x00, 0x01, 0x0f, 0x00, 0x00, 0x01, 0x10,
  0x00, 0x00, 0x01, 0x11, 0x00, 0x00, 0x01, 0x12, 0x00, 0x00, 0x01, 0x13,
  0x00, 0x00, 0x01, 0x14, 0x00, 0x00, 0x01, 0x15, 0x00, 0x00, 0x01, 0x16,
  0x00, 0x00, 0x01, 0x17, 0x00, 0x00, 0x01, 0x18, 0x00, 0x00, 0x01, 0x19,
  0x00, 0x00, 0x01, 0x1a, 0x00, 0x00, 0x01, 0x1b, 0x00, 0x00, 0x01, 0x1c,
  0x00, 0x00, 0x01, 0x1d, 0x00, 0x00, 0x01, 0x1e, 0x00, 0x00, 0x01, 0x1f,
  0x00, 0x00, 0x01, 0x20, 0x00, 0x00, 0x01, 0x21, 0x00, 0x00, 0x01, 0x22,
  0x00, 0x00, 0x01, 0x23, 0x00, 0x00, 0x01, 0x24, 0x00, 0x00, 0x01, 0x25,
  0x00, 0x00, 0x01, 0x26, 0x00, 0x00, 0x01, 0x27, 0x00, 0x00, 0x01, 0x28,
  0x00, 0x00, 0x01, 0x29, 0x00, 0x00, 0x01, 0x2a, 0x00, 0x00, 0x01, 0x2b,
  0x00, 0x00, 0x01, 0x2c, 0x00, 0x00, 0x01, 0x2d, 0x00, 0x00, 0x01, 0x2e,
  0x00, 0x00, 0x01, 0x2f, 0x00, 0x00, 0x01, 0x30, 0x00, 0x00, 0x01, 0x31,
  0x00, 0x00, 0x01, 0x32, 0x00, 0x00, 0x01, 0x33, 0x00, 0x00, 0x01, 0x34,
  0x00, 0x00, 0x01, 0x35, 0x00, 0x00, 0x01, 0x36, 0x00, 0x00, 0x01, 0x37,
  0x00, 0x00, 0x01, 0x38, 0x00, 0x00, 0x01, 0x39, 0x00, 0x00, 0x01, 0x3a,
  0x00, 0x00, 0x01, 0x3b, 0x00, 0x00, 0x01, 0x3c, 0x00, 0x00, 0x01, 0x3d,
  0x00, 0x00, 0x01, 0x3e, 0x00, 0x00, 0x01, 0x3f, 0x00, 0x00, 0x01, 0x40,
  0x00, 0x00, 0x01, 0x41, 0x00, 0x00, 0x01, 0x42, 0x00, 0x00, 0x01, 0x43,
  0x00, 0x00, 0x01, 0x44, 0x00, 0x00, 0x01, 0x45, 0x00, 0x00, 0x01, 0x46,
  0x00, 0x00, 0x01, 0x47, 0x00, 0x00, 0x01, 0x48, 0x00, 0x00, 0x01, 0x49,
  0x00, 0x00, 0x01, 0x4a, 0x00, 0x00, 0x01, 0x4b, 0x00, 0x00, 0x01, 0x4c,
  0x00, 0x00, 0x01, 0x4d, 0x00, 0x00, 0x01, 0x4e, 0x00, 0x00, 0x01, 0x4f,
  0x00, 0x00, 0x01, 0x50, 0x00, 0x00, 0x01, 0x51, 0x00, 0x00, 0x01, 0x52,
  0x00, 0x00, 0x01, 0x53, 0x00, 0x00, 0x01, 0x54, 0x00, 0x00, 0x01, 0x55,
  0x00, 0x00, 0x01, 0x56, 0x00, 0x00, 0x01, 0x57, 0x00, 0x00, 0x01, 0x58,
  0x00, 0x00, 0x01, 0x59, 0x00, 0x00, 0x01, 0x5a, 0x00, 0x00, 0x01, 0x5b,
  0x00, 0x00, 0x01, 0x5c, 0x00, 0x00, 0x01, 0x5d, 0x00, 0x00, 0x01, 0x5e,
  0x00, 0x00, 0x01, 0x5f, 0x00, 0x00, 0x01, 0x60, 0x00, 0x00, 0x01, 0x61,
  0x00, 0x00, 0x01, 0x62, 0x00, 0x00, 0x01, 0x63, 0x00, 0x00, 0x01, 0x64,
  0x00, 0x00, 0x01, 0x65, 0x00, 0x00, 0x01, 0x66, 0x00, 0x00, 0x01, 0x67,
  0x00, 0x00, 0x01, 0x68, 0x00, 0x00, 0x01, 0x69, 0x00, 0x00, 0x01, 0x6a,
  0x00, 0x00, 0x01, 0x6b, 0x00, 0x00, 0x01, 0x6c, 0x00, 0x00, 0x01, 0x6d,
  0x00, 0x00, 0x01, 0x6e, 0x00, 0x00, 0x01, 0x6f, 0x00, 0x00, 0x01, 0x70,
  0x00, 0x00, 0x01, 0x71, 0x00, 0x00, 0x01, 0x72, 0x00, 0x00, 0x01, 0x73,
  0x00, 0x00, 0x01, 0x74, 0x00, 0x00, 0x01, 0x75, 0x00, 0x00, 0x01, 0x76,
  0x00, 0x00, 0x01, 0x77, 0x00, 0x00, 0x01, 0x78, 0x00, 0x00, 0x01, 0x79,
  0x00, 0x00, 0x01, 0x7a, 0x00, 0x00, 0x01, 0x7b, 0x00, 0x00, 0x01, 0x7c,
  0x00, 0x00, 0x01, 0x7d, 0x00, 0x00, 0x01, 0x7e, 0x00, 0x00, 0x01, 0x7f,
  0x00, 0x00, 0x01, 0x80, 0x00, 0x00, 0x01, 0x81, 0x00, 0x00, 0x01, 0x82,
  0x00, 0x00, 0x01, 0x83, 0x00, 0x00, 0x01, 0x84, 0x00, 0x00, 0x01, 0x85,
  0x00, 0x00, 0x01, 0x86, 0x00, 0x00, 0x01, 0x87, 0x00, 0x00, 0x01, 0x88,
  0x00, 0x00, 0x01, 0x89, 0x00, 0x00, 0x01, 0x8a, 0x00, 0x00, 0x01, 0x8b,
  0x00, 0x00, 0x01, 0x8c, 0x00, 0x00, 0x01, 0x8d, 0x00, 0x00, 0x01, 0x8e,
  0x00, 0x00, 0x01, 0x8f, 0x00, 0x00, 0x01, 0x90, 0x00, 0x00, 0x01, 0x91,
  0x00, 0x00, 0x01, 0x92, 0x00, 0x00, 0x01, 0x93, 0x00, 0x00, 0x01, 0x94,
  0x00, 0x00, 0x01, 0x95, 0x00, 0x00, 0x01, 0x96, 0x00, 0x00, 0x01, 0x97,
  0x00, 0x00, 0x01, 0x98, 0x00, 0x00, 0x01, 0x99, 0x00, 0x00, 0x01, 0x9a,
  0x00, 0x00, 0x01, 0x9b, 0x00, 0x00, 0x01, 0x9c, 0x00, 0x00, 0x01, 0x9d,
  0x00, 0x00, 0x01, 0x9e, 0x00, 0x00, 0x01, 0x9f, 0x00, 0x00, 0x01, 0xa0,
  0x00, 0x00, 0x01, 0xa1, 0x00, 0x00, 0x01, 0xa2, 0x00, 0x00, 0x01, 0xa3,
  0x00, 0x00, 0x01, 0xa4, 0x00, 0x00, 0x01, 0xa5, 0x00, 0x00, 0x01, 0xa6,
  0x00, 0x00, 0x01, 0xa7, 0x00, 0x00, 0x01, 0xa8, 0x00, 0x00, 0x01, 0xa9,
  0x00, 0x00, 0x01, 0xaa, 0x00, 0x00, 0x01, 0xab, 0x00, 0x00, 0x01, 0xac,
  0x00, 0x00, 0x01, 0xad, 0x00, 0x00, 0x01, 0xae, 0x00, 0x00, 0x01, 0xaf,
  0x00, 0x00, 0x01, 0xb0, 0x00, 0x00, 0x01, 0xb1, 0x00, 0x00, 0x01, 0xb2,
  0x00, 0x00, 0x01, 0xb3, 0x00, 0x00, 0x01, 0xb4, 0x00, 0x00, 0x01, 0xb5,
  0x00, 0x00, 0x01, 0xb6, 0x00, 0x00, 0x01, 0xb7, 0x00, 0x00, 0x01, 0xb8,
  0x00, 0x00, 0x01, 0xb9, 0x00, 0x00, 0x01, 0xba, 0x00, 0x00, 0x01, 0xbb,
  0x00, 0x00, 0x01, 0xbc, 0x00, 0x00, 0x01, 0xbd, 0x00, 0x00, 0x01, 0xbe,
  0x00, 0x00, 0x01, 0xbf, 0x00, 0x00, 0x01, 0xc0, 0x00, 0x00, 0x01, 0xc1,
  0x00, 0x00, 0x01, 0xc2, 0x00, 0x00, 0x01, 0xc3, 0x00, 0x00, 0x01, 0xc4,
  0x00, 0x00, 0x01, 0xc5, 0x00, 0x00, 0x01, 0xc6, 0x00, 0x00, 0x01, 0xc7,
  0x00, 0x00, 0x01, 0xc8, 0x00, 0x00, 0x01, 0xc9, 0x00, 0x00, 0x01, 0xca,
  0x00, 0x00, 0x01, 0xcb, 0x00, 0x00, 0x01, 0xcc, 0x00, 0x00, 0x01, 0xcd,
  0x00, 0x00, 0x01, 0xce, 0x00, 0x00, 0x01, 0xcf, 0x00, 0x00, 0x01, 0xd0,
  0x00, 0x00, 0x01, 0xd1, 0x00, 0x00, 0x01, 0xd2, 0x00, 0x00, 0x01, 0xd3,
  0x00, 0x00, 0x01, 0xd4, 0x00, 0x00, 0x01, 0xd5, 0x00, 0x00, 0x01, 0xd6,
  0x00, 0x00, 0x01, 0xd7, 0x00, 0x00, 0x01, 0xd8, 0x00, 0x00, 0x01, 0xd9,
  0x00, 0x00, 0x01, 0xda, 0x00, 0x00, 0x01, 0xdb, 0x00, 0x00, 0x01, 0xdc,
  0x00, 0x00, 0x01, 0xdd, 0x00, 0x00, 0x01, 0xde, 0x00, 0x00, 0x01, 0xdf,
  0x00, 0x00, 0x01, 0xe0, 0x00, 0x00, 0x01, 0xe1, 0x00, 0x00, 0x01, 0xe2,
  0x00, 0x00, 0x01, 0xe3, 0x00, 0x00, 0x01, 0xe4, 0x00, 0x00, 0x01, 0xe5,
  0x00, 0x00, 0x01, 0xe6, 0x00, 0x00, 0x01, 0xe7, 0x00, 0x00, 0x01, 0xe8,
  0x00, 0x00, 0x01, 0xe9, 0x00, 0x00, 0x01, 0xea, 0x00, 0x00, 0x01, 0xeb,
  0x00, 0x00, 0x01, 0xec, 0x00, 0x00, 0x01, 0xed, 0x00, 0x00, 0x01, 0xee,
  0x00, 0x00, 0x01, 0xef, 0x00, 0x00, 0x01, 0xf0, 0x00, 0x00, 0x01, 0xf1,
  0x00, 0x00, 0x01, 0xf2, 0x00, 0x00, 0x01, 0xf3, 0x00, 0x00, 0x01, 0xf4,
  0x00, 0x00, 0x01, 0xf5, 0x00, 0x00, 0x01, 0xf6, 0x00, 0x00, 0x01, 0xf7,
  0x00, 0x00, 0x01, 0xf8, 0x00, 0x00, 0x01, 0xf9, 0x00, 0x00, 0x01, 0xfa,
  0x00, 0x00, 0x01, 0xfb, 0x00, 0x00, 0x01, 0xfc, 0x00, 0x00, 0x01, 0xfd,
  0x00, 0x00, 0x01, 0xfe, 0x00, 0x00, 0x01, 0xff, 0x00, 0x00, 0x02, 0x00,
  0x00, 0x00, 0x02, 0x01, 0x00, 0x00, 0x02, 0x02, 0x00, 0x00, 0x02, 0x03,
  0x00, 0x00, 0x02, 0x04, 0x00, 0x00, 0x02, 0x05, 0x00, 0x00, 0x02, 0x06,
  0x00, 0x00, 0x02, 0x07, 0x00, 0x00, 0x02, 0x08, 0x00, 0x00, 0x02, 0x09,
  0x00, 0x00, 0x02, 0x0a, 0x00, 0x00, 0x02, 0x0b, 0x00, 0x00, 0x02, 0x0c,
  0x00, 0x00, 0x02, 0x0d, 0x00, 0x00, 0x02, 0x0e, 0x00, 0x00, 0x02, 0x0f,
  0x00, 0x00, 0x02, 0x10, 0x00, 0x00, 0x02, 0x11, 0x00, 0x00, 0x02, 0x12,
  0x00, 0x00, 0x02, 0x13, 0x00, 0x00, 0x02, 0x14, 0x00, 0x00, 0x02, 0x15,
  0x00, 0x00, 0x02, 0x16, 0x00, 0x00, 0x02, 0x17, 0x00, 0x00, 0x02, 0x18,
  0x00, 0x00, 0x02, 0x19, 0x00, 0x00, 0x02, 0x1a, 0x00, 0x00, 0x02, 0x1b,
  0x00, 0x00, 0x02, 0x1c, 0x00, 0x00, 0x02, 0x1d, 0x00, 0x00, 0x02, 0x1e,
  0x00, 0x00, 0x02, 0x1f, 0x00, 0x00, 0x02, 0x20, 0x00, 0x00, 0x02, 0x21,
  0x00, 0x00, 0x02, 0x22, 0x00, 0x00, 0x02, 0x23, 0x00, 0x00, 0x02, 0x24,
  0x00, 0x00, 0x02, 0x25, 0x00, 0x00, 0x02, 0x26, 0x00, 0x00, 0x02, 0x27,
  0x00, 0x00, 0x02, 0x28, 0x00, 0x00, 0x02, 0x29, 0x00, 0x00, 0x02, 0x2a,
  0x00, 0x00, 0x02, 0x2b, 0x00, 0x00, 0x02, 0x2c, 0x00, 0x00, 0x02, 0x2d,
  0x00, 0x00, 0x02, 0x2e, 0x00, 0x00, 0x02, 0x2f, 0x00, 0x00, 0x02, 0x30,
  0x00, 0x00, 0x02, 0x31, 0x00, 0x00, 0x02, 0x32, 0x00, 0x00, 0x02, 0x33,
  0x00, 0x00, 0x02, 0x34, 0x00, 0x00, 0x02, 0x35, 0x00, 0x00, 0x02, 0x36,
  0x00, 0x00, 0x02, 0x37, 0x00, 0x00, 0x02, 0x38, 0x00, 0x00, 0x02, 0x39,
  0x00, 0x00, 0x02, 0x3a, 0x00, 0x00, 0x02, 0x3b, 0x00, 0x00, 0x02, 0x3c,
  0x00, 0x00, 0x02, 0x3d, 0x00, 0x00, 0x02, 0x3e, 0x00, 0x00, 0x02, 0x3f,
  0x00, 0x00, 0x02, 0x40, 0x00, 0x00, 0x02, 0x41, 0x00, 0x00, 0x02, 0x42,
  0x00, 0x00, 0x02, 0x43, 0x00, 0x00, 0x02, 0x44, 0x00, 0x00, 0x02, 0x45,
  0x00, 0x00, 0x02, 0x46, 0x00, 0x00, 0x02, 0x47, 0x00, 0x00, 0x02, 0x48,
  0x00, 0x00, 0x02, 0x49, 0x00, 0x00, 0x02, 0x4a, 0x00, 0x00, 0x02, 0x4b,
  0x00, 0x00, 0x02, 0x4c, 0x00, 0x00, 0x02, 0x4d, 0x00, 0x00, 0x02, 0x4e,
  0x00, 0x00, 0x02, 0x4f, 0x00, 0x00, 0x02, 0x50, 0x00, 0x00, 0x02, 0x51,
  0x00, 0x00, 0x02, 0x52, 0x00, 0x00, 0x02, 0x53, 0x00, 0x00, 0x02, 0x54,
  0x00, 0x00, 0x02, 0x55, 0x00, 0x00, 0x02, 0x56, 0x00, 0x00, 0x02, 0x57,
  0x00, 0x00, 0x02, 0x58, 0x00, 0x00, 0x02, 0x59, 0x00, 0x00, 0x02, 0x5a,
  0x00, 0x00, 0x02, 0x5b, 0x00, 0x00, 0x02, 0x5c, 0x00, 0x00, 0x02, 0x5d,
  0x00, 0x00, 0x02, 0x5e, 0x00, 0x00, 0x02, 0x5f, 0x00, 0x00, 0x02, 0x60,
  0x00, 0x00, 0x02, 0x61, 0x00, 0x00, 0x02, 0x62, 0x00, 0x00, 0x02, 0x63,
  0x00, 0x00, 0x02, 0x64, 0x00, 0x00, 0x02, 0x65, 0x00, 0x00, 0x02, 0x66,
  0x00, 0x00, 0x02, 0x67, 0x00, 0x00, 0x02, 0x68, 0x00, 0x00, 0x02, 0x69,
  0x00, 0x00, 0x02, 0x6a, 0x00, 0x00, 0x02, 0x6b, 0x00, 0x00, 0x02, 0x6c,
  0x00, 0x00, 0x02, 0x6d, 0x00, 0x00, 0x02, 0x6e, 0x00, 0x00, 0x02, 0x6f,
  0x00, 0x00, 0x02, 0x70, 0x00, 0x00, 0x02, 0x71, 0x00, 0x00, 0x02, 0x72,
  0x00, 0x00, 0x02, 0x73, 0x00, 0x00, 0x02, 0x74, 0x00, 0x00, 0x02, 0x75,
  0x00, 0x00, 0x02, 0x76, 0x00, 0x00, 0x02, 0x77, 0x00, 0x00, 0x02, 0x78,
  0x00, 0x00, 0x02, 0x79, 0x00, 0x00, 0x02, 0x7a, 0x00, 0x00, 0x02, 0x7b,
  0x00, 0x00, 0x02, 0x7c, 0x00, 0x00, 0x02, 0x7d, 0x00, 0x00, 0x02, 0x7e,
  0x00, 0x00, 0x02, 0x7f, 0x00, 0x00, 0x02, 0x80, 0x00, 0x00, 0x02, 0x81,
  0x00, 0x00, 0x02, 0x82, 0x00, 0x00, 0x02, 0x83, 0x00, 0x00, 0x02, 0x84,
  0x00, 0x00, 0x02, 0x85, 0x00, 0x00, 0x02, 0x86, 0x00, 0x00, 0x02, 0x87,
  0x00, 0x00, 0x02, 0x88, 0x00, 0x00, 0x02, 0x89, 0x00, 0x00, 0x02, 0x8a,
  0x00, 0x00, 0x02, 0x8b, 0x00, 0x00, 0x02, 0x8c, 0x00, 0x00, 0x02, 0x8d,
  0x00, 0x00, 0x02, 0x8e, 0x00, 0x00, 0x02, 0x8f, 0x00, 0x00, 0x02, 0x90,
  0x00, 0x00, 0x02, 0x91, 0x00, 0x00, 0x02, 0x92, 0x00, 0x00, 0x02, 0x93,
  0x00, 0x00, 0x02, 0x94, 0x00, 0x00, 0x02, 0x95, 0x00, 0x00, 0x02, 0x96,
  0x00, 0x00, 0x02, 0x97, 0x00, 0x00, 0x02, 0x98, 0x00, 0x00, 0x02, 0x99,
  0x00, 0x00, 0x02, 0x9a, 0x00, 0x00, 0x02, 0x9b, 0x00, 0x00, 0x02, 0x9c,
  0x00, 0x00, 0x02, 0x9d, 0x00, 0x00, 0x02, 0x9e, 0x00, 0x00, 0x02, 0x9f,
  0x00, 0x00, 0x02, 0xa0, 0x00, 0x00, 0x02, 0xa1, 0x00, 0x00, 0x02, 0xa2,
  0x00, 0x00, 0x02, 0xa3, 0x00, 0x00, 0x02, 0xa4, 0x00, 0x00, 0x02, 0xa5,
  0x00, 0x00, 0x02, 0xa6, 0x00, 0x00, 0x02, 0xa7, 0x00, 0x00, 0x02, 0xa8,
  0x00, 0x00, 0x02, 0xa9, 0x00, 0x00, 0x02, 0xaa, 0x00, 0x00, 0x02, 0xab,
  0x00, 0x00, 0x02, 0xac, 0x00, 0x00, 0x02, 0xad, 0x00, 0x00, 0x02, 0xae,
  0x00, 0x00, 0x02, 0xaf, 0x00, 0x00, 0x02, 0xb0, 0x00, 0x00, 0x02, 0xb1,
  0x00, 0x00, 0x02, 0xb2, 0x00, 0x00, 0x02, 0xb3, 0x00, 0x00, 0x02, 0xb4,
  0x00, 0x00, 0x02, 0xb5, 0x00, 0x00, 0x02, 0xb6, 0x00, 0x00, 0x02, 0xb7,
  0x00, 0x00, 0x02, 0xb8, 0x00, 0x00, 0x02, 0xb9, 0x00, 0x00, 0x02, 0xba,
  0x00, 0x00, 0x02, 0xbb, 0x00, 0x00, 0x02, 0xbc, 0x00, 0x00, 0x02, 0xbd,
  0x00, 0x00, 0x02, 0xbe, 0x00, 0x00, 0x02, 0xbf, 0x00, 0x00, 0x02, 0xc0,
  0x00, 0x00, 0x02, 0xc1, 0x00, 0x00, 0x02, 0xc2, 0x00, 0x00, 0x02, 0xc3,
  0x00, 0x00, 0x02, 0xc4, 0x00, 0x00, 0x02, 0xc5, 0x00, 0x00, 0x02, 0xc6,
  0x00, 0x00, 0x02, 0xc7, 0x00, 0x00, 0x02, 0xc8, 0x00, 0x00, 0x02, 0xc9,
  0x00, 0x00, 0x02, 0xca, 0x00, 0x00, 0x02, 0xcb, 0x00, 0x00, 0x02, 0xcc,
  0x00, 0x00, 0x02, 0xcd, 0x00, 0x00, 0x02, 0xce, 0x00, 0x00, 0x02, 0xcf,
  0x00, 0x00, 0x02, 0xd0, 0x00, 0x00, 0x02, 0xd1, 0x00, 0x00, 0x02, 0xd2,
  0x00, 0x00, 0x02, 0xd3, 0x00, 0x00, 0x02, 0xd4, 0x00, 0x00, 0x02, 0xd5,
  0x00, 0x00, 0x02, 0xd6, 0x00, 0x00, 0x02, 0xd7, 0x00, 0x00, 0x02, 0xd8,
  0x00, 0x00, 0x02, 0xd9, 0x00, 0x00, 0x02, 0xda, 0x00, 0x00, 0x02, 0xdb,
  0x00, 0x00, 0x02, 0xdc, 0x00, 0x00, 0x02, 0xdd, 0x00, 0x00, 0x02, 0xde,
  0x00, 0x00, 0x02, 0xdf, 0x00, 0x00, 0x02, 0xe0, 0x00, 0x00, 0x02, 0xe1,
  0x00, 0x00, 0x02, 0xe2, 0x00, 0x00, 0x02, 0xe3, 0x00, 0x00, 0x02, 0xe4,
  0x00, 0x00, 0x02, 0xe5, 0x00, 0x00, 0x02, 0xe6, 0x00, 0x00, 0x02, 0xe7,
  0x00, 0x00, 0x02, 0xe8, 0x00, 0x00, 0x02, 0xe9, 0x00, 0x00, 0x02, 0xea,
  0x00, 0x00, 0x02, 0xeb, 0x00, 0x00, 0x02, 0xec, 0x00, 0x00, 0x02, 0xed,
  0x00, 0x00, 0x02, 0xee, 0x00, 0x00, 0x02, 0xef, 0x00, 0x00, 0x02, 0xf0,
  0x00, 0x00, 0x02, 0xf1, 0x00, 0x00, 0x02, 0xf2, 0x00, 0x00, 0x02, 0xf3,
  0x00, 0x00, 0x02, 0xf4, 0x00, 0x00, 0x02, 0xf5, 0x00, 0x00, 0x02, 0xf6,
  0x00, 0x00, 0x02, 0xf7, 0x00, 0x00, 0x02, 0xf8, 0x00, 0x00, 0x02, 0xf9,
  0x00, 0x00, 0x02, 0xfa, 0x00, 0x00, 0x02, 0xfb, 0x00, 0x00, 0x02, 0xfc,
  0x00, 0x00, 0x02, 0xfd, 0x00, 0x00, 0x02, 0xfe, 0x00, 0x00, 0x02, 0xff,
  0x00, 0x00, 0x03, 0x00, 0x00, 0x00, 0x03, 0x01, 0x00, 0x00, 0x03, 0x02,
  0x00, 0x00, 0x03, 0x03, 0x00, 0x00, 0x03, 0x04, 0x00, 0x00, 0x03, 0x05,
  0x00, 0x00, 0x03, 0x06, 0x00, 0x00, 0x03, 0x07, 0x00, 0x00, 0x03, 0x08,
  0x00, 0x00, 0x03, 0x09, 0x00, 0x00, 0x03, 0x0a, 0x00, 0x00, 0x03, 0x0b,
  0x00, 0x00, 0x03, 0x0c, 0x00, 0x00, 0x03, 0x0d, 0x00, 0x00, 0x03, 0x0e,
  0x00, 0x00, 0x03, 0x0f, 0x00, 0x00, 0x03, 0x10, 0x00, 0x00, 0x03, 0x11,
  0x00, 0x00, 0x03, 0x12, 0x00, 0x00, 0x03, 0x13, 0x00, 0x00, 0x03, 0x14,
  0x00, 0x00, 0x03, 0x15, 0x00, 0x00, 0x03, 0x16, 0x00, 0x00, 0x03, 0x17,
  0x00, 0x00, 0x03, 0x18, 0x00, 0x00, 0x03, 0x19, 0x00, 0x00, 0x03, 0x1a,
  0x00, 0x00, 0x03, 0x1b, 0x00, 0x00, 0x03, 0x1c, 0x00, 0x00, 0x03, 0x1d,
  0x00, 0x00, 0x03, 0x1e, 0x00, 0x00, 0x03, 0x1f, 0x00, 0x00, 0x03, 0x20,
  0x00, 0x00, 0x03, 0x21, 0x00, 0x00, 0x03, 0x22, 0x00, 0x00, 0x03, 0x23,
  0x00, 0x00, 0x03, 0x24, 0x00, 0x00, 0x03, 0x25, 0x00, 0x00, 0x03, 0x26,
  0x00, 0x00, 0x03, 0x27, 0x00, 0x00, 0x03, 0x28, 0x00, 0x00, 0x03, 0x29,
  0x00, 0x00, 0x03, 0x2a, 0x00, 0x00, 0x03, 0x2b, 0x00, 0x00, 0x03, 0x2c,
  0x00, 0x00, 0x03, 0x2d, 0x00, 0x00, 0x03, 0x2e, 0x00, 0x00, 0x03, 0x2f,
  0x00, 0x00, 0x03, 0x30, 0x00, 0x00, 0x03, 0x31, 0x00, 0x00, 0x03, 0x32,
  0x00, 0x00, 0x03, 0x33, 0x00, 0x00, 0x03, 0x34, 0x00, 0x00, 0x03, 0x35,
  0x00, 0x00, 0x03, 0x36, 0x00, 0x00, 0x03, 0x37, 0x00, 0x00, 0x03, 0x38,
  0x00, 0x00, 0x03, 0x39, 0x00, 0x00, 0x03, 0x3a, 0x00, 0x00, 0x03, 0x3b,
  0x00, 0x00, 0x03, 0x3c, 0x00, 0x00, 0x03, 0x3d, 0x00, 0x00, 0x03, 0x3e,
  0x00, 0x00, 0x03, 0x3f, 0x00, 0x00, 0x03, 0x40, 0x00, 0x00, 0x03, 0x41,
  0x00, 0x00, 0x03, 0x42, 0x00, 0x00, 0x03, 0x43, 0x00, 0x00, 0x03, 0x44,
  0x00, 0x00, 0x03, 0x45, 0x00, 0x00, 0x03, 0x46, 0x00, 0x00, 0x03, 0x47,
  0x00, 0x00, 0x03, 0x48, 0x00, 0x00, 0x03, 0x49, 0x00, 0x00, 0x03, 0x4a,
  0x00, 0x00, 0x03, 0x4b, 0x00, 0x00, 0x03, 0x4c, 0x00, 0x00, 0x03, 0x4d,
  0x00, 0x00, 0x03, 0x4e, 0x00, 0x00, 0x03, 0x4f, 0x00, 0x00, 0x03, 0x50,
  0x00, 0x00, 0x03, 0x51, 0x00, 0x00, 0x03, 0x52, 0x00, 0x00, 0x03, 0x53,
  0x00, 0x00, 0x03, 0x54, 0x00, 0x00, 0x03, 0x55, 0x00, 0x00, 0x03, 0x56,
  0x00, 0x00, 0x03, 0x57, 0x00, 0x00, 0x03, 0x58, 0x00, 0x00, 0x03, 0x59,
  0x00, 0x00, 0x03, 0x5a, 0x00, 0x00, 0x03, 0x5b, 0x00, 0x00, 0x03, 0x5c,
  0x00, 0x00, 0x03, 0x5d, 0x00, 0x00, 0x03, 0x5e, 0x00, 0x00, 0x03, 0x5f,
  0x00, 0x00, 0x03, 0x60, 0x00, 0x00, 0x03, 0x61, 0x00, 0x00, 0x03, 0x62,
  0x00, 0x00, 0x03, 0x63, 0x00, 0x00, 0x03, 0x64, 0x00, 0x00, 0x03, 0x65,
  0x00, 0x00, 0x03, 0x66, 0x00, 0x00, 0x03, 0x67, 0x00, 0x00, 0x03, 0x68,
  0x00, 0x00, 0x03, 0x69, 0x00, 0x00, 0x03, 0x6a, 0x00, 0x00, 0x03, 0x6b,
  0x00, 0x00, 0x03, 0x6c, 0x00, 0x00, 0x03, 0x6d, 0x00, 0x00, 0x03, 0x6e,
  0x00, 0x00, 0x03, 0x6f, 0x00, 0x00, 0x03, 0x70, 0x00, 0x00, 0x03, 0x71,
  0x00, 0x00, 0x03, 0x72, 0x00, 0x00, 0x03, 0x73, 0x00, 0x00, 0x03, 0x74,
  0x00, 0x00, 0x03, 0x75, 0x00, 0x00, 0x03, 0x76, 0x00, 0x00, 0x03, 0x77,
  0x00, 0x00, 0x03, 0x78, 0x00, 0x00, 0x03, 0x79, 0x00, 0x00, 0x03, 0x7a,
  0x00, 0x00, 0x03, 0x7b, 0x00, 0x00, 0x03, 0x7c, 0x00, 0x00, 0x03, 0x7d,
  0x00, 0x00, 0x03, 0x7e, 0x00, 0x00, 0x03, 0x7f, 0x00, 0x00, 0x03, 0x80,
  0x00, 0x00, 0x03, 0x81, 0x00, 0x00, 0x03, 0x82, 0x00, 0x00, 0x03, 0x83,
  0x00, 0x00, 0x03, 0x84, 0x00, 0x00, 0x03, 0x85, 0x00, 0x00, 0x03, 0x86,
  0x00, 0x00, 0x03, 0x87, 0x00, 0x00, 0x03, 0x88, 0x00, 0x00, 0x03, 0x89,
  0x00, 0x00, 0x03, 0x8a, 0x00, 0x00, 0x03, 0x8b, 0x00, 0x00, 0x03, 0x8c,
  0x00, 0x00, 0x03, 0x8d, 0x00, 0x00, 0x03, 0x8e, 0x00, 0x00, 0x03, 0x8f,
  0x00, 0x00, 0x03, 0x90, 0x00, 0x00, 0x03, 0x91, 0x00, 0x00, 0x03, 0x92,
  0x00, 0x00, 0x03, 0x93, 0x00, 0x00, 0x03, 0x94, 0x00, 0x00, 0x03, 0x95,
  0x00, 0x00, 0x03, 0x96, 0x00, 0x00, 0x03, 0x97, 0x00, 0x00, 0x03, 0x98,
  0x00, 0x00, 0x03, 0x99, 0x00, 0x00, 0x03, 0x9a, 0x00, 0x00, 0x03, 0x9b,
  0x00, 0x00, 0x03, 0x9c, 0x00, 0x00, 0x03, 0x9d, 0x00, 0x00, 0x03, 0x9e,
  0x00, 0x00, 0x03, 0x9f, 0x00, 0x00, 0x03, 0xa0, 0x00, 0x00, 0x03, 0xa1,
  0x00, 0x00, 0x03, 0xa2, 0x00, 0x00, 0x03, 0xa3, 0x00, 0x00, 0x03, 0xa4,
  0x00, 0x00, 0x03, 0xa5, 0x00, 0x00, 0x03, 0xa6, 0x00, 0x00, 0x03, 0xa7,
  0x00, 0x00, 0x03, 0xa8, 0x00, 0x00, 0x03, 0xa9, 0x00, 0x00, 0x03, 0xaa,
  0x00, 0x00, 0x03, 0xab, 0x00, 0x00, 0x03, 0xac, 0x00, 0x00, 0x03, 0xad,
  0x00, 0x00, 0x03, 0xae, 0x00, 0x00, 0x03, 0xaf, 0x00, 0x00, 0x03, 0xb0,
  0x00, 0x00, 0x03, 0xb1, 0x00, 0x00, 0x03, 0xb2, 0x00, 0x00, 0x03, 0xb3,
  0x00, 0x00, 0x03, 0xb4, 0x00, 0x00, 0x03, 0xb5, 0x00, 0x00, 0x03, 0xb6,
  0x00, 0x00, 0x03, 0xb7, 0x00, 0x00, 0x03, 0xb8, 0x00, 0x00, 0x03, 0xb9,
  0x00, 0x00, 0x03, 0xba, 0x00, 0x00, 0x03, 0xbb, 0x00, 0x00, 0x03, 0xbc,
  0x00, 0x00, 0x03, 0xbd, 0x00, 0x00, 0x03, 0xbe, 0x00, 0x00, 0x03, 0xbf,
  0x00, 0x00, 0x03, 0xc0, 0x00, 0x00, 0x03, 0xc1, 0x00, 0x00, 0x03, 0xc2,
  0x00, 0x00, 0x03, 0xc3, 0x00, 0x00, 0x03, 0xc4, 0x00, 0x00, 0x03, 0xc5,
  0x00, 0x00, 0x03, 0xc6, 0x00, 0x00, 0x03, 0xc7, 0x00, 0x00, 0x03, 0xc8,
  0x00, 0x00, 0x03, 0xc9, 0x00, 0x00, 0x03, 0xca, 0x00, 0x00, 0x03, 0xcb,
  0x00, 0x00, 0x03, 0xcc, 0x00, 0x00, 0x03, 0xcd, 0x00, 0x00, 0x03, 0xce,
  0x00, 0x00, 0x03, 0xcf, 0x00, 0x00, 0x03, 0xd0, 0x00, 0x00, 0x03, 0xd1,
  0x00, 0x00, 0x03, 0xd2, 0x00, 0x00, 0x03, 0xd3, 0x00, 0x00, 0x03, 0xd4,
  0x00, 0x00, 0x03, 0xd5, 0x00, 0x00, 0x03, 0xd6, 0x00, 0x00, 0x03, 0xd7,
  0x00, 0x00, 0x03, 0xd8, 0x00, 0x00, 0x03, 0xd9, 0x00, 0x00, 0x03, 0xda,
  0x00, 0x00, 0x03, 0xdb, 0x00, 0x00, 0x03, 0xdc, 0x00, 0x00, 0x03, 0xdd,
  0x00, 0x00, 0x03, 0xde, 0x00, 0x00, 0x03, 0xdf, 0x00, 0x00, 0x03, 0xe0,
  0x00, 0x00, 0x03, 0xe1, 0x00, 0x00, 0x03, 0xe2, 0x00, 0x00, 0x03, 0xe3,
  0x00, 0x00, 0x03, 0xe4, 0x00, 0x00, 0x03, 0xe5, 0x00, 0x00, 0x03, 0xe6,
  0x00, 0x00, 0x03, 0xe7, 0x00, 0x00, 0x03, 0xe8, 0x00, 0x00, 0x03, 0xe9,
  0x00, 0x00, 0x03, 0xea, 0x00, 0x00, 0x03, 0xeb, 0x00, 0x00, 0x03, 0xec,
  0x00, 0x00, 0x03, 0xed, 0x00, 0x00, 0x03, 0xee, 0x00, 0x00, 0x03, 0xef,
  0x00, 0x00, 0x03, 0xf0, 0x00, 0x00, 0x03, 0xf1, 0x00, 0x00, 0x03, 0xf2,
  0x00, 0x00, 0x03, 0xf3, 0x00, 0x00, 0x03, 0xf4, 0x00, 0x00, 0x03, 0xf5,
  0x00, 0x00, 0x03, 0xf6, 0x00, 0x00, 0x03, 0xf7, 0x00, 0x00, 0x03, 0xf8,
  0x00, 0x00, 0x03, 0xf9, 0x00, 0x00, 0x03, 0xfa, 0x00, 0x00, 0x03, 0xfb,
  0x00, 0x00, 0x03, 0xfc, 0x00, 0x00, 0x03, 0xfd, 0x00, 0x00, 0x03, 0xfe,
  0x00, 0x00, 0x03, 0xff, 0x00, 0x00, 0x04, 0x00, 0x00, 0x00, 0x04, 0x01,
  0x00, 0x00, 0x04, 0x02, 0x00, 0x00, 0x04, 0x03, 0x00, 0x00, 0x04, 0x04,
  0x00, 0x00, 0x04, 0x05, 0x00, 0x00, 0x04, 0x06, 0x00, 0x00, 0x04, 0x07,
  0x00, 0x00, 0x04, 0x08, 0x00, 0x00, 0x04, 0x09, 0x00, 0x00, 0x04, 0x0a,
  0x00, 0x00, 0x04, 0x0b, 0x00, 0x00, 0x04, 0x0c, 0x00, 0x00, 0x04, 0x0d,
  0x00, 0x00, 0x04, 0x0e, 0x00, 0x00, 0x04, 0x0f, 0x00, 0x00, 0x04, 0x10,
  0x00, 0x00, 0x04, 0x11, 0x00, 0x00, 0x04, 0x12, 0x00, 0x00, 0x04, 0x13,
  0x00, 0x00, 0x04, 0x14, 0x00, 0x00, 0x04, 0x15, 0x00, 0x00, 0x04, 0x16,
  0x00, 0x00, 0x04, 0x17, 0x00, 0x00, 0x04, 0x18, 0x00, 0x00, 0x04, 0x19,
  0x00, 0x00, 0x04, 0x1a, 0x00, 0x00, 0x04, 0x1b, 0x00, 0x00, 0x04, 0x1c,
  0x00, 0x00, 0x04, 0x1d, 0x00, 0x00, 0x04, 0x1e, 0x00, 0x00, 0x04, 0x1f,
  0x00, 0x00, 0x04, 0x20, 0x00, 0x00, 0x04, 0x21, 0x00, 0x00, 0x04, 0x22,
  0x00, 0x00, 0x04, 0x23, 0x00, 0x00, 0x04, 0x24, 0x00, 0x00, 0x04, 0x25,
  0x00, 0x00, 0x04, 0x26, 0x00, 0x00, 0x04, 0x27, 0x00, 0x00, 0x04, 0x28,
  0x00, 0x00, 0x04, 0x29, 0x00, 0x00, 0x04, 0x2a, 0x00, 0x00, 0x04, 0x2b,
  0x00, 0x00, 0x04, 0x2c, 0x00, 0x00, 0x04, 0x2d, 0x00, 0x00, 0x04, 0x2e,
  0x00, 0x00, 0x04, 0x2f, 0x00, 0x00, 0x04, 0x30, 0x00, 0x00, 0x04, 0x31,
  0x00, 0x00, 0x04, 0x32, 0x00, 0x00, 0x04, 0x33, 0x00, 0x00, 0x04, 0x34,
  0x00, 0x00, 0x04, 0x35, 0x00, 0x00, 0x04, 0x36, 0x00, 0x00, 0x04, 0x37,
  0x00, 0x00, 0x04, 0x38, 0x00, 0x00, 0x04, 0x39, 0x00, 0x00, 0x04, 0x3a,
  0x00, 0x00, 0x04, 0x3b, 0x00, 0x00, 0x04, 0x3c, 0x00, 0x00, 0x04, 0x3d,
  0x00, 0x00, 0x04, 0x3e, 0x00, 0x00, 0x04, 0x3f, 0x00, 0x00, 0x04, 0x40,
  0x00, 0x00, 0x04, 0x41, 0x00, 0x00, 0x04, 0x42, 0x00, 0x00, 0x04, 0x43,
  0x00, 0x00, 0x04, 0x44, 0x00, 0x00, 0x04, 0x45, 0x00, 0x00, 0x04, 0x46,
  0x00, 0x00, 0x04, 0x47, 0x00, 0x00, 0x04, 0x48, 0x00, 0x00, 0x04, 0x49,
  0x00, 0x00, 0x04, 0x4a, 0x00, 0x00, 0x04, 0x4b, 0x00, 0x00, 0x04, 0x4c,
  0x00, 0x00, 0x04, 0x4d, 0x00, 0x00, 0x04, 0x4e, 0x00, 0x00, 0x04, 0x4f,
  0x00, 0x00, 0x04, 0x50, 0x00, 0x00, 0x04, 0x51, 0x00, 0x00, 0x04, 0x52,
  0x00, 0x00, 0x04, 0x53, 0x00, 0x00, 0x04, 0x54, 0x00, 0x00, 0x04, 0x55,
  0x00, 0x00, 0x04, 0x56, 0x00, 0x00, 0x04, 0x57, 0x00, 0x00, 0x04, 0x58,
  0x00, 0x00, 0x04, 0x59, 0x00, 0x00, 0x04, 0x5a, 0x00, 0x00, 0x04, 0x5b,
  0x00, 0x00, 0x04, 0x5c, 0x00, 0x00, 0x04, 0x5d, 0x00, 0x00, 0x04, 0x5e,
  0x00, 0x00, 0x04, 0x5f, 0x00, 0x00, 0x04, 0x60, 0x00, 0x00, 0x04, 0x61,
  0x00, 0x00, 0x04, 0x62, 0x00, 0x00, 0x04, 0x63, 0x00, 0x00, 0x04, 0x64,
  0x00, 0x00, 0x04, 0x65, 0x00, 0x00, 0x04, 0x66, 0x00, 0x00, 0x04, 0x67,
  0x00, 0x00, 0x04, 0x68, 0x00, 0x00, 0x04, 0x69, 0x00, 0x00, 0x04, 0x6a,
  0x00, 0x00, 0x04, 0x6b, 0x00, 0x00, 0x04, 0x6c, 0x00, 0x00, 0x04, 0x6d,
  0x00, 0x00, 0x04, 0x6e, 0x00, 0x00, 0x04, 0x6f, 0x00, 0x00, 0x04, 0x70,
  0x00, 0x00, 0x04, 0x71, 0x00, 0x00, 0x04, 0x72, 0x00, 0x00, 0x04, 0x73,
  0x00, 0x00, 0x04, 0x74, 0x00, 0x00, 0x04, 0x75, 0x00, 0x00, 0x04, 0x76,
  0x00, 0x00, 0x04, 0x77, 0x00, 0x00, 0x04, 0x78, 0x00, 0x00, 0x04, 0x79,
  0x00, 0x00, 0x04, 0x7a, 0x00, 0x00, 0x04, 0x7b, 0x00, 0x00, 0x04, 0x7c,
  0x00, 0x00, 0x04, 0x7d, 0x00, 0x00, 0x04, 0x7e, 0x00, 0x00, 0x04, 0x7f,
  0x00, 0x00, 0x04, 0x80, 0x00, 0x00, 0x04, 0x81, 0x00, 0x00, 0x04, 0x82,
  0x00, 0x00, 0x04, 0x83, 0x00, 0x00, 0x04, 0x84, 0x00, 0x00, 0x04, 0x85,
  0x00, 0x00, 0x04, 0x86, 0x00, 0x00, 0x04, 0x87, 0x00, 0x00, 0x04, 0x88,
  0x00, 0x00, 0x04, 0x89, 0x00, 0x00, 0x04, 0x8a, 0x00, 0x00, 0x04, 0x8b,
  0x00, 0x00, 0x04, 0x8c, 0x00, 0x00, 0x04, 0x8d, 0x00, 0x00, 0x04, 0x8e,
  0x00, 0x00, 0x04, 0x8f, 0x00, 0x00, 0x04, 0x90, 0x00, 0x00, 0x04, 0x91,
  0x00, 0x00, 0x04, 0x92, 0x00, 0x00, 0x04, 0x93, 0x00, 0x00, 0x04, 0x94,
  0x00, 0x00, 0x04, 0x95, 0x00, 0x00, 0x04, 0x96, 0x00, 0x00, 0x04, 0x97,
  0x00, 0x00, 0x04, 0x98, 0x00, 0x00, 0x04, 0x99, 0x00, 0x00, 0x04, 0x9a,
  0x00, 0x00, 0x04, 0x9b, 0x00, 0x00, 0x04, 0x9c, 0x00, 0x00, 0x04, 0x9d,
  0x00, 0x00, 0x04, 0x9e, 0x00, 0x00, 0x04, 0x9f, 0x00, 0x00, 0x04, 0xa0,
  0x00, 0x00, 0x04, 0xa1, 0x00, 0x00, 0x04, 0xa2, 0x00, 0x00, 0x04, 0xa3,
  0x00, 0x00, 0x04, 0xa4, 0x00, 0x00, 0x04, 0xa5, 0x00, 0x00, 0x04, 0xa6,
  0x00, 0x00, 0x04, 0xa7, 0x00, 0x00, 0x04, 0xa8, 0x00, 0x00, 0x04, 0xa9,
  0x00, 0x00, 0x04, 0xaa, 0x00, 0x00, 0x04, 0xab, 0x00, 0x00, 0x04, 0xac,
  0x00, 0x00, 0x04, 0xad, 0x00, 0x00, 0x04, 0xae, 0x00, 0x00, 0x04, 0xaf,
  0x00, 0x00, 0x04, 0xb0, 0x00, 0x00, 0x04, 0xb1, 0x00, 0x00, 0x04, 0xb2,
  0x00, 0x00, 0x04, 0xb3, 0x00, 0x00, 0x04, 0xb4, 0x00, 0x00, 0x04, 0xb5,
  0x00, 0x00, 0x04, 0xb6, 0x00, 0x00, 0x04, 0xb7, 0x00, 0x00, 0x04, 0xb8,
  0x00, 0x00, 0x04, 0xb9, 0x00, 0x00, 0x04, 0xba, 0x00, 0x00, 0x04, 0xbb,
  0x00, 0x00, 0x04, 0xbc, 0x00, 0x00, 0x04, 0xbd, 0x00, 0x00, 0x04, 0xbe,
  0x00, 0x00, 0x04, 0xbf, 0x00, 0x00, 0x04, 0xc0, 0x00, 0x00, 0x04, 0xc1,
  0x00, 0x00, 0x04, 0xc2, 0x00, 0x00, 0x04, 0xc3, 0x00, 0x00, 0x04, 0xc4,
  0x00, 0x00, 0x04, 0xc5, 0x00, 0x00, 0x04, 0xc6, 0x00, 0x00, 0x04, 0xc7,
  0x00, 0x00, 0x04, 0xc8, 0x00, 0x00, 0x04, 0xc9, 0x00, 0x00, 0x04, 0xca,
  0x00, 0x00, 0x04, 0xcb, 0x00, 0x00, 0x04, 0xcc, 0x00, 0x00, 0x04, 0xcd,
  0x00, 0x00, 0x04, 0xce, 0x00, 0x00, 0x04, 0xcf, 0x00, 0x00, 0x04, 0xd0,
  0x00, 0x00, 0x04, 0xd1, 0x00, 0x00, 0x04, 0xd2, 0x00, 0x00, 0x04, 0xd3,
  0x00, 0x00, 0x04, 0xd4, 0x00, 0x00, 0x04, 0xd5, 0x00, 0x00, 0x04, 0xd6,
  0x00, 0x00, 0x04, 0xd7, 0x00, 0x00, 0x04, 0xd8, 0x00, 0x00, 0x04, 0xd9,
  0x00, 0x00, 0x04, 0xda, 0x00, 0x00, 0x04, 0xdb, 0x00, 0x00, 0x04, 0xdc,
  0x00, 0x00, 0x04, 0xdd, 0x00, 0x00, 0x04, 0xde, 0x00, 0x00, 0x04, 0xdf,
  0x00, 0x00, 0x04, 0xe0, 0x00, 0x00, 0x04, 0xe1, 0x00, 0x00, 0x04, 0xe2,
  0x00, 0x00, 0x04, 0xe3, 0x00, 0x00, 0x04, 0xe4, 0x00, 0x00, 0x04, 0xe5,
  0x00, 0x00, 0x04, 0xe6, 0x00, 0x00, 0x04, 0xe7, 0x00, 0x00, 0x04, 0xe8,
  0x00, 0x00, 0x04, 0xe9, 0x00, 0x00, 0x04, 0xea, 0x00, 0x00, 0x04, 0xeb,
  0x00, 0x00, 0x04, 0xec, 0x00, 0x00, 0x04, 0xed, 0x00, 0x00, 0x04, 0xee,
  0x00, 0x00, 0x04, 0xef, 0x00, 0x00, 0x04, 0xf0, 0x00, 0x00, 0x04, 0xf1,
  0x00, 0x00, 0x04, 0xf2, 0x00, 0x00, 0x04, 0xf3, 0x00, 0x00, 0x04, 0xf4,
  0x00, 0x00, 0x04, 0xf5, 0x00, 0x00, 0x04, 0xf6, 0x00, 0x00, 0x04, 0xf7,
  0x00, 0x00, 0x04, 0xf8, 0x00, 0x00, 0x04, 0xf9, 0x00, 0x00, 0x04, 0xfa,
  0x00, 0x00, 0x04, 0xfb, 0x00, 0x00, 0x04, 0xfc, 0x00, 0x00, 0x04, 0xfd,
  0x00, 0x00, 0x04, 0xfe, 0x00, 0x00, 0x04, 0xff, 0x00, 0x00, 0x05, 0x00,
  0x00, 0x00, 0x05, 0x01, 0x00, 0x00, 0x05, 0x02, 0x00, 0x00, 0x05, 0x03,
  0x00, 0x00, 0x05, 0x04, 0x00, 0x00, 0x05, 0x05, 0x00, 0x00, 0x05, 0x06,
  0x00, 0x00, 0x05, 0x07, 0x00, 0x00, 0x05, 0x08, 0x00, 0x00, 0x05, 0x09,
  0x00, 0x00, 0x05, 0x0a, 0x00, 0x00, 0x05, 0x0b, 0x00, 0x00, 0x05, 0x0c,
  0x00, 0x00, 0x05, 0x0d, 0x00, 0x00, 0x05, 0x0e, 0x00, 0x00, 0x05, 0x0f,
  0x00, 0x00, 0x05, 0x10, 0x00, 0x00, 0x05, 0x11, 0x00, 0x00, 0x05, 0x12,
  0x00, 0x00, 0x05, 0x13, 0x00, 0x00, 0x05, 0x14, 0x00, 0x00, 0x05, 0x15,
  0x00, 0x00, 0x05, 0x16, 0x00, 0x00, 0x05, 0x17, 0x00, 0x00, 0x05, 0x18,
  0x00, 0x00, 0x05, 0x19, 0x00, 0x00, 0x05, 0x1a, 0x00, 0x00, 0x05, 0x1b,
  0x00, 0x00, 0x05, 0x1c, 0x00, 0x00, 0x05, 0x1d, 0x00, 0x00, 0x05, 0x1e,
  0x00, 0x00, 0x05, 0x1f, 0x00, 0x00, 0x05, 0x20, 0x00, 0x00, 0x05, 0x21,
  0x00, 0x00, 0x05, 0x22, 0x00, 0x00, 0x05, 0x23, 0x00, 0x00, 0x05, 0x24,
  0x00, 0x00, 0x05, 0x25, 0x00, 0x00, 0x05, 0x26, 0x00, 0x00, 0x05, 0x27,
  0x00, 0x00, 0x05, 0x28, 0x00, 0x00, 0x05, 0x29, 0x00, 0x00, 0x05, 0x2a,
  0x00, 0x00, 0x05, 0x2b, 0x00, 0x00, 0x05, 0x2c, 0x00, 0x00, 0x05, 0x2d,
  0x00, 0x00, 0x05, 0x2e, 0x00, 0x00, 0x05, 0x2f, 0x00, 0x00, 0x05, 0x30,
  0x00, 0x00, 0x05, 0x31, 0x00, 0x00, 0x05, 0x32, 0x00, 0x00, 0x05, 0x33,
  0x00, 0x00, 0x05, 0x34, 0x00, 0x00, 0x05, 0x35, 0x00, 0x00, 0x05, 0x36,
  0x00, 0x00, 0x05, 0x37, 0x00, 0x00, 0x05, 0x38, 0x00, 0x00, 0x05, 0x39,
  0x00, 0x00, 0x05, 0x3a, 0x00, 0x00, 0x05, 0x3b, 0x00, 0x00, 0x05, 0x3c,
  0x00, 0x00, 0x05, 0x3d, 0x00, 0x00, 0x05, 0x3e, 0x00, 0x00, 0x05, 0x3f,
  0x00, 0x00, 0x05, 0x40, 0x00, 0x00, 0x05, 0x41, 0x00, 0x00, 0x05, 0x42,
  0x00, 0x00, 0x05, 0x43, 0x00, 0x00, 0x05, 0x44, 0x00, 0x00, 0x05, 0x45,
  0x00, 0x00, 0x05, 0x46, 0x00, 0x00, 0x05, 0x47, 0x00, 0x00, 0x05, 0x48,
  0x00, 0x00, 0x05, 0x49, 0x00, 0x00, 0x05, 0x4a, 0x00, 0x00, 0x05, 0x4b,
  0x00, 0x00, 0x05, 0x4c, 0x00, 0x00, 0x05, 0x4d, 0x00, 0x00, 0x05, 0x4e,
  0x00, 0x00, 0x05, 0x4f, 0x00, 0x00, 0x05, 0x50, 0x00, 0x00, 0x05, 0x51,
  0x00, 0x00, 0x05, 0x52, 0x00, 0x00, 0x05, 0x53, 0x00, 0x00, 0x05, 0x54,
  0x00, 0x00, 0x05, 0x55, 0x00, 0x00, 0x05, 0x56, 0x00, 0x00, 0x05, 0x57,
  0x00, 0x00, 0x05, 0x58, 0x00, 0x00, 0x05, 0x59, 0x00, 0x00, 0x05, 0x5a,
  0x00, 0x00, 0x05, 0x5b, 0x00, 0x00, 0x05, 0x5c, 0x00, 0x00, 0x05, 0x5d,
  0x00, 0x00, 0x05, 0x5e, 0x00, 0x00, 0x05, 0x5f, 0x00, 0x00, 0x05, 0x60,
  0x00, 0x00, 0x05, 0x61, 0x00, 0x00, 0x05, 0x62, 0x00, 0x00, 0x05, 0x63,
  0x00, 0x00, 0x05, 0x64, 0x00, 0x00, 0x05, 0x65, 0x00, 0x00, 0x05, 0x66,
  0x00, 0x00, 0x05, 0x67, 0x00, 0x00, 0x05, 0x68, 0x00, 0x00, 0x05, 0x69,
  0x00, 0x00, 0x05, 0x6a, 0x00, 0x00, 0x05, 0x6b, 0x00, 0x00, 0x05, 0x6c,
  0x00, 0x00, 0x05, 0x6d, 0x00, 0x00, 0x05, 0x6e, 0x00, 0x00, 0x05, 0x6f,
  0x00, 0x00, 0x05, 0x70, 0x00, 0x00, 0x05, 0x71, 0x00, 0x00, 0x05, 0x72,
  0x00, 0x00, 0x05, 0x73, 0x00, 0x00, 0x05, 0x74, 0x00, 0x00, 0x05, 0x75,
  0x00, 0x00, 0x05, 0x76, 0x00, 0x00, 0x05, 0x77, 0x00, 0x00, 0x05, 0x78,
  0x00, 0x00, 0x05, 0x79, 0x00, 0x00, 0x05, 0x7a, 0x00, 0x00, 0x05, 0x7b,
  0x00, 0x00, 0x05, 0x7c, 0x00, 0x00, 0x05, 0x7d, 0x00, 0x00, 0x05, 0x7e,
  0x00, 0x00, 0x05, 0x7f, 0x00, 0x00, 0x05, 0x80, 0x00, 0x00, 0x05, 0x81,
  0x00, 0x00, 0x05, 0x82, 0x00, 0x00, 0x05, 0x83, 0x00, 0x00, 0x05, 0x84,
  0x00, 0x00, 0x05, 0x85, 0x00, 0x00, 0x05, 0x86, 0x00, 0x00, 0x05, 0x87,
  0x00, 0x00, 0x05, 0x88, 0x00, 0x00, 0x05, 0x89, 0x00, 0x00, 0x05, 0x8a,
  0x00, 0x00, 0x05, 0x8b, 0x00, 0x00, 0x05, 0x8c, 0x00, 0x00, 0x05, 0x8d,
  0x00, 0x00, 0x05, 0x8e, 0x00, 0x00, 0x05, 0x8f, 0x00, 0x00, 0x05, 0x90,
  0x00, 0x00, 0x05, 0x91, 0x00, 0x00, 0x05, 0x92, 0x00, 0x00, 0x05, 0x93,
  0x00, 0x00, 0x05, 0x94, 0x00, 0x00, 0x05, 0x95, 0x00, 0x00, 0x05, 0x96,
  0x00, 0x00, 0x05, 0x97, 0x00, 0x00, 0x05, 0x98, 0x00, 0x00, 0x05, 0x99,
  0x00, 0x00, 0x05, 0x9a, 0x00, 0x00, 0x05, 0x9b, 0x00, 0x00, 0x05, 0x9c,
  0x00, 0x00, 0x05, 0x9d, 0x00, 0x00, 0x05, 0x9e, 0x00, 0x00, 0x05, 0x9f,
  0x00, 0x00, 0x05, 0xa0, 0x00, 0x00, 0x05, 0xa1, 0x00, 0x00, 0x05, 0xa2,
  0x00, 0x00, 0x05, 0xa3, 0x00, 0x00, 0x05, 0xa4, 0x00, 0x00, 0x05, 0xa5,
  0x00, 0x00, 0x05, 0xa6, 0x00, 0x00, 0x05, 0xa7, 0x00, 0x00, 0x05, 0xa8,
  0x00, 0x00, 0x05, 0xa9, 0x00, 0x00, 0x05, 0xaa, 0x00, 0x00, 0x05, 0xab,
  0x00, 0x00, 0x05, 0xac, 0x00, 0x00, 0x05, 0xad, 0x00, 0x00, 0x05, 0xae,
  0x00, 0x00, 0x05, 0xaf, 0x00, 0x00, 0x05, 0xb0, 0x00, 0x00, 0x05, 0xb1,
  0x00, 0x00, 0x05, 0xb2, 0x00, 0x00, 0x05, 0xb3, 0x00, 0x00, 0x05, 0xb4,
  0x00, 0x00, 0x05, 0xb5, 0x00, 0x00, 0x05, 0xb6, 0x00, 0x00, 0x05, 0xb7,
  0x00, 0x00, 0x05, 0xb8, 0x00, 0x00, 0x05, 0xb9, 0x00, 0x00, 0x05, 0xba,
  0x00, 0x00, 0x05, 0xbb, 0x00, 0x00, 0x05, 0xbc, 0x00, 0x00, 0x05, 0xbd,
  0x00, 0x00, 0x05, 0xbe, 0x00, 0x00, 0x05, 0xbf, 0x00, 0x00, 0x05, 0xc0,
  0x00, 0x00, 0x05, 0xc1, 0x00, 0x00, 0x05, 0xc2, 0x00, 0x00, 0x05, 0xc3,
  0x00, 0x00, 0x05, 0xc4, 0x00, 0x00, 0x05, 0xc5, 0x00, 0x00, 0x05, 0xc6,
  0x00, 0x00, 0x05, 0xc7, 0x00, 0x00, 0x05, 0xc8, 0x00, 0x00, 0x05, 0xc9,
  0x00, 0x00, 0x05, 0xca, 0x00, 0x00, 0x05, 0xcb, 0x00, 0x00, 0x05, 0xcc,
  0x00, 0x00, 0x05, 0xcd, 0x00, 0x00, 0x05, 0xce, 0x00, 0x00, 0x05, 0xcf,
  0x00, 0x00, 0x05, 0xd0, 0x00, 0x00, 0x05, 0xd1, 0x00, 0x00, 0x05, 0xd2,
  0x00, 0x00, 0x05, 0xd3, 0x00, 0x00, 0x05, 0xd4, 0x00, 0x00, 0x05, 0xd5,
  0x00, 0x00, 0x05, 0xd6, 0x00, 0x00, 0x05, 0xd7, 0x00, 0x00, 0x05, 0xd8,
  0x00, 0x00, 0x05, 0xd9, 0x00, 0x00, 0x05, 0xda, 0x00, 0x00, 0x05, 0xdb,
  0x00, 0x00, 0x05, 0xdc, 0x00, 0x00, 0x05, 0xdd, 0x00, 0x00, 0x05, 0xde,
  0x00, 0x00, 0x05, 0xdf, 0x00, 0x00, 0x05, 0xe0, 0x00, 0x00, 0x05, 0xe1,
  0x00, 0x00, 0x05, 0xe2, 0x00, 0x00, 0x05, 0xe3, 0x00, 0x00, 0x05, 0xe4,
  0x00, 0x00, 0x05, 0xe5, 0x00, 0x00, 0x05, 0xe6, 0x00, 0x00, 0x05, 0xe7,
  0x00, 0x00, 0x05, 0xe8, 0x00, 0x00, 0x05, 0xe9, 0x00, 0x00, 0x05, 0xea,
  0x00, 0x00, 0x05, 0xeb, 0x00, 0x00, 0x05, 0xec, 0x00, 0x00, 0x05, 0xed,
  0x00, 0x00, 0x05, 0xee, 0x00, 0x00, 0x05, 0xef, 0x00, 0x00, 0x05, 0xf0,
  0x00, 0x00, 0x05, 0xf1, 0x00, 0x00, 0x05, 0xf2, 0x00, 0x00, 0x05, 0xf3,
  0x00, 0x00, 0x05, 0xf4, 0x00, 0x00, 0x05, 0xf5, 0x00, 0x00, 0x05, 0xf6,
  0x00, 0x00, 0x05, 0xf7, 0x00, 0x00, 0x05, 0xf8, 0x00, 0x00, 0x05, 0xf9,
  0x00, 0x00, 0x05, 0xfa, 0x00, 0x00, 0x05, 0xfb, 0x00, 0x00, 0x05, 0xfc,
  0x00, 0x00, 0x05, 0xfd, 0x00, 0x00, 0x05, 0xfe, 0x00, 0x00, 0x05, 0xff,
  0x00, 0x00, 0x06, 0x00, 0x00, 0x00, 0x06, 0x01, 0x00, 0x00, 0x06, 0x02,
  0x00, 0x00, 0x06, 0x03, 0x00, 0x00, 0x06, 0x04, 0x00, 0x00, 0x06, 0x05,
  0x00, 0x00, 0x06, 0x06, 0x00, 0x00, 0x06, 0x07, 0x00, 0x00, 0x06, 0x08,
  0x00, 0x00, 0x06, 0x09, 0x00, 0x00, 0x06, 0x0a, 0x00, 0x00, 0x06, 0x0b,
  0x00, 0x00, 0x06, 0x0c, 0x00, 0x00, 0x06, 0x0d, 0x00, 0x00, 0x06, 0x0e,
  0x00, 0x00, 0x06, 0x0f, 0x00, 0x00, 0x06, 0x10, 0x00, 0x00, 0x06, 0x11,
  0x00, 0x00, 0x06, 0x12, 0x00, 0x00, 0x06, 0x13, 0x00, 0x00, 0x06, 0x14,
  0x00, 0x00, 0x06, 0x15, 0x00, 0x00, 0x06, 0x16, 0x00, 0x00, 0x06, 0x17,
  0x00, 0x00, 0x06, 0x18, 0x00, 0x00, 0x06, 0x19, 0x00, 0x00, 0x06, 0x1a,
  0x00, 0x00, 0x06, 0x1b, 0x00, 0x00, 0x06, 0x1c, 0x00, 0x00, 0x06, 0x1d,
  0x00, 0x00, 0x06, 0x1e, 0x00, 0x00, 0x06, 0x1f, 0x00, 0x00, 0x06, 0x20,
  0x00, 0x00, 0x06, 0x21, 0x00, 0x00, 0x06, 0x22, 0x00, 0x00, 0x06, 0x23,
  0x00, 0x00, 0x06, 0x24, 0x00, 0x00, 0x06, 0x25, 0x00, 0x00, 0x06, 0x26,
  0x00, 0x00, 0x06, 0x27, 0x00, 0x00, 0x06, 0x28, 0x00, 0x00, 0x06, 0x29,
  0x00, 0x00, 0x06, 0x2a, 0x00, 0x00, 0x06, 0x2b, 0x00, 0x00, 0x06, 0x2c,
  0x00, 0x00, 0x06, 0x2d, 0x00, 0x00, 0x06, 0x2e, 0x00, 0x00, 0x06, 0x2f,
  0x00, 0x00, 0x06, 0x30, 0x00, 0x00, 0x06, 0x31, 0x00, 0x00, 0x06, 0x32,
  0x00, 0x00, 0x06, 0x33, 0x00, 0x00, 0x06, 0x34, 0x00, 0x00, 0x06, 0x35,
  0x00, 0x00, 0x06, 0x36, 0x00, 0x00, 0x06, 0x37, 0x00, 0x00, 0x06, 0x38,
  0x00, 0x00, 0x06, 0x39, 0x00, 0x00, 0x06, 0x3a, 0x00, 0x00, 0x06, 0x3b,
  0x00, 0x00, 0x06, 0x3c, 0x00, 0x00, 0x06, 0x3d, 0x00, 0x00, 0x06, 0x3e,
  0x00, 0x00, 0x06, 0x3f, 0x00, 0x00, 0x06, 0x40, 0x00, 0x00, 0x06, 0x41,
  0x00, 0x00, 0x06, 0x42, 0x00, 0x00, 0x06, 0x43, 0x00, 0x00, 0x06, 0x44,
  0x00, 0x00, 0x06, 0x45, 0x00, 0x00, 0x06, 0x46, 0x00, 0x00, 0x06, 0x47,
  0x00, 0x00, 0x06, 0x48, 0x00, 0x00, 0x06, 0x49, 0x00, 0x00, 0x06, 0x4a,
  0x00, 0x00, 0x06, 0x4b, 0x00, 0x00, 0x06, 0x4c, 0x00, 0x00, 0x06, 0x4d,
  0x00, 0x00, 0x06, 0x4e, 0x00, 0x00, 0x06, 0x4f, 0x00, 0x00, 0x06, 0x50,
  0x00, 0x00, 0x06, 0x51, 0x00, 0x00, 0x06, 0x52, 0x00, 0x00, 0x06, 0x53,
  0x00, 0x00, 0x06, 0x54, 0x00, 0x00, 0x06, 0x55, 0x00, 0x00, 0x06, 0x56,
  0x00, 0x00, 0x06, 0x57, 0x00, 0x00, 0x06, 0x58, 0x00, 0x00, 0x06, 0x59,
  0x00, 0x00, 0x06, 0x5a, 0x00, 0x00, 0x06, 0x5b, 0x00, 0x00, 0x06, 0x5c,
  0x00, 0x00, 0x06, 0x5d, 0x00, 0x00, 0x06, 0x5e, 0x00, 0x00, 0x06, 0x5f,
  0x00, 0x00, 0x06, 0x60, 0x00, 0x00, 0x06, 0x61, 0x00, 0x00, 0x06, 0x62,
  0x00, 0x00, 0x06, 0x63, 0x00, 0x00, 0x06, 0x64, 0x00, 0x00, 0x06, 0x65,
  0x00, 0x00, 0x06, 0x66, 0x00, 0x00, 0x06, 0x67, 0x00, 0x00, 0x06, 0x68,
  0x00, 0x00, 0x06, 0x69, 0x00, 0x00, 0x06, 0x6a, 0x00, 0x00, 0x06, 0x6b,
  0x00, 0x00, 0x06, 0x6c, 0x00, 0x00, 0x06, 0x6d, 0x00, 0x00, 0x06, 0x6e,
  0x00, 0x00, 0x06, 0x6f, 0x00, 0x00, 0x06, 0x70, 0x00, 0x00, 0x06, 0x71,
  0x00, 0x00, 0x06, 0x72, 0x00, 0x00, 0x06, 0x73, 0x00, 0x00, 0x06, 0x74,
  0x00, 0x00, 0x06, 0x75, 0x00, 0x00, 0x06, 0x76, 0x00, 0x00, 0x06, 0x77,
  0x00, 0x00, 0x06, 0x78, 0x00, 0x00, 0x06, 0x79, 0x00, 0x00, 0x06, 0x7a,
  0x00, 0x00, 0x06, 0x7b, 0x00, 0x00, 0x06, 0x7c, 0x00, 0x00, 0x06, 0x7d,
  0x00, 0x00, 0x06, 0x7e, 0x00, 0x00, 0x06, 0x7f, 0x00, 0x00, 0x06, 0x80,
  0x00, 0x00, 0x06, 0x81, 0x00, 0x00, 0x06, 0x82, 0x00, 0x00, 0x06, 0x83,
  0x00, 0x00, 0x06, 0x84, 0x00, 0x00, 0x06, 0x85, 0x00, 0x00, 0x06, 0x86,
  0x00, 0x00, 0x06, 0x87, 0x00, 0x00, 0x06, 0x88, 0x00, 0x00, 0x06, 0x89,
  0x00, 0x00, 0x06, 0x8a, 0x00, 0x00, 0x06, 0x8b, 0x00, 0x00, 0x06, 0x8c,
  0x00, 0x00, 0x06, 0x8d, 0x00, 0x00, 0x06, 0x8e, 0x00, 0x00, 0x06, 0x8f,
  0x00, 0x00, 0x06, 0x90, 0x00, 0x00, 0x06, 0x91, 0x00, 0x00, 0x06, 0x92,
  0x00, 0x00, 0x06, 0x93, 0x00, 0x00, 0x06, 0x94, 0x00, 0x00, 0x06, 0x95,
  0x00, 0x00, 0x06, 0x96, 0x00, 0x00, 0x06, 0x97, 0x00, 0x00, 0x06, 0x98,
  0x00, 0x00, 0x06, 0x99, 0x00, 0x00, 0x06, 0x9a, 0x00, 0x00, 0x06, 0x9b,
  0x00, 0x00, 0x06, 0x9c, 0x00, 0x00, 0x06, 0x9d, 0x00, 0x00, 0x06, 0x9e,
  0x00, 0x00, 0x06, 0x9f, 0x00, 0x00, 0x06, 0xa0, 0x00, 0x00, 0x06, 0xa1,
  0x00, 0x00, 0x06, 0xa2, 0x00, 0x00, 0x06, 0xa3, 0x00, 0x00, 0x06, 0xa4,
  0x00, 0x00, 0x06, 0xa5, 0x00, 0x00, 0x06, 0xa6, 0x00, 0x00, 0x06, 0xa7,
  0x00, 0x00, 0x06, 0xa8, 0x00, 0x00, 0x06, 0xa9, 0x00, 0x00, 0x06, 0xaa,
  0x00, 0x00, 0x06, 0xab, 0x00, 0x00, 0x06, 0xac, 0x00, 0x00, 0x06, 0xad,
  0x00, 0x00, 0x06, 0xae, 0x00, 0x00, 0x06, 0xaf, 0x00, 0x00, 0x06, 0xb0,
  0x00, 0x00, 0x06, 0xb1, 0x00, 0x00, 0x06, 0xb2, 0x00, 0x00, 0x06, 0xb3,
  0x00, 0x00, 0x06, 0xb4, 0x00, 0x00, 0x06, 0xb5, 0x00, 0x00, 0x06, 0xb6,
  0x00, 0x00, 0x06, 0xb7, 0x00, 0x00, 0x06, 0xb8, 0x00, 0x00, 0x06, 0xb9,
  0x00, 0x00, 0x06, 0xba, 0x00, 0x00, 0x06, 0xbb, 0x00, 0x00, 0x06, 0xbc,
  0x00, 0x00, 0x06, 0xbd, 0x00, 0x00, 0x06, 0xbe, 0x00, 0x00, 0x06, 0xbf,
  0x00, 0x00, 0x06, 0xc0, 0x00, 0x00, 0x06, 0xc1, 0x00, 0x00, 0x06, 0xc2,
  0x00, 0x00, 0x06, 0xc3, 0x00, 0x00, 0x06, 0xc4, 0x00, 0x00, 0x06, 0xc5,
  0x00, 0x00, 0x06, 0xc6, 0x00, 0x00, 0x06, 0xc7, 0x00, 0x00, 0x06, 0xc8,
  0x00, 0x00, 0x06, 0xc9, 0x00, 0x00, 0x06, 0xca, 0x00, 0x00, 0x06, 0xcb,
  0x00, 0x00, 0x06, 0xcc, 0x00, 0x00, 0x06, 0xcd, 0x00, 0x00, 0x06, 0xce,
  0x00, 0x00, 0x06, 0xcf, 0x00, 0x00, 0x06, 0xd0, 0x00, 0x00, 0x06, 0xd1,
  0x00, 0x00, 0x06, 0xd2, 0x00, 0x00, 0x06, 0xd3, 0x00, 0x00, 0x06, 0xd4,
  0x00, 0x00, 0x06, 0xd5, 0x00, 0x00, 0x06, 0xd6, 0x00, 0x00, 0x06, 0xd7,
  0x00, 0x00, 0x06, 0xd8, 0x00, 0x00, 0x06, 0xd9, 0x00, 0x00, 0x06, 0xda,
  0x00, 0x00, 0x06, 0xdb, 0x00, 0x00, 0x06, 0xdc, 0x00, 0x00, 0x06, 0xdd,
  0x00, 0x00, 0x06, 0xde, 0x00, 0x00, 0x06, 0xdf, 0x00, 0x00, 0x06, 0xe0,
  0x00, 0x00, 0x06, 0xe1, 0x00, 0x00, 0x06, 0xe2, 0x00, 0x00, 0x06, 0xe3,
  0x00, 0x00, 0x06, 0xe4, 0x00, 0x00, 0x06, 0xe5, 0x00, 0x00, 0x06, 0xe6,
  0x00, 0x00, 0x06, 0xe7, 0x00, 0x00, 0x06, 0xe8, 0x00, 0x00, 0x06, 0xe9,
  0x00, 0x00, 0x06, 0xea, 0x00, 0x00, 0x06, 0xeb, 0x00, 0x00, 0x06, 0xec,
  0x00, 0x00, 0x06, 0xed, 0x00, 0x00, 0x06, 0xee, 0x00, 0x00, 0x06, 0xef,
  0x00, 0x00, 0x06, 0xf0, 0x00, 0x00, 0x06, 0xf1, 0x00, 0x00, 0x06, 0xf2,
  0x00, 0x00, 0x06, 0xf3, 0x00, 0x00, 0x06, 0xf4, 0x00, 0x00, 0x06, 0xf5,
  0x00, 0x00, 0x06, 0xf6, 0x00, 0x00, 0x06, 0xf7, 0x00, 0x00, 0x06, 0xf8,
  0x00, 0x00, 0x06, 0xf9, 0x00, 0x00, 0x06, 0xfa, 0x00, 0x00, 0x06, 0xfb,
  0x00, 0x00, 0x06, 0xfc, 0x00, 0x00, 0x06, 0xfd, 0x00, 0x00, 0x06, 0xfe,
  0x00, 0x00, 0x06, 0xff, 0x00, 0x00, 0x07, 0x00, 0x00, 0x00, 0x07, 0x01,
  0x00, 0x00, 0x07, 0x02, 0x00, 0x00, 0x07, 0x03, 0x00, 0x00, 0x07, 0x04,
  0x00, 0x00, 0x07, 0x05, 0x00, 0x00, 0x07, 0x06, 0x00, 0x00, 0x07, 0x07,
  0x00, 0x00, 0x07, 0x08, 0x00, 0x00, 0x07, 0x09, 0x00, 0x00, 0x07, 0x0a,
  0x00, 0x00, 0x07, 0x0b, 0x00, 0x00, 0x07, 0x0c, 0x00, 0x00, 0x07, 0x0d,
  0x00, 0x00, 0x07, 0x0e, 0x00, 0x00, 0x07, 0x0f, 0x00, 0x00, 0x07, 0x10,
  0x00, 0x00, 0x07, 0x11, 0x00, 0x00, 0x07, 0x12, 0x00, 0x00, 0x07, 0x13,
  0x00, 0x00, 0x07, 0x14, 0x00, 0x00, 0x07, 0x15, 0x00, 0x00, 0x07, 0x16,
  0x00, 0x00, 0x07, 0x17, 0x00, 0x00, 0x07, 0x18, 0x00, 0x00, 0x07, 0x19,
  0x00, 0x00, 0x07, 0x1a, 0x00, 0x00, 0x07, 0x1b, 0x00, 0x00, 0x07, 0x1c,
  0x00, 0x00, 0x07, 0x1d, 0x00, 0x00, 0x07, 0x1e, 0x00, 0x00, 0x07, 0x1f,
  0x00, 0x00, 0x07, 0x20, 0x00, 0x00, 0x07, 0x21, 0x00, 0x00, 0x07, 0x22,
  0x00, 0x00, 0x07, 0x23, 0x00, 0x00, 0x07, 0x24, 0x00, 0x00, 0x07, 0x25,
  0x00, 0x00, 0x07, 0x26, 0x00, 0x00, 0x07, 0x27, 0x00, 0x00, 0x07, 0x28,
  0x00, 0x00, 0x07, 0x29, 0x00, 0x00, 0x07, 0x2a, 0x00, 0x00, 0x07, 0x2b,
  0x00, 0x00, 0x07, 0x2c, 0x00, 0x00, 0x07, 0x2d, 0x00, 0x00, 0x07, 0x2e,
  0x00, 0x00, 0x07, 0x2f, 0x00, 0x00, 0x07, 0x30, 0x00, 0x00, 0x07, 0x31,
  0x00, 0x00, 0x07, 0x32, 0x00, 0x00, 0x07, 0x33, 0x00, 0x00, 0x07, 0x34,
  0x00, 0x00, 0x07, 0x35, 0x00, 0x00, 0x07, 0x36, 0x00, 0x00, 0x07, 0x37,
  0x00, 0x00, 0x07, 0x38, 0x00, 0x00, 0x07, 0x39, 0x00, 0x00, 0x07, 0x3a,
  0x00, 0x00, 0x07, 0x3b, 0x00, 0x00, 0x07, 0x3c, 0x00, 0x00, 0x07, 0x3d,
  0x00, 0x00, 0x07, 0x3e, 0x00, 0x00, 0x07, 0x3f, 0x00, 0x00, 0x07, 0x40,
  0x00, 0x00, 0x07, 0x41, 0x00, 0x00, 0x07, 0x42, 0x00, 0x00, 0x07, 0x43,
  0x00, 0x00, 0x07, 0x44, 0x00, 0x00, 0x07, 0x45, 0x00, 0x00, 0x07, 0x46,
  0x00, 0x00, 0x07, 0x47, 0x00, 0x00, 0x07, 0x48, 0x00, 0x00, 0x07, 0x49,
  0x00, 0x00, 0x07, 0x4a, 0x00, 0x00, 0x07, 0x4b, 0x00, 0x00, 0x07, 0x4c,
  0x00, 0x00, 0x07, 0x4d, 0x00, 0x00, 0x07, 0x4e, 0x00, 0x00, 0x07, 0x4f,
  0x00, 0x00, 0x07, 0x50, 0x00, 0x00, 0x07, 0x51, 0x00, 0x00, 0x07, 0x52,
  0x00, 0x00, 0x07, 0x53, 0x00, 0x00, 0x07, 0x54, 0x00, 0x00, 0x07, 0x55,
  0x00, 0x00, 0x07, 0x56, 0x00, 0x00, 0x07, 0x57, 0x00, 0x00, 0x07, 0x58,
  0x00, 0x00, 0x07, 0x59, 0x00, 0x00, 0x07, 0x5a, 0x00, 0x00, 0x07, 0x5b,
  0x00, 0x00, 0x07, 0x5c, 0x00, 0x00, 0x07, 0x5d, 0x00, 0x00, 0x07, 0x5e,
  0x00, 0x00, 0x07, 0x5f, 0x00, 0x00, 0x07, 0x60, 0x00, 0x00, 0x07, 0x61,
  0x00, 0x00, 0x07, 0x62, 0x00, 0x00, 0x07, 0x63, 0x00, 0x00, 0x07, 0x64,
  0x00, 0x00, 0x07, 0x65, 0x00, 0x00, 0x07, 0x66, 0x00, 0x00, 0x07, 0x67,
  0x00, 0x00, 0x07, 0x68, 0x00, 0x00, 0x07, 0x69, 0x00, 0x00, 0x07, 0x6a,
  0x00, 0x00, 0x07, 0x6b, 0x00, 0x00, 0x07, 0x6c, 0x00, 0x00, 0x07, 0x6d,
  0x00, 0x00, 0x07, 0x6e, 0x00, 0x00, 0x07, 0x6f, 0x00, 0x00, 0x07, 0x70,
  0x00, 0x00, 0x07, 0x71, 0x00, 0x00, 0x07, 0x72, 0x00, 0x00, 0x07, 0x73,
  0x00, 0x00, 0x07, 0x74, 0x00, 0x00, 0x07, 0x75, 0x00, 0x00, 0x07, 0x76,
  0x00, 0x00, 0x07, 0x77, 0x00, 0x00, 0x07, 0x78, 0x00, 0x00, 0x07, 0x79,
  0x00, 0x00, 0x07, 0x7a, 0x00, 0x00, 0x07, 0x7b, 0x00, 0x00, 0x07, 0x7c,
  0x00, 0x00, 0x07, 0x7d, 0x00, 0x00, 0x07, 0x7e, 0x00, 0x00, 0x07, 0x7f,
  0x00, 0x00, 0x07, 0x80, 0x00, 0x00, 0x07, 0x81, 0x00, 0x00, 0x07, 0x82,
  0x00, 0x00, 0x07, 0x83, 0x00, 0x00, 0x07, 0x84, 0x00, 0x00, 0x07, 0x85,
  0x00, 0x00, 0x07, 0x86, 0x00, 0x00, 0x07, 0x87, 0x00, 0x00, 0x07, 0x88,
  0x00, 0x00, 0x07, 0x89, 0x00, 0x00, 0x07, 0x8a, 0x00, 0x00, 0x07, 0x8b,
  0x00, 0x00, 0x07, 0x8c, 0x00, 0x00, 0x07, 0x8d, 0x00, 0x00, 0x07, 0x8e,
  0x00, 0x00, 0x07, 0x8f, 0x00, 0x00, 0x07, 0x90, 0x00, 0x00, 0x07, 0x91,
  0x00, 0x00, 0x07, 0x92, 0x00, 0x00, 0x07, 0x93, 0x00, 0x00, 0x07, 0x94,
  0x00, 0x00, 0x07, 0x95, 0x00, 0x00, 0x07, 0x96, 0x00, 0x00, 0x07, 0x97,
  0x00, 0x00, 0x07, 0x98, 0x00, 0x00, 0x07, 0x99, 0x00, 0x00, 0x07, 0x9a,
  0x00, 0x00, 0x07, 0x9b, 0x00, 0x00, 0x07, 0x9c, 0x00, 0x00, 0x07, 0x9d,
  0x00, 0x00, 0x07, 0x9e, 0x00, 0x00, 0x07, 0x9f, 0x00, 0x00, 0x07, 0xa0,
  0x00, 0x00, 0x07, 0xa1, 0x00, 0x00, 0x07, 0xa2, 0x00, 0x00, 0x07, 0xa3,
  0x00, 0x00, 0x07, 0xa4, 0x00, 0x00, 0x07, 0xa5, 0x00, 0x00, 0x07, 0xa6,
  0x00, 0x00, 0x07, 0xa7, 0x00, 0x00, 0x07, 0xa8, 0x00, 0x00, 0x07, 0xa9,
  0x00, 0x00, 0x07, 0xaa, 0x00, 0x00, 0x07, 0xab, 0x00, 0x00, 0x07, 0xac,
  0x00, 0x00, 0x07, 0xad, 0x00, 0x00, 0x07, 0xae, 0x00, 0x00, 0x07, 0xaf,
  0x00, 0x00, 0x07, 0xb0, 0x00, 0x00, 0x07, 0xb1, 0x00, 0x00, 0x07, 0xb2,
  0x00, 0x00, 0x07, 0xb3, 0x00, 0x00, 0x07, 0xb4, 0x00, 0x00, 0x07, 0xb5,
  0x00, 0x00, 0x07, 0xb6, 0x00, 0x00, 0x07, 0xb7, 0x00, 0x00, 0x07, 0xb8,
  0x00, 0x00, 0x07, 0xb9, 0x00, 0x00, 0x07, 0xba, 0x00, 0x00, 0x07, 0xbb,
  0x00, 0x00, 0x07, 0xbc, 0x00, 0x00, 0x07, 0xbd, 0x00, 0x00, 0x07, 0xbe,
  0x00, 0x00, 0x07, 0xbf, 0x00, 0x00, 0x07, 0xc0, 0x00, 0x00, 0x07, 0xc1,
  0x00, 0x00, 0x07, 0xc2, 0x00, 0x00, 0x07, 0xc3, 0x00, 0x00, 0x07, 0xc4,
  0x00, 0x00, 0x07, 0xc5, 0x00, 0x00, 0x07, 0xc6, 0x00, 0x00, 0x07, 0xc7,
  0x00, 0x00, 0x07, 0xc8, 0x00, 0x00, 0x07, 0xc9, 0x00, 0x00, 0x07, 0xca,
  0x00, 0x00, 0x07, 0xcb, 0x00, 0x00, 0x07, 0xcc, 0x00, 0x00, 0x07, 0xcd,
  0x00, 0x00, 0x07, 0xce, 0x00, 0x00, 0x07, 0xcf, 0x00, 0x00, 0x07, 0xd0,
  0x00, 0x00, 0x07, 0xd1, 0x00, 0x00, 0x07, 0xd2, 0x00, 0x00, 0x07, 0xd3,
  0x00, 0x00, 0x07, 0xd4, 0x00, 0x00, 0x07, 0xd5, 0x00, 0x00, 0x07, 0xd6,
  0x00, 0x00, 0x07, 0xd7, 0x00, 0x00, 0x07, 0xd8, 0x00, 0x00, 0x07, 0xd9,
  0x00, 0x00, 0x07, 0xda, 0x00, 0x00, 0x07, 0xdb, 0x00, 0x00, 0x07, 0xdc,
  0x00, 0x00, 0x07, 0xdd, 0x00, 0x00, 0x07, 0xde, 0x00, 0x00, 0x07, 0xdf,
  0x00, 0x00, 0x07, 0xe0, 0x00, 0x00, 0x07, 0xe1, 0x00, 0x00, 0x07, 0xe2,
  0x00, 0x00, 0x07, 0xe3, 0x00, 0x00, 0x07, 0xe4, 0x00, 0x00, 0x07, 0xe5,
  0x00, 0x00, 0x07, 0xe6, 0x00, 0x00, 0x07, 0xe7, 0x00, 0x00, 0x07, 0xe8,
  0x00, 0x00, 0x07, 0xe9, 0x00, 0x00, 0x07, 0xea, 0x00, 0x00, 0x07, 0xeb,
  0x00, 0x00, 0x07, 0xec, 0x00, 0x00, 0x07, 0xed, 0x00, 0x00, 0x07, 0xee,
  0x00, 0x00, 0x07, 0xef, 0x00, 0x00, 0x07, 0xf0, 0x00, 0x00, 0x07, 0xf1,
  0x00, 0x00, 0x07, 0xf2, 0x00, 0x00, 0x07, 0xf3, 0x00, 0x00, 0x07, 0xf4,
  0x00, 0x00, 0x07, 0xf5, 0x00, 0x00, 0x07, 0xf6, 0x00, 0x00, 0x07, 0xf7,
  0x00, 0x00, 0x07, 0xf8, 0x00, 0x00, 0x07, 0xf9, 0x00, 0x00, 0x07, 0xfa,
  0x00, 0x00, 0x07, 0xfb, 0x00, 0x00, 0x07, 0xfc, 0x00, 0x00, 0x07, 0xfd,
  0x00, 0x00, 0x07, 0xfe, 0x00, 0x00, 0x07, 0xff, 0x00, 0x00, 0x08, 0x00,
  0x00, 0x00, 0x08, 0x01, 0x00, 0x00, 0x08, 0x02, 0x00, 0x00, 0x08, 0x03,
  0x00, 0x00, 0x08, 0x04, 0x00, 0x00, 0x08, 0x05, 0x00, 0x00, 0x08, 0x06,
  0x00, 0x00, 0x08, 0x07, 0x00, 0x00, 0x08, 0x08, 0x00, 0x00, 0x08, 0x09,
  0x00, 0x00, 0x08, 0x0a, 0x00, 0x00, 0x08, 0x0b, 0x00, 0x00, 0x08, 0x0c,
  0x00, 0x00, 0x08, 0x0d, 0x00, 0x00, 0x08, 0x0e, 0x00, 0x00, 0x08, 0x0f,
  0x00, 0x00, 0x08, 0x10, 0x00, 0x00, 0x08, 0x11, 0x00, 0x00, 0x08, 0x12,
  0x00, 0x00, 0x08, 0x13, 0x00, 0x00, 0x08, 0x14, 0x00, 0x00, 0x08, 0x15,
  0x00, 0x00, 0x08, 0x16, 0x00, 0x00, 0x08, 0x17, 0x00, 0x00, 0x08, 0x18,
  0x00, 0x00, 0x08, 0x19, 0x00, 0x00, 0x08, 0x1a, 0x00, 0x00, 0x08, 0x1b,
  0x00, 0x00, 0x08, 0x1c, 0x00, 0x00, 0x08, 0x1d, 0x00, 0x00, 0x08, 0x1e,
  0x00, 0x00, 0x08, 0x1f, 0x00, 0x00, 0x08, 0x20, 0x00, 0x00, 0x08, 0x21,
  0x00, 0x00, 0x08, 0x22, 0x00, 0x00, 0x08, 0x23, 0x00, 0x00, 0x08, 0x24,
  0x00, 0x00, 0x08, 0x25, 0x00, 0x00, 0x08, 0x26, 0x00, 0x00, 0x08, 0x27,
  0x00, 0x00, 0x08, 0x28, 0x00, 0x00, 0x08, 0x29, 0x00, 0x00, 0x08, 0x2a,
  0x00, 0x00, 0x08, 0x2b, 0x00, 0x00, 0x08, 0x2c, 0x00, 0x00, 0x08, 0x2d,
  0x00, 0x00, 0x08, 0x2e, 0x00, 0x00, 0x08, 0x2f, 0x00, 0x00, 0x08, 0x30,
  0x00, 0x00, 0x08, 0x31, 0x00, 0x00, 0x08, 0x32, 0x00, 0x00, 0x08, 0x33,
  0x00, 0x00, 0x08, 0x34, 0x00, 0x00, 0x08, 0x35, 0x00, 0x00, 0x08, 0x36,
  0x00, 0x00, 0x08, 0x37, 0x00, 0x00, 0x08, 0x38, 0x00, 0x00, 0x08, 0x39,
  0x00, 0x00, 0x08, 0x3a, 0x00, 0x00, 0x08, 0x3b, 0x00, 0x00, 0x08, 0x3c,
  0x00, 0x00, 0x08, 0x3d, 0x00, 0x00, 0x08, 0x3e, 0x00, 0x00, 0x08, 0x3f,
  0x00, 0x00, 0x08, 0x40, 0x00, 0x00, 0x08, 0x41, 0x00, 0x00, 0x08, 0x42,
  0x00, 0x00, 0x08, 0x43, 0x00, 0x00, 0x08, 0x44, 0x00, 0x00, 0x08, 0x45,
  0x00, 0x00, 0x08, 0x46, 0x00, 0x00, 0x08, 0x47, 0x00, 0x00, 0x08, 0x48,
  0x00, 0x00, 0x08, 0x49, 0x00, 0x00, 0x08, 0x4a, 0x00, 0x00, 0x08, 0x4b,
  0x00, 0x00, 0x08, 0x4c, 0x00, 0x00, 0x08, 0x4d, 0x00, 0x00, 0x08, 0x4e,
  0x00, 0x00, 0x08, 0x4f, 0x00, 0x00, 0x08, 0x50, 0x00, 0x00, 0x08, 0x51,
  0x00, 0x00, 0x08, 0x52, 0x00, 0x00, 0x08, 0x53, 0x00, 0x00, 0x08, 0x54,
  0x00, 0x00, 0x08, 0x55, 0x00, 0x00, 0x08, 0x56, 0x00, 0x00, 0x08, 0x57,
  0x00, 0x00, 0x08, 0x58, 0x00, 0x00, 0x08, 0x59, 0x00, 0x00, 0x08, 0x5a,
  0x00, 0x00, 0x08, 0x5b, 0x00, 0x00, 0x08, 0x5c, 0x00, 0x00, 0x08, 0x5d,
  0x00, 0x00, 0x08, 0x5e, 0x00, 0x00, 0x08, 0x5f, 0x00, 0x00, 0x08, 0x60,
  0x00, 0x00, 0x08, 0x61, 0x00, 0x00, 0x08, 0x62, 0x00, 0x00, 0x08, 0x63,
  0x00, 0x00, 0x08, 0x64, 0x00, 0x00, 0x08, 0x65, 0x00, 0x00, 0x08, 0x66,
  0x00, 0x00, 0x08, 0x67, 0x00, 0x00, 0x08, 0x68, 0x00, 0x00, 0x08, 0x69,
  0x00, 0x00, 0x08, 0x6a, 0x00, 0x00, 0x08, 0x6b, 0x00, 0x00, 0x08, 0x6c,
  0x00, 0x00, 0x08, 0x6d, 0x00, 0x00, 0x08, 0x6e, 0x00, 0x00, 0x08, 0x6f,
  0x00, 0x00, 0x08, 0x70, 0x00, 0x00, 0x08, 0x71, 0x00, 0x00, 0x08, 0x72,
  0x00, 0x00, 0x08, 0x73, 0x00, 0x00, 0x08, 0x74, 0x00, 0x00, 0x08, 0x75,
  0x00, 0x00, 0x08, 0x76, 0x00, 0x00, 0x08, 0x77, 0x00, 0x00, 0x08, 0x78,
  0x00, 0x00, 0x08, 0x79, 0x00, 0x00, 0x08, 0x7a, 0x00, 0x00, 0x08, 0x7b,
  0x00, 0x00, 0x08, 0x7c, 0x00, 0x00, 0x08, 0x7d, 0x00, 0x00, 0x08, 0x7e,
  0x00, 0x00, 0x08, 0x7f, 0x00, 0x00, 0x08, 0x80, 0x00, 0x00, 0x08, 0x81,
  0x00, 0x00, 0x08, 0x82, 0x00, 0x00, 0x08, 0x83, 0x00, 0x00, 0x08, 0x84,
  0x00, 0x00, 0x08, 0x85, 0x00, 0x00, 0x08, 0x86, 0x00, 0x00, 0x08, 0x87,
  0x00, 0x00, 0x08, 0x88, 0x00, 0x00, 0x08, 0x89, 0x00, 0x00, 0x08, 0x8a,
  0x00, 0x00, 0x08, 0x8b, 0x00, 0x00, 0x08, 0x8c, 0x00, 0x00, 0x08, 0x8d,
  0x00, 0x00, 0x08, 0x8e, 0x00, 0x00, 0x08, 0x8f, 0x00, 0x00, 0x08, 0x90,
  0x00, 0x00, 0x08, 0x91, 0x00, 0x00, 0x08, 0x92, 0x00, 0x00, 0x08, 0x93,
  0x00, 0x00, 0x08, 0x94, 0x00, 0x00, 0x08, 0x95, 0x00, 0x00, 0x08, 0x96,
  0x00, 0x00, 0x08, 0x97, 0x00, 0x00, 0x08, 0x98, 0x00, 0x00, 0x08, 0x99,
  0x00, 0x00, 0x08, 0x9a, 0x00, 0x00, 0x08, 0x9b, 0x00, 0x00, 0x08, 0x9c,
  0x00, 0x00, 0x08, 0x9d, 0x00, 0x00, 0x08, 0x9e, 0x00, 0x00, 0x08, 0x9f,
  0x00, 0x00, 0x08, 0xa0, 0x00, 0x00, 0x08, 0xa1, 0x00, 0x00, 0x08, 0xa2,
  0x00, 0x00, 0x08, 0xa3, 0x00, 0x00, 0x08, 0xa4, 0x00, 0x00, 0x08, 0xa5,
  0x00, 0x00, 0x08, 0xa6, 0x00, 0x00, 0x08, 0xa7, 0x00, 0x00, 0x08, 0xa8,
  0x00, 0x00, 0x08, 0xa9, 0x00, 0x00, 0x08, 0xaa, 0x00, 0x00, 0x08, 0xab,
  0x00, 0x00, 0x08, 0xac, 0x00, 0x00, 0x08, 0xad, 0x00, 0x00, 0x08, 0xae,
  0x00, 0x00, 0x08, 0xaf, 0x00, 0x00, 0x08, 0xb0, 0x00, 0x00, 0x08, 0xb1,
  0x00, 0x00, 0x08, 0xb2, 0x00, 0x00, 0x08, 0xb3, 0x00, 0x00, 0x08, 0xb4,
  0x00, 0x00, 0x08, 0xb5, 0x00, 0x00, 0x08, 0xb6, 0x00, 0x00, 0x08, 0xb7,
  0x00, 0x00, 0x08, 0xb8, 0x00, 0x00, 0x08, 0xb9, 0x00, 0x00, 0x08, 0xba,
  0x00, 0x00, 0x08, 0xbb, 0x00, 0x00, 0x08, 0xbc, 0x00, 0x00, 0x08, 0xbd,
  0x00, 0x00, 0x08, 0xbe, 0x00, 0x00, 0x08, 0xbf, 0x00, 0x00, 0x08, 0xc0,
  0x00, 0x00, 0x08, 0xc1, 0x00, 0x00, 0x08, 0xc2, 0x00, 0x00, 0x08, 0xc3,
  0x00, 0x00, 0x08, 0xc4, 0x00, 0x00, 0x08, 0xc5, 0x00, 0x00, 0x08, 0xc6,
  0x00, 0x00, 0x08, 0xc7, 0x00, 0x00, 0x08, 0xc8, 0x00, 0x00, 0x08, 0xc9,
  0x00, 0x00, 0x08, 0xca, 0x00, 0x00, 0x08, 0xcb, 0x00, 0x00, 0x08, 0xcc,
  0x00, 0x00, 0x08, 0xcd, 0x00, 0x00, 0x08, 0xce, 0x00, 0x00, 0x08, 0xcf,
  0x00, 0x00, 0x08, 0xd0, 0x00, 0x00, 0x08, 0xd1, 0x00, 0x00, 0x08, 0xd2,
  0x00, 0x00, 0x08, 0xd3, 0x00, 0x00, 0x08, 0xd4, 0x00, 0x00, 0x08, 0xd5,
  0x00, 0x00, 0x08, 0xd6, 0x00, 0x00, 0x08, 0xd7, 0x00, 0x00, 0x08, 0xd8,
  0x00, 0x00, 0x08, 0xd9, 0x00, 0x00, 0x08, 0xda, 0x00, 0x00, 0x08, 0xdb,
  0x00, 0x00, 0x08, 0xdc, 0x00, 0x00, 0x08, 0xdd, 0x00, 0x00, 0x08, 0xde,
  0x00, 0x00, 0x08, 0xdf, 0x00, 0x00, 0x08, 0xe0, 0x00, 0x00, 0x08, 0xe1,
  0x00, 0x00, 0x08, 0xe2, 0x00, 0x00, 0x08, 0xe3, 0x00, 0x00, 0x08, 0xe4,
  0x00, 0x00, 0x08, 0xe5, 0x00, 0x00, 0x08, 0xe6, 0x00, 0x00, 0x08, 0xe7,
  0x00, 0x00, 0x08, 0xe8, 0x00, 0x00, 0x08, 0xe9, 0x00, 0x00, 0x08, 0xea,
  0x00, 0x00, 0x08, 0xeb, 0x00, 0x00, 0x08, 0xec, 0x00, 0x00, 0x08, 0xed,
  0x00, 0x00, 0x08, 0xee, 0x00, 0x00, 0x08, 0xef, 0x00, 0x00, 0x08, 0xf0,
  0x00, 0x00, 0x08, 0xf1, 0x00, 0x00, 0x08, 0xf2, 0x00, 0x00, 0x08, 0xf3,
  0x00, 0x00, 0x08, 0xf4, 0x00, 0x00, 0x08, 0xf5, 0x00, 0x00, 0x08, 0xf6,
  0x00, 0x00, 0x08, 0xf7, 0x00, 0x00, 0x08, 0xf8, 0x00, 0x00, 0x08, 0xf9,
  0x00, 0x00, 0x08, 0xfa, 0x00, 0x00, 0x08, 0xfb, 0x00, 0x00, 0x08, 0xfc,
  0x00, 0x00, 0x08, 0xfd, 0x00, 0x00, 0x08, 0xfe, 0x00, 0x00, 0x08, 0xff,
  0x00, 0x00, 0x09, 0x00, 0x00, 0x00, 0x09, 0x01, 0x00, 0x00, 0x09, 0x02,
  0x00, 0x00, 0x09, 0x03, 0x00, 0x00, 0x09, 0x04, 0x00, 0x00, 0x09, 0x05,
  0x00, 0x00, 0x09, 0x06, 0x00, 0x00, 0x09, 0x07, 0x00, 0x00, 0x09, 0x08,
  0x00, 0x00, 0x09, 0x09, 0x00, 0x00, 0x09, 0x0a, 0x00, 0x00, 0x09, 0x0b,
  0x00, 0x00, 0x09, 0x0c, 0x00, 0x00, 0x09, 0x0d, 0x00, 0x00, 0x09, 0x0e,
  0x00, 0x00, 0x09, 0x0f, 0x00, 0x00, 0x09, 0x10, 0x00, 0x00, 0x09, 0x11,
  0x00, 0x00, 0x09, 0x12, 0x00, 0x00, 0x09, 0x13, 0x00, 0x00, 0x09, 0x14,
  0x00, 0x00, 0x09, 0x15, 0x00, 0x00, 0x09, 0x16, 0x00, 0x00, 0x09, 0x17,
  0x00, 0x00, 0x09, 0x18, 0x00, 0x00, 0x09, 0x19, 0x00, 0x00, 0x09, 0x1a,
  0x00, 0x00, 0x09, 0x1b, 0x00, 0x00, 0x09, 0x1c, 0x00, 0x00, 0x09, 0x1d,
  0x00, 0x00, 0x09, 0x1e, 0x00, 0x00, 0x09, 0x1f, 0x00, 0x00, 0x09, 0x20,
  0x00, 0x00, 0x09, 0x21, 0x00, 0x00, 0x09, 0x22, 0x00, 0x00, 0x09, 0x23,
  0x00, 0x00, 0x09, 0x24, 0x00, 0x00, 0x09, 0x25, 0x00, 0x00, 0x09, 0x26,
  0x00, 0x00, 0x09, 0x27, 0x00, 0x00, 0x09, 0x28, 0x00, 0x00, 0x09, 0x29,
  0x00, 0x00, 0x09, 0x2a, 0x00, 0x00, 0x09, 0x2b, 0x00, 0x00, 0x09, 0x2c,
  0x00, 0x00, 0x09, 0x2d, 0x00, 0x00, 0x09, 0x2e, 0x00, 0x00, 0x09, 0x2f,
  0x00, 0x00, 0x09, 0x30, 0x00, 0x00, 0x09, 0x31, 0x00, 0x00, 0x09, 0x32,
  0x00, 0x00, 0x09, 0x33, 0x00, 0x00, 0x09, 0x34, 0x00, 0x00, 0x09, 0x35,
  0x00, 0x00, 0x09, 0x36, 0x00, 0x00, 0x09, 0x37, 0x00, 0x00, 0x09, 0x38,
  0x00, 0x00, 0x09, 0x39, 0x00, 0x00, 0x09, 0x3a, 0x00, 0x00, 0x09, 0x3b,
  0x00, 0x00, 0x09, 0x3c, 0x00, 0x00, 0x09, 0x3d, 0x00, 0x00, 0x09, 0x3e,
  0x00, 0x00, 0x09, 0x3f, 0x00, 0x00, 0x09, 0x40, 0x00, 0x00, 0x09, 0x41,
  0x00, 0x00, 0x09, 0x42, 0x00, 0x00, 0x09, 0x43, 0x00, 0x00, 0x09, 0x44,
  0x00, 0x00, 0x09, 0x45, 0x00, 0x00, 0x09, 0x46, 0x00, 0x00, 0x09, 0x47,
  0x00, 0x00, 0x09, 0x48, 0x00, 0x00, 0x09, 0x49, 0x00, 0x00, 0x09, 0x4a,
  0x00, 0x00, 0x09, 0x4b, 0x00, 0x00, 0x09, 0x4c, 0x00, 0x00, 0x09, 0x4d,
  0x00, 0x00, 0x09, 0x4e, 0x00, 0x00, 0x09, 0x4f, 0x00, 0x00, 0x09, 0x50,
  0x00, 0x00, 0x09, 0x51, 0x00, 0x00, 0x09, 0x52, 0x00, 0x00, 0x09, 0x53,
  0x00, 0x00, 0x09, 0x54, 0x00, 0x00, 0x09, 0x55, 0x00, 0x00, 0x09, 0x56,
  0x00, 0x00, 0x09, 0x57, 0x00, 0x00, 0x09, 0x58, 0x00, 0x00, 0x09, 0x59,
  0x00, 0x00, 0x09, 0x5a, 0x00, 0x00, 0x09, 0x5b, 0x00, 0x00, 0x09, 0x5c,
  0x00, 0x00, 0x09, 0x5d, 0x00, 0x00, 0x09, 0x5e, 0x00, 0x00, 0x09, 0x5f,
  0x00, 0x00, 0x09, 0x60, 0x00, 0x00, 0x09, 0x61, 0x00, 0x00, 0x09, 0x62,
  0x00, 0x00, 0x09, 0x63, 0x00, 0x00, 0x09, 0x64, 0x00, 0x00, 0x09, 0x65,
  0x00, 0x00, 0x09, 0x66, 0x00, 0x00, 0x09, 0x67, 0x00, 0x00, 0x09, 0x68,
  0x00, 0x00, 0x09, 0x69, 0x00, 0x00, 0x09, 0x6a, 0x00, 0x00, 0x09, 0x6b,
  0x00, 0x00, 0x09, 0x6c, 0x00, 0x00, 0x09, 0x6d, 0x00, 0x00, 0x09, 0x6e,
  0x00, 0x00, 0x09, 0x6f, 0x00, 0x00, 0x09, 0x70, 0x00, 0x00, 0x09, 0x71,
  0x00, 0x00, 0x09, 0x72, 0x00, 0x00, 0x09, 0x73, 0x00, 0x00, 0x09, 0x74,
  0x00, 0x00, 0x09, 0x75, 0x00, 0x00, 0x09, 0x76, 0x00, 0x00, 0x09, 0x77,
  0x00, 0x00, 0x09, 0x78, 0x00, 0x00, 0x09, 0x79, 0x00, 0x00, 0x09, 0x7a,
  0x00, 0x00, 0x09, 0x7b, 0x00, 0x00, 0x09, 0x7c, 0x00, 0x00, 0x09, 0x7d,
  0x00, 0x00, 0x09, 0x7e, 0x00, 0x00, 0x09, 0x7f, 0x00, 0x00, 0x09, 0x80,
  0x00, 0x00, 0x09, 0x81, 0x00, 0x00, 0x09, 0x82, 0x00, 0x00, 0x09, 0x83,
  0x00, 0x00, 0x09, 0x84, 0x00, 0x00, 0x09, 0x85, 0x00, 0x00, 0x09, 0x86,
  0x00, 0x00, 0x09, 0x87, 0x00, 0x00, 0x09, 0x88, 0x00, 0x00, 0x09, 0x89,
  0x00, 0x00, 0x09, 0x8a, 0x00, 0x00, 0x09, 0x8b, 0x00, 0x00, 0x09, 0x8c,
  0x00, 0x00, 0x09, 0x8d, 0x00, 0x00, 0x09, 0x8e, 0x00, 0x00, 0x09, 0x8f,
  0x00, 0x00, 0x09, 0x90, 0x00, 0x00, 0x09, 0x91, 0x00, 0x00, 0x09, 0x92,
  0x00, 0x00, 0x09, 0x93, 0x00, 0x00, 0x09, 0x94, 0x00, 0x00, 0x09, 0x95,
  0x00, 0x00, 0x09, 0x96, 0x00, 0x00, 0x09, 0x97, 0x00, 0x00, 0x09, 0x98,
  0x00, 0x00, 0x09, 0x99, 0x00, 0x00, 0x09, 0x9a, 0x00, 0x00, 0x09, 0x9b,
  0x00, 0x00, 0x09, 0x9c, 0x00, 0x00, 0x09, 0x9d, 0x00, 0x00, 0x09, 0x9e,
  0x00, 0x00, 0x09, 0x9f, 0x00, 0x00, 0x09, 0xa0, 0x00, 0x00, 0x09, 0xa1,
  0x00, 0x00, 0x09, 0xa2, 0x00, 0x00, 0x09, 0xa3, 0x00, 0x00, 0x09, 0xa4,
  0x00, 0x00, 0x09, 0xa5, 0x00, 0x00, 0x09, 0xa6, 0x00, 0x00, 0x09, 0xa7,
  0x00, 0x00, 0x09, 0xa8, 0x00, 0x00, 0x09, 0xa9, 0x00, 0x00, 0x09, 0xaa,
  0x00, 0x00, 0x09, 0xab, 0x00, 0x00, 0x09, 0xac, 0x00, 0x00, 0x09, 0xad,
  0x00, 0x00, 0x09, 0xae, 0x00, 0x00, 0x09, 0xaf, 0x00, 0x00, 0x09, 0xb0,
  0x00, 0x00, 0x09, 0xb1, 0x00, 0x00, 0x09, 0xb2, 0x00, 0x00, 0x09, 0xb3,
  0x00, 0x00, 0x09, 0xb4, 0x00, 0x00, 0x09, 0xb5, 0x00, 0x00, 0x09, 0xb6,
  0x00, 0x00, 0x09, 0xb7, 0x00, 0x00, 0x09, 0xb8, 0x00, 0x00, 0x09, 0xb9,
  0x00, 0x00, 0x09, 0xba, 0x00, 0x00, 0x09, 0xbb, 0x00, 0x00, 0x09, 0xbc,
  0x00, 0x00, 0x09, 0xbd, 0x00, 0x00, 0x09, 0xbe, 0x00, 0x00, 0x09, 0xbf,
  0x00, 0x00, 0x09, 0xc0, 0x00, 0x00, 0x09, 0xc1, 0x00, 0x00, 0x09, 0xc2,
  0x00, 0x00, 0x09, 0xc3, 0x00, 0x00, 0x09, 0xc4, 0x00, 0x00, 0x09, 0xc5,
  0x00, 0x00, 0x09, 0xc6, 0x00, 0x00, 0x09, 0xc7, 0x00, 0x00, 0x09, 0xc8,
  0x00, 0x00, 0x09, 0xc9, 0x00, 0x00, 0x09, 0xca, 0x00, 0x00, 0x09, 0xcb,
  0x00, 0x00, 0x09, 0xcc, 0x00, 0x00, 0x09, 0xcd, 0x00, 0x00, 0x09, 0xce,
  0x00, 0x00, 0x09, 0xcf, 0x00, 0x00, 0x09, 0xd0, 0x00, 0x00, 0x09, 0xd1,
  0x00, 0x00, 0x09, 0xd2, 0x00, 0x00, 0x09, 0xd3, 0x00, 0x00, 0x09, 0xd4,
  0x00, 0x00, 0x09, 0xd5, 0x00, 0x00, 0x09, 0xd6, 0x00, 0x00, 0x09, 0xd7,
  0x00, 0x00, 0x09, 0xd8, 0x00, 0x00, 0x09, 0xd9, 0x00, 0x00, 0x09, 0xda,
  0x00, 0x00, 0x09, 0xdb, 0x00, 0x00, 0x09, 0xdc, 0x00, 0x00, 0x09, 0xdd,
  0x00, 0x00, 0x09, 0xde, 0x00, 0x00, 0x09, 0xdf, 0x00, 0x00, 0x09, 0xe0,
  0x00, 0x00, 0x09, 0xe1, 0x00, 0x00, 0x09, 0xe2, 0x00, 0x00, 0x09, 0xe3,
  0x00, 0x00, 0x09, 0xe4, 0x00, 0x00, 0x09, 0xe5, 0x00, 0x00, 0x09, 0xe6,
  0x00, 0x00, 0x09, 0xe7, 0x00, 0x00, 0x09, 0xe8, 0x00, 0x00, 0x09, 0xe9,
  0x00, 0x00, 0x09, 0xea, 0x00, 0x00, 0x09, 0xeb, 0x00, 0x00, 0x09, 0xec,
  0x00, 0x00, 0x09, 0xed, 0x00, 0x00, 0x09, 0xee, 0x00, 0x00, 0x09, 0xef,
  0x00, 0x00, 0x09, 0xf0, 0x00, 0x00, 0x09, 0xf1, 0x00, 0x00, 0x09, 0xf2,
  0x00, 0x00, 0x09, 0xf3, 0x00, 0x00, 0x09, 0xf4, 0x00, 0x00, 0x09, 0xf5,
  0x00, 0x00, 0x09, 0xf6, 0x00, 0x00, 0x09, 0xf7, 0x00, 0x00, 0x09, 0xf8,
  0x00, 0x00, 0x09, 0xf9, 0x00, 0x00, 0x09, 0xfa, 0x00, 0x00, 0x09, 0xfb,
  0x00, 0x00, 0x09, 0xfc, 0x00, 0x00, 0x09, 0xfd, 0x00, 0x00, 0x09, 0xfe,
  0x00, 0x00, 0x09, 0xff, 0x00, 0x00, 0x0a, 0x00, 0x00, 0x00, 0x0a, 0x01,
  0x00, 0x00, 0x0a, 0x02, 0x00, 0x00, 0x0a, 0x03, 0x00, 0x00, 0x0a, 0x04,
  0x00, 0x00, 0x0a, 0x05, 0x00, 0x00, 0x0a, 0x06, 0x00, 0x00, 0x0a, 0x07,
  0x00, 0x00, 0x0a, 0x08, 0x00, 0x00, 0x0a, 0x09, 0x00, 0x00, 0x0a, 0x0a,
  0x00, 0x00, 0x0a, 0x0b, 0x00, 0x00, 0x0a, 0x0c, 0x00, 0x00, 0x0a, 0x0d,
  0x00, 0x00, 0x0a, 0x0e, 0x00, 0x00, 0x0a, 0x0f, 0x00, 0x00, 0x0a, 0x10,
  0x00, 0x00, 0x0a, 0x11, 0x00, 0x00, 0x0a, 0x12, 0x00, 0x00, 0x0a, 0x13,
  0x00, 0x00, 0x0a, 0x14, 0x00, 0x00, 0x0a, 0x15, 0x00, 0x00, 0x0a, 0x16,
  0x00, 0x00, 0x0a, 0x17, 0x00, 0x00, 0x0a, 0x18, 0x00, 0x00, 0x0a, 0x19,
  0x00, 0x00, 0x0a, 0x1a, 0x00, 0x00, 0x0a, 0x1b, 0x00, 0x00, 0x0a, 0x1c,
  0x00, 0x00, 0x0a, 0x1d, 0x00, 0x00, 0x0a, 0x1e, 0x00, 0x00, 0x0a, 0x1f,
  0x00, 0x00, 0x0a, 0x20, 0x00, 0x00, 0x0a, 0x21, 0x00, 0x00, 0x0a, 0x22,
  0x00, 0x00, 0x0a, 0x23, 0x00, 0x00, 0x0a, 0x24, 0x00, 0x00, 0x0a, 0x25,
  0x00, 0x00, 0x0a, 0x26, 0x00, 0x00, 0x0a, 0x27, 0x00, 0x00, 0x0a, 0x28,
  0x00, 0x00, 0x0a, 0x29, 0x00, 0x00, 0x0a, 0x2a, 0x00, 0x00, 0x0a, 0x2b,
  0x00, 0x00, 0x0a, 0x2c, 0x00, 0x00, 0x0a, 0x2d, 0x00, 0x00, 0x0a, 0x2e,
  0x00, 0x00, 0x0a, 0x2f, 0x00, 0x00, 0x0a, 0x30, 0x00, 0x00, 0x0a, 0x31,
  0x00, 0x00, 0x0a, 0x32, 0x00, 0x00, 0x0a, 0x33, 0x00, 0x00, 0x0a, 0x34,
  0x00, 0x00, 0x0a, 0x35, 0x00, 0x00, 0x0a, 0x36, 0x00, 0x00, 0x0a, 0x37,
  0x00, 0x00, 0x0a, 0x38, 0x00, 0x00, 0x0a, 0x39, 0x00, 0x00, 0x0a, 0x3a,
  0x00, 0x00, 0x0a, 0x3b, 0x00, 0x00, 0x0a, 0x3c, 0x00, 0x00, 0x0a, 0x3d,
  0x00, 0x00, 0x0a, 0x3e, 0x00, 0x00, 0x0a, 0x3f, 0x00, 0x00, 0x0a, 0x40,
  0x00, 0x00, 0x0a, 0x41, 0x00, 0x00, 0x0a, 0x42, 0x00, 0x00, 0x0a, 0x43,
  0x00, 0x00, 0x0a, 0x44, 0x00, 0x00, 0x0a, 0x45, 0x00, 0x00, 0x0a, 0x46,
  0x00, 0x00, 0x0a, 0x47, 0x00, 0x00, 0x0a, 0x48, 0x00, 0x00, 0x0a, 0x49,
  0x00, 0x00, 0x0a, 0x4a, 0x00, 0x00, 0x0a, 0x4b, 0x00, 0x00, 0x0a, 0x4c,
  0x00, 0x00, 0x0a, 0x4d, 0x00, 0x00, 0x0a, 0x4e, 0x00, 0x00, 0x0a, 0x4f,
  0x00, 0x00, 0x0a, 0x50, 0x00, 0x00, 0x0a, 0x51, 0x00, 0x00, 0x0a, 0x52,
  0x00, 0x00, 0x0a, 0x53, 0x00, 0x00, 0x0a, 0x54, 0x00, 0x00, 0x0a, 0x55,
  0x00, 0x00, 0x0a, 0x56, 0x00, 0x00, 0x0a, 0x57, 0x00, 0x00, 0x0a, 0x58,
  0x00, 0x00, 0x0a, 0x59, 0x00, 0x00, 0x0a, 0x5a, 0x00, 0x00, 0x0a, 0x5b,
  0x00, 0x00, 0x0a, 0x5c, 0x00, 0x00, 0x0a, 0x5d, 0x00, 0x00, 0x0a, 0x5e,
  0x00, 0x00, 0x0a, 0x5f, 0x00, 0x00, 0x0a, 0x60, 0x00, 0x00, 0x0a, 0x61,
  0x00, 0x00, 0x0a, 0x62, 0x00, 0x00, 0x0a, 0x63, 0x00, 0x00, 0x0a, 0x64,
  0x00, 0x00, 0x0a, 0x65, 0x00, 0x00, 0x0a, 0x66, 0x00, 0x00, 0x0a, 0x67,
  0x00, 0x00, 0x0a, 0x68, 0x00, 0x00, 0x0a, 0x69, 0x00, 0x00, 0x0a, 0x6a,
  0x00, 0x00, 0x0a, 0x6b, 0x00, 0x00, 0x0a, 0x6c, 0x00, 0x00, 0x0a, 0x6d,
  0x00, 0x00, 0x0a, 0x6e, 0x00, 0x00, 0x0a, 0x6f, 0x00, 0x00, 0x0a, 0x70,
  0x00, 0x00, 0x0a, 0x71, 0x00, 0x00, 0x0a, 0x72, 0x00, 0x00, 0x0a, 0x73,
  0x00, 0x00, 0x0a, 0x74, 0x00, 0x00, 0x0a, 0x75, 0x00, 0x00, 0x0a, 0x76,
  0x00, 0x00, 0x0a, 0x77, 0x00, 0x00, 0x0a, 0x78, 0x00, 0x00, 0x0a, 0x79,
  0x00, 0x00, 0x0a, 0x7a, 0x00, 0x00, 0x0a, 0x7b, 0x00, 0x00, 0x0a, 0x7c,
  0x00, 0x00, 0x0a, 0x7d, 0x00, 0x00, 0x0a, 0x7e, 0x00, 0x00, 0x0a, 0x7f,
  0x00, 0x00, 0x0a, 0x80, 0x00, 0x00, 0x0a, 0x81, 0x00, 0x00, 0x0a, 0x82,
  0x00, 0x00, 0x0a, 0x83, 0x00, 0x00, 0x0a, 0x84, 0x00, 0x00, 0x0a, 0x85,
  0x00, 0x00, 0x0a, 0x86, 0x00, 0x00, 0x0a, 0x87, 0x00, 0x00, 0x0a, 0x88,
  0x00, 0x00, 0x0a, 0x89, 0x00, 0x00, 0x0a, 0x8a, 0x00, 0x00, 0x0a, 0x8b,
  0x00, 0x00, 0x0a, 0x8c, 0x00, 0x00, 0x0a, 0x8d, 0x00, 0x00, 0x0a, 0x8e,
  0x00, 0x00, 0x0a, 0x8f, 0x00, 0x00, 0x0a, 0x90, 0x00, 0x00, 0x0a, 0x91,
  0x00, 0x00, 0x0a, 0x92, 0x00, 0x00, 0x0a, 0x93, 0x00, 0x00, 0x0a, 0x94,
  0x00, 0x00, 0x0a, 0x95, 0x00, 0x00, 0x0a, 0x96, 0x00, 0x00, 0x0a, 0x97,
  0x00, 0x00, 0x0a, 0x98, 0x00, 0x00, 0x0a, 0x99, 0x00, 0x00, 0x0a, 0x9a,
  0x00, 0x00, 0x0a, 0x9b, 0x00, 0x00, 0x0a, 0x9c, 0x00, 0x00, 0x0a, 0x9d,
  0x00, 0x00, 0x0a, 0x9e, 0x00, 0x00, 0x0a, 0x9f, 0x00, 0x00, 0x0a, 0xa0,
  0x00, 0x00, 0x0a, 0xa1, 0x00, 0x00, 0x0a, 0xa2, 0x00, 0x00, 0x0a, 0xa3,
  0x00, 0x00, 0x0a, 0xa4, 0x00, 0x00, 0x0a, 0xa5, 0x00, 0x00, 0x0a, 0xa6,
  0x00, 0x00, 0x0a, 0xa7, 0x00, 0x00, 0x0a, 0xa8, 0x00, 0x00, 0x0a, 0xa9,
  0x00, 0x00, 0x0a, 0xaa, 0x00, 0x00, 0x0a, 0xab, 0x00, 0x00, 0x0a, 0xac,
  0x00, 0x00, 0x0a, 0xad, 0x00, 0x00, 0x0a, 0xae, 0x00, 0x00, 0x0a, 0xaf,
  0x00, 0x00, 0x0a, 0xb0, 0x00, 0x00, 0x0a, 0xb1, 0x00, 0x00, 0x0a, 0xb2,
  0x00, 0x00, 0x0a, 0xb3, 0x00, 0x00, 0x0a, 0xb4, 0x00, 0x00, 0x0a, 0xb5,
  0x00, 0x00, 0x0a, 0xb6, 0x00, 0x00, 0x0a, 0xb7, 0x00, 0x00, 0x0a, 0xb8,
  0x00, 0x00, 0x0a, 0xb9, 0x00, 0x00, 0x0a, 0xba, 0x00, 0x00, 0x0a, 0xbb,
  0x00, 0x00, 0x0a, 0xbc, 0x00, 0x00, 0x0a, 0xbd, 0x00, 0x00, 0x0a, 0xbe,
  0x00, 0x00, 0x0a, 0xbf, 0x00, 0x00, 0x0a, 0xc0, 0x00, 0x00, 0x0a, 0xc1,
  0x00, 0x00, 0x0a, 0xc2, 0x00, 0x00, 0x0a, 0xc3, 0x00, 0x00, 0x0a, 0xc4,
  0x00, 0x00, 0x0a, 0xc5, 0x00, 0x00, 0x0a, 0xc6, 0x00, 0x00, 0x0a, 0xc7,
  0x00, 0x00, 0x0a, 0xc8, 0x00, 0x00, 0x0a, 0xc9, 0x00, 0x00, 0x0a, 0xca,
  0x00, 0x00, 0x0a, 0xcb, 0x00, 0x00, 0x0a, 0xcc, 0x00, 0x00, 0x0a, 0xcd,
  0x00, 0x00, 0x0a, 0xce, 0x00, 0x00, 0x0a, 0xcf, 0x00, 0x00, 0x0a, 0xd0,
  0x00, 0x00, 0x0a, 0xd1, 0x00, 0x00, 0x0a, 0xd2, 0x00, 0x00, 0x0a, 0xd3,
  0x00, 0x00, 0x0a, 0xd4, 0x00, 0x00, 0x0a, 0xd5, 0x00, 0x00, 0x0a, 0xd6,
  0x00, 0x00, 0x0a, 0xd7, 0x00, 0x00, 0x0a, 0xd8, 0x00, 0x00, 0x0a, 0xd9,
  0x00, 0x00, 0x0a, 0xda, 0x00, 0x00, 0x0a, 0xdb, 0x00, 0x00, 0x0a, 0xdc,
  0x00, 0x00, 0x0a, 0xdd, 0x00, 0x00, 0x0a, 0xde, 0x00, 0x00, 0x0a, 0xdf,
  0x00, 0x00, 0x0a, 0xe0, 0x00, 0x00, 0x0a, 0xe1, 0x00, 0x00, 0x0a, 0xe2,
  0x00, 0x00, 0x0a, 0xe3, 0x00, 0x00, 0x0a, 0xe4, 0x00, 0x00, 0x0a, 0xe5,
  0x00, 0x00, 0x0a, 0xe6, 0x00, 0x00, 0x0a, 0xe7, 0x00, 0x00, 0x0a, 0xe8,
  0x00, 0x00, 0x0a, 0xe9, 0x00, 0x00, 0x0a, 0xea, 0x00, 0x00, 0x0a, 0xeb,
  0x00, 0x00, 0x0a, 0xec, 0x00, 0x00, 0x0a, 0xed, 0x00, 0x00, 0x0a, 0xee,
  0x00, 0x00, 0x0a, 0xef, 0x00, 0x00, 0x0a, 0xf0, 0x00, 0x00, 0x0a, 0xf1,
  0x00, 0x00, 0x0a, 0xf2, 0x00, 0x00, 0x0a, 0xf3, 0x00, 0x00, 0x0a, 0xf4,
  0x00, 0x00, 0x0a, 0xf5, 0x00, 0x00, 0x0a, 0xf6, 0x00, 0x00, 0x0a, 0xf7,
  0x00, 0x00, 0x0a, 0xf8, 0x00, 0x00, 0x0a, 0xf9, 0x00, 0x00, 0x0a, 0xfa,
  0x00, 0x00, 0x0a, 0xfb, 0x00, 0x00, 0x0a, 0xfc, 0x00, 0x00, 0x0a, 0xfd,
  0x00, 0x00, 0x0a, 0xfe, 0x00, 0x00, 0x0a, 0xff, 0x00, 0x00, 0x0b, 0x00,
  0x00, 0x00, 0x0b, 0x01, 0x00, 0x00, 0x0b, 0x02, 0x00, 0x00, 0x0b, 0x03,
  0x00, 0x00, 0x0b, 0x04, 0x00, 0x00, 0x0b, 0x05, 0x00, 0x00, 0x0b, 0x06,
  0x00, 0x00, 0x0b, 0x07, 0x00, 0x00, 0x0b, 0x08, 0x00, 0x00, 0x0b, 0x09,
  0x00, 0x00, 0x0b, 0x0a, 0x00, 0x00, 0x0b, 0x0b, 0x00, 0x00, 0x0b, 0x0c,
  0x00, 0x00, 0x0b, 0x0d, 0x00, 0x00, 0x0b, 0x0e, 0x00, 0x00, 0x0b, 0x0f,
  0x00, 0x00, 0x0b, 0x10, 0x00, 0x00, 0x0b, 0x11, 0x00, 0x00, 0x0b, 0x12,
  0x00, 0x00, 0x0b, 0x13, 0x00, 0x00, 0x0b, 0x14, 0x00, 0x00, 0x0b, 0x15,
  0x00, 0x00, 0x0b, 0x16, 0x00, 0x00, 0x0b, 0x17, 0x00, 0x00, 0x0b, 0x18,
  0x00, 0x00, 0x0b, 0x19, 0x00, 0x00, 0x0b, 0x1a, 0x00, 0x00, 0x0b, 0x1b,
  0x00, 0x00, 0x0b, 0x1c, 0x00, 0x00, 0x0b, 0x1d, 0x00, 0x00, 0x0b, 0x1e,
  0x00, 0x00, 0x0b, 0x1f, 0x00, 0x00, 0x0b, 0x20, 0x00, 0x00, 0x0b, 0x21,
  0x00, 0x00, 0x0b, 0x22, 0x00, 0x00, 0x0b, 0x23, 0x00, 0x00, 0x0b, 0x24,
  0x00, 0x00, 0x0b, 0x25, 0x00, 0x00, 0x0b, 0x26, 0x00, 0x00, 0x0b, 0x27,
  0x00, 0x00, 0x0b, 0x28, 0x00, 0x00, 0x0b, 0x29, 0x00, 0x00, 0x0b, 0x2a,
  0x00, 0x00, 0x0b, 0x2b, 0x00, 0x00, 0x0b, 0x2c, 0x00, 0x00, 0x0b, 0x2d,
  0x00, 0x00, 0x0b, 0x2e, 0x00, 0x00, 0x0b, 0x2f, 0x00, 0x00, 0x0b, 0x30,
  0x00, 0x00, 0x0b, 0x31, 0x00, 0x00, 0x0b, 0x32, 0x00, 0x00, 0x0b, 0x33,
  0x00, 0x00, 0x0b, 0x34, 0x00, 0x00, 0x0b, 0x35, 0x00, 0x00, 0x0b, 0x36,
  0x00, 0x00, 0x0b, 0x37, 0x00, 0x00, 0x0b, 0x38, 0x00, 0x00, 0x0b, 0x39,
  0x00, 0x00, 0x0b, 0x3a, 0x00, 0x00, 0x0b, 0x3b, 0x00, 0x00, 0x0b, 0x3c,
  0x00, 0x00, 0x0b, 0x3d, 0x00, 0x00, 0x0b, 0x3e, 0x00, 0x00, 0x0b, 0x3f,
  0x00, 0x00, 0x0b, 0x40, 0x00, 0x00, 0x0b, 0x41, 0x00, 0x00, 0x0b, 0x42,
  0x00, 0x00, 0x0b, 0x43, 0x00, 0x00, 0x0b, 0x44, 0x00, 0x00, 0x0b, 0x45,
  0x00, 0x00, 0x0b, 0x46, 0x00, 0x00, 0x0b, 0x47, 0x00, 0x00, 0x0b, 0x48,
  0x00, 0x00, 0x0b, 0x49, 0x00, 0x00, 0x0b, 0x4a, 0x00, 0x00, 0x0b, 0x4b,
  0x00, 0x00, 0x0b, 0x4c, 0x00, 0x00, 0x0b, 0x4d, 0x00, 0x00, 0x0b, 0x4e,
  0x00, 0x00, 0x0b, 0x4f, 0x00, 0x00, 0x0b, 0x50, 0x00, 0x00, 0x0b, 0x51,
  0x00, 0x00, 0x0b, 0x52, 0x00, 0x00, 0x0b, 0x53, 0x00, 0x00, 0x0b, 0x54,
  0x00, 0x00, 0x0b, 0x55, 0x00, 0x00, 0x0b, 0x56, 0x00, 0x00, 0x0b, 0x57,
  0x00, 0x00, 0x0b, 0x58, 0x00, 0x00, 0x0b, 0x59, 0x00, 0x00, 0x0b, 0x5a,
  0x00, 0x00, 0x0b, 0x5b, 0x00, 0x00, 0x0b, 0x5c, 0x00, 0x00, 0x0b, 0x5d,
  0x00, 0x00, 0x0b, 0x5e, 0x00, 0x00, 0x0b, 0x5f, 0x00, 0x00, 0x0b, 0x60,
  0x00, 0x00, 0x0b, 0x61, 0x00, 0x00, 0x0b, 0x62, 0x00, 0x00, 0x0b, 0x63,
  0x00, 0x00, 0x0b, 0x64, 0x00, 0x00, 0x0b, 0x65, 0x00, 0x00, 0x0b, 0x66,
  0x00, 0x00, 0x0b, 0x67, 0x00, 0x00, 0x0b, 0x68, 0x00, 0x00, 0x0b, 0x69,
  0x00, 0x00, 0x0b, 0x6a, 0x00, 0x00, 0x0b, 0x6b, 0x00, 0x00, 0x0b, 0x6c,
  0x00, 0x00, 0x0b, 0x6d, 0x00, 0x00, 0x0b, 0x6e, 0x00, 0x00, 0x0b, 0x6f,
  0x00, 0x00, 0x0b, 0x70, 0x00, 0x00, 0x0b, 0x71, 0x00, 0x00, 0x0b, 0x72,
  0x00, 0x00, 0x0b, 0x73, 0x00, 0x00, 0x0b, 0x74, 0x00, 0x00, 0x0b, 0x75,
  0x00, 0x00, 0x0b, 0x76, 0x00, 0x00, 0x0b, 0x77, 0x00, 0x00, 0x0b, 0x78,
  0x00, 0x00, 0x0b, 0x79, 0x00, 0x00, 0x0b, 0x7a, 0x00, 0x00, 0x0b, 0x7b,
  0x00, 0x00, 0x0b, 0x7c, 0x00, 0x00, 0x0b, 0x7d, 0x00, 0x00, 0x0b, 0x7e,
  0x00, 0x00, 0x0b, 0x7f, 0x00, 0x00, 0x0b, 0x80, 0x00, 0x00, 0x0b, 0x81,
  0x00, 0x00, 0x0b, 0x82, 0x00, 0x00, 0x0b, 0x83, 0x00, 0x00, 0x0b, 0x84,
  0x00, 0x00, 0x0b, 0x85, 0x00, 0x00, 0x0b, 0x86, 0x00, 0x00, 0x0b, 0x87,
  0x00, 0x00, 0x0b, 0x88, 0x00, 0x00, 0x0b, 0x89, 0x00, 0x00, 0x0b, 0x8a,
  0x00, 0x00, 0x0b, 0x8b, 0x00, 0x00, 0x0b, 0x8c, 0x00, 0x00, 0x0b, 0x8d,
  0x00, 0x00, 0x0b, 0x8e, 0x00, 0x00, 0x0b, 0x8f, 0x00, 0x00, 0x0b, 0x90,
  0x00, 0x00, 0x0b, 0x91, 0x00, 0x00, 0x0b, 0x92, 0x00, 0x00, 0x0b, 0x93,
  0x00, 0x00, 0x0b, 0x94, 0x00, 0x00, 0x0b, 0x95, 0x00, 0x00, 0x0b, 0x96,
  0x00, 0x00, 0x0b, 0x97, 0x00, 0x00, 0x0b, 0x98, 0x00, 0x00, 0x0b, 0x99,
  0x00, 0x00, 0x0b, 0x9a, 0x00, 0x00, 0x0b, 0x9b, 0x00, 0x00, 0x0b, 0x9c,
  0x00, 0x00, 0x0b, 0x9d, 0x00, 0x00, 0x0b, 0x9e, 0x00, 0x00, 0x0b, 0x9f,
  0x00, 0x00, 0x0b, 0xa0, 0x00, 0x00, 0x0b, 0xa1, 0x00, 0x00, 0x0b, 0xa2,
  0x00, 0x00, 0x0b, 0xa3, 0x00, 0x00, 0x0b, 0xa4, 0x00, 0x00, 0x0b, 0xa5,
  0x00, 0x00, 0x0b, 0xa6, 0x00, 0x00, 0x0b, 0xa7, 0x00, 0x00, 0x0b, 0xa8,
  0x00, 0x00, 0x0b, 0xa9, 0x00, 0x00, 0x0b, 0xaa, 0x00, 0x00, 0x0b, 0xab,
  0x00, 0x00, 0x0b, 0xac, 0x00, 0x00, 0x0b, 0xad, 0x00, 0x00, 0x0b, 0xae,
  0x00, 0x00, 0x0b, 0xaf, 0x00, 0x00, 0x0b, 0xb0, 0x00, 0x00, 0x0b, 0xb1,
  0x00, 0x00, 0x0b, 0xb2, 0x00, 0x00, 0x0b, 0xb3, 0x00, 0x00, 0x0b, 0xb4,
  0x00, 0x00, 0x0b, 0xb5, 0x00, 0x00, 0x0b, 0xb6, 0x00, 0x00, 0x0b, 0xb7,
  0x00, 0x00, 0x0b, 0xb8, 0x00, 0x00, 0x0b, 0xb9, 0x00, 0x00, 0x0b, 0xba,
  0x00, 0x00, 0x0b, 0xbb, 0x00, 0x00, 0x0b, 0xbc, 0x00, 0x00, 0x0b, 0xbd,
  0x00, 0x00, 0x0b, 0xbe, 0x00, 0x00, 0x0b, 0xbf, 0x00, 0x00, 0x0b, 0xc0,
  0x00, 0x00, 0x0b, 0xc1, 0x00, 0x00, 0x0b, 0xc2, 0x00, 0x00, 0x0b, 0xc3,
  0x00, 0x00, 0x0b, 0xc4, 0x00, 0x00, 0x0b, 0xc5, 0x00, 0x00, 0x0b, 0xc6,
  0x00, 0x00, 0x0b, 0xc7, 0x00, 0x00, 0x0b, 0xc8, 0x00, 0x00, 0x0b, 0xc9,
  0x00, 0x00, 0x0b, 0xca, 0x00, 0x00, 0x0b, 0xcb, 0x00, 0x00, 0x0b, 0xcc,
  0x00, 0x00, 0x0b, 0xcd, 0x00, 0x00, 0x0b, 0xce, 0x00, 0x00, 0x0b, 0xcf,
  0x00, 0x00, 0x0b, 0xd0, 0x00, 0x00, 0x0b, 0xd1, 0x00, 0x00, 0x0b, 0xd2,
  0x00, 0x00, 0x0b, 0xd3, 0x00, 0x00, 0x0b, 0xd4, 0x00, 0x00, 0x0b, 0xd5,
  0x00, 0x00, 0x0b, 0xd6, 0x00, 0x00, 0x0b, 0xd7, 0x00, 0x00, 0x0b, 0xd8,
  0x00, 0x00, 0x0b, 0xd9, 0x00, 0x00, 0x0b, 0xda, 0x00, 0x00, 0x0b, 0xdb,
  0x00, 0x00, 0x0b, 0xdc, 0x00, 0x00, 0x0b, 0xdd, 0x00, 0x00, 0x0b, 0xde,
  0x00, 0x00, 0x0b, 0xdf, 0x00, 0x00, 0x0b, 0xe0, 0x00, 0x00, 0x0b, 0xe1,
  0x00, 0x00, 0x0b, 0xe2, 0x00, 0x00, 0x0b, 0xe3, 0x00, 0x00, 0x0b, 0xe4,
  0x00, 0x00, 0x0b, 0xe5, 0x00, 0x00, 0x0b, 0xe6, 0x00, 0x00, 0x0b, 0xe7,
  0x00, 0x00, 0x0b, 0xe8, 0x00, 0x00, 0x0b, 0xe9, 0x00, 0x00, 0x0b, 0xea,
  0x00, 0x00, 0x0b, 0xeb, 0x00, 0x00, 0x0b, 0xec, 0x00, 0x00, 0x0b, 0xed,
  0x00, 0x00, 0x0b, 0xee, 0x00, 0x00, 0x0b, 0xef, 0x00, 0x00, 0x0b, 0xf0,
  0x00, 0x00, 0x0b, 0xf1, 0x00, 0x00, 0x0b, 0xf2, 0x00, 0x00, 0x0b, 0xf3,
  0x00, 0x00, 0x0b, 0xf4, 0x00, 0x00, 0x0b, 0xf5, 0x00, 0x00, 0x0b, 0xf6,
  0x00, 0x00, 0x0b, 0xf7, 0x00, 0x00, 0x0b, 0xf8, 0x00, 0x00, 0x0b, 0xf9,
  0x00, 0x00, 0x0b, 0xfa, 0x00, 0x00, 0x0b, 0xfb, 0x00, 0x00, 0x0b, 0xfc,
  0x00, 0x00, 0x0b, 0xfd, 0x00, 0x00, 0x0b, 0xfe, 0x00, 0x00, 0x0b, 0xff,
  0x00, 0x00, 0x0c, 0x00, 0x00, 0x00, 0x0c, 0x01, 0x00, 0x00, 0x0c, 0x02,
  0x00, 0x00, 0x0c, 0x03, 0x00, 0x00, 0x0c, 0x04, 0x00, 0x00, 0x0c, 0x05,
  0x00, 0x00, 0x0c, 0x06, 0x00, 0x00, 0x0c, 0x07, 0x00, 0x00, 0x0c, 0x08,
  0x00, 0x00, 0x0c, 0x09, 0x00, 0x00, 0x0c, 0x0a, 0x00, 0x00, 0x0c, 0x0b,
  0x00, 0x00, 0x0c, 0x0c, 0x00, 0x00, 0x0c, 0x0d, 0x00, 0x00, 0x0c, 0x0e,
  0x00, 0x00, 0x0c, 0x0f, 0x00, 0x00, 0x0c, 0x10, 0x00, 0x00, 0x0c, 0x11,
  0x00, 0x00, 0x0c, 0x12, 0x00, 0x00, 0x0c, 0x13, 0x00, 0x00, 0x0c, 0x14,
  0x00, 0x00, 0x0c, 0x15, 0x00, 0x00, 0x0c, 0x16, 0x00, 0x00, 0x0c, 0x17,
  0x00, 0x00, 0x0c, 0x18, 0x00, 0x00, 0x0c, 0x19, 0x00, 0x00, 0x0c, 0x1a,
  0x00, 0x00, 0x0c, 0x1b, 0x00, 0x00, 0x0c, 0x1c, 0x00, 0x00, 0x0c, 0x1d,
  0x00, 0x00, 0x0c, 0x1e, 0x00, 0x00, 0x0c, 0x1f, 0x00, 0x00, 0x0c, 0x20,
  0x00, 0x00, 0x0c, 0x21, 0x00, 0x00, 0x0c, 0x22, 0x00, 0x00, 0x0c, 0x23,
  0x00, 0x00, 0x0c, 0x24, 0x00, 0x00, 0x0c, 0x25, 0x00, 0x00, 0x0c, 0x26,
  0x00, 0x00, 0x0c, 0x27, 0x00, 0x00, 0x0c, 0x28, 0x00, 0x00, 0x0c, 0x29,
  0x00, 0x00, 0x0c, 0x2a, 0x00, 0x00, 0x0c, 0x2b, 0x00, 0x00, 0x0c, 0x2c,
  0x00, 0x00, 0x0c, 0x2d, 0x00, 0x00, 0x0c, 0x2e, 0x00, 0x00, 0x0c, 0x2f,
  0x00, 0x00, 0x0c, 0x30, 0x00, 0x00, 0x0c, 0x31, 0x00, 0x00, 0x0c, 0x32,
  0x00, 0x00, 0x0c, 0x33, 0x00, 0x00, 0x0c, 0x34, 0x00, 0x00, 0x0c, 0x35,
  0x00, 0x00, 0x0c, 0x36, 0x00, 0x00, 0x0c, 0x37, 0x00, 0x00, 0x0c, 0x38,
  0x00, 0x00, 0x0c, 0x39, 0x00, 0x00, 0x0c, 0x3a, 0x00, 0x00, 0x0c, 0x3b,
  0x00, 0x00, 0x0c, 0x3c, 0x00, 0x00, 0x0c, 0x3d, 0x00, 0x00, 0x0c, 0x3e,
  0x00, 0x00, 0x0c, 0x3f, 0x00, 0x00, 0x0c, 0x40, 0x00, 0x00, 0x0c, 0x41,
  0x00, 0x00, 0x0c, 0x42, 0x00, 0x00, 0x0c, 0x43, 0x00, 0x00, 0x0c, 0x44,
  0x00, 0x00, 0x0c, 0x45, 0x00, 0x00, 0x0c, 0x46, 0x00, 0x00, 0x0c, 0x47,
  0x00, 0x00, 0x0c, 0x48, 0x00, 0x00, 0x0c, 0x49, 0x00, 0x00, 0x0c, 0x4a,
  0x00, 0x00, 0x0c, 0x4b, 0x00, 0x00, 0x0c, 0x4c, 0x00, 0x00, 0x0c, 0x4d,
  0x00, 0x00, 0x0c, 0x4e, 0x00, 0x00, 0x0c, 0x4f, 0x00, 0x00, 0x0c, 0x50,
  0x00, 0x00, 0x0c, 0x51, 0x00, 0x00, 0x0c, 0x52, 0x00, 0x00, 0x0c, 0x53,
  0x00, 0x00, 0x0c, 0x54, 0x00, 0x00, 0x0c, 0x55, 0x00, 0x00, 0x0c, 0x56,
  0x00, 0x00, 0x0c, 0x57, 0x00, 0x00, 0x0c, 0x58, 0x00, 0x00, 0x0c, 0x59,
  0x00, 0x00, 0x0c, 0x5a, 0x00, 0x00, 0x0c, 0x5b, 0x00, 0x00, 0x0c, 0x5c,
  0x00, 0x00, 0x0c, 0x5d, 0x00, 0x00, 0x0c, 0x5e, 0x00, 0x00, 0x0c, 0x5f,
  0x00, 0x00, 0x0c, 0x60, 0x00, 0x00, 0x0c, 0x61, 0x00, 0x00, 0x0c, 0x62,
  0x00, 0x00, 0x0c, 0x63, 0x00, 0x00, 0x0c, 0x64, 0x00, 0x00, 0x0c, 0x65,
  0x00, 0x00, 0x0c, 0x66, 0x00, 0x00, 0x0c, 0x67, 0x00, 0x00, 0x0c, 0x68,
  0x00, 0x00, 0x0c, 0x69, 0x00, 0x00, 0x0c, 0x6a, 0x00, 0x00, 0x0c, 0x6b,
  0x00, 0x00, 0x0c, 0x6c, 0x00, 0x00, 0x0c, 0x6d, 0x00, 0x00, 0x0c, 0x6e,
  0x00, 0x00, 0x0c, 0x6f, 0x00, 0x00, 0x0c, 0x70, 0x00, 0x00, 0x0c, 0x71,
  0x00, 0x00, 0x0c, 0x72, 0x00, 0x00, 0x0c, 0x73, 0x00, 0x00, 0x0c, 0x74,
  0x00, 0x00, 0x0c, 0x75, 0x00, 0x00, 0x0c, 0x76, 0x00, 0x00, 0x0c, 0x77,
  0x00, 0x00, 0x0c, 0x78, 0x00, 0x00, 0x0c, 0x79, 0x00, 0x00, 0x0c, 0x7a,
  0x00, 0x00, 0x0c, 0x7b, 0x00, 0x00, 0x0c, 0x7c, 0x00, 0x00, 0x0c, 0x7d,
  0x00, 0x00, 0x0c, 0x7e, 0x00, 0x00, 0x0c, 0x7f, 0x00, 0x00, 0x0c, 0x80,
  0x00, 0x00, 0x0c, 0x81, 0x00, 0x00, 0x0c, 0x82, 0x00, 0x00, 0x0c, 0x83,
  0x00, 0x00, 0x0c, 0x84, 0x00, 0x00, 0x0c, 0x85, 0x00, 0x00, 0x0c, 0x86,
  0x00, 0x00, 0x0c, 0x87, 0x00, 0x00, 0x0c, 0x88, 0x00, 0x00, 0x0c, 0x89,
  0x00, 0x00, 0x0c, 0x8a, 0x00, 0x00, 0x0c, 0x8b, 0x00, 0x00, 0x0c, 0x8c,
  0x00, 0x00, 0x0c, 0x8d, 0x00, 0x00, 0x0c, 0x8e, 0x00, 0x00, 0x0c, 0x8f,
  0x00, 0x00, 0x0c, 0x90, 0x00, 0x00, 0x0c, 0x91, 0x00, 0x00, 0x0c, 0x92,
  0x00, 0x00, 0x0c, 0x93, 0x00, 0x00, 0x0c, 0x94, 0x00, 0x00, 0x0c, 0x95,
  0x00, 0x00, 0x0c, 0x96, 0x00, 0x00, 0x0c, 0x97, 0x00, 0x00, 0x0c, 0x98,
  0x00, 0x00, 0x0c, 0x99, 0x00, 0x00, 0x0c, 0x9a, 0x00, 0x00, 0x0c, 0x9b,
  0x00, 0x00, 0x0c, 0x9c, 0x00, 0x00, 0x0c, 0x9d, 0x00, 0x00, 0x0c, 0x9e,
  0x00, 0x00, 0x0c, 0x9f, 0x00, 0x00, 0x0c, 0xa0, 0x00, 0x00, 0x0c, 0xa1,
  0x00, 0x00, 0x0c, 0xa2, 0x00, 0x00, 0x0c, 0xa3, 0x00, 0x00, 0x0c, 0xa4,
  0x00, 0x00, 0x0c, 0xa5, 0x00, 0x00, 0x0c, 0xa6, 0x00, 0x00, 0x0c, 0xa7,
  0x00, 0x00, 0x0c, 0xa8, 0x00, 0x00, 0x0c, 0xa9, 0x00, 0x00, 0x0c, 0xaa,
  0x00, 0x00, 0x0c, 0xab, 0x00, 0x00, 0x0c, 0xac, 0x00, 0x00, 0x0c, 0xad,
  0x00, 0x00, 0x0c, 0xae, 0x00, 0x00, 0x0c, 0xaf, 0x00, 0x00, 0x0c, 0xb0,
  0x00, 0x00, 0x0c, 0xb1, 0x00, 0x00, 0x0c, 0xb2, 0x00, 0x00, 0x0c, 0xb3,
  0x00, 0x00, 0x0c, 0xb4, 0x00, 0x00, 0x0c, 0xb5, 0x00, 0x00, 0x0c, 0xb6,
  0x00, 0x00, 0x0c, 0xb7, 0x00, 0x00, 0x0c, 0xb8, 0x00, 0x00, 0x0c, 0xb9,
  0x00, 0x00, 0x0c, 0xba, 0x00, 0x00, 0x0c, 0xbb, 0x00, 0x00, 0x0c, 0xbc,
  0x00, 0x00, 0x0c, 0xbd, 0x00, 0x00, 0x0c, 0xbe, 0x00, 0x00, 0x0c, 0xbf,
  0x00, 0x00, 0x0c, 0xc0, 0x00, 0x00, 0x0c, 0xc1, 0x00, 0x00, 0x0c, 0xc2,
  0x00, 0x00, 0x0c, 0xc3, 0x00, 0x00, 0x0c, 0xc4, 0x00, 0x00, 0x0c, 0xc5,
  0x00, 0x00, 0x0c, 0xc6, 0x00, 0x00, 0x0c, 0xc7, 0x00, 0x00, 0x0c, 0xc8,
  0x00, 0x00, 0x0c, 0xc9, 0x00, 0x00, 0x0c, 0xca, 0x00, 0x00, 0x0c, 0xcb,
  0x00, 0x00, 0x0c, 0xcc, 0x00, 0x00, 0x0c, 0xcd, 0x00, 0x00, 0x0c, 0xce,
  0x00, 0x00, 0x0c, 0xcf, 0x00, 0x00, 0x0c, 0xd0, 0x00, 0x00, 0x0c, 0xd1,
  0x00, 0x00, 0x0c, 0xd2, 0x00, 0x00, 0x0c, 0xd3, 0x00, 0x00, 0x0c, 0xd4,
  0x00, 0x00, 0x0c, 0xd5, 0x00, 0x00, 0x0c, 0xd6, 0x00, 0x00, 0x0c, 0xd7,
  0x00, 0x00, 0x0c, 0xd8, 0x00, 0x00, 0x0c, 0xd9, 0x00, 0x00, 0x0c, 0xda,
  0x00, 0x00, 0x0c, 0xdb, 0x00, 0x00, 0x0c, 0xdc, 0x00, 0x00, 0x0c, 0xdd,
  0x00, 0x00, 0x0c, 0xde, 0x00, 0x00, 0x0c, 0xdf, 0x00, 0x00, 0x0c, 0xe0,
  0x00, 0x00, 0x0c, 0xe1, 0x00, 0x00, 0x0c, 0xe2, 0x00, 0x00, 0x0c, 0xe3,
  0x00, 0x00, 0x0c, 0xe4, 0x00, 0x00, 0x0c, 0xe5, 0x00, 0x00, 0x0c, 0xe6,
  0x00, 0x00, 0x0c, 0xe7, 0x00, 0x00, 0x0c, 0xe8, 0x00, 0x00, 0x0c, 0xe9,
  0x00, 0x00, 0x0c, 0xea, 0x00, 0x00, 0x0c, 0xeb, 0x00, 0x00, 0x0c, 0xec,
  0x00, 0x00, 0x0c, 0xed, 0x00, 0x00, 0x0c, 0xee, 0x00, 0x00, 0x0c, 0xef,
  0x00, 0x00, 0x0c, 0xf0, 0x00, 0x00, 0x0c, 0xf1, 0x00, 0x00, 0x0c, 0xf2,
  0x00, 0x00, 0x0c, 0xf3, 0x00, 0x00, 0x0c, 0xf4, 0x00, 0x00, 0x0c, 0xf5,
  0x00, 0x00, 0x0c, 0xf6, 0x00, 0x00, 0x0c, 0xf7, 0x00, 0x00, 0x0c, 0xf8,
  0x00, 0x00, 0x0c, 0xf9, 0x00, 0x00, 0x0c, 0xfa, 0x00, 0x00, 0x0c, 0xfb,
  0x00, 0x00, 0x0c, 0xfc, 0x00, 0x00, 0x0c, 0xfd, 0x00, 0x00, 0x0c, 0xfe,
  0x00, 0x00, 0x0c, 0xff, 0x00, 0x00, 0x0d, 0x00, 0x00, 0x00, 0x0d, 0x01,
  0x00, 0x00, 0x0d, 0x02, 0x00, 0x00, 0x0d, 0x03, 0x00, 0x00, 0x0d, 0x04,
  0x00, 0x00, 0x0d, 0x05, 0x00, 0x00, 0x0d, 0x06, 0x00, 0x00, 0x0d, 0x07,
  0x00, 0x00, 0x0d, 0x08, 0x00, 0x00, 0x0d, 0x09, 0x00, 0x00, 0x0d, 0x0a,
  0x00, 0x00, 0x0d, 0x0b, 0x00, 0x00, 0x0d, 0x0c, 0x00, 0x00, 0x0d, 0x0d,
  0x00, 0x00, 0x0d, 0x0e, 0x00, 0x00, 0x0d, 0x0f, 0x00, 0x00, 0x0d, 0x10,
  0x00, 0x00, 0x0d, 0x11, 0x00, 0x00, 0x0d, 0x12, 0x00, 0x00, 0x0d, 0x13,
  0x00, 0x00, 0x0d, 0x14, 0x00, 0x00, 0x0d, 0x15, 0x00, 0x00, 0x0d, 0x16,
  0x00, 0x00, 0x0d, 0x17, 0x00, 0x00, 0x0d, 0x18, 0x00, 0x00, 0x0d, 0x19,
  0x00, 0x00, 0x0d, 0x1a, 0x00, 0x00, 0x0d, 0x1b, 0x00, 0x00, 0x0d, 0x1c,
  0x00, 0x00, 0x0d, 0x1d, 0x00, 0x00, 0x0d, 0x1e, 0x00, 0x00, 0x0d, 0x1f,
  0x00, 0x00, 0x0d, 0x20, 0x00, 0x00, 0x0d, 0x21, 0x00, 0x00, 0x0d, 0x22,
  0x00, 0x00, 0x0d, 0x23, 0x00, 0x00, 0x0d, 0x24, 0x00, 0x00, 0x0d, 0x25,
  0x00, 0x00, 0x0d, 0x26, 0x00, 0x00, 0x0d, 0x27, 0x00, 0x00, 0x0d, 0x28,
  0x00, 0x00, 0x0d, 0x29, 0x00, 0x00, 0x0d, 0x2a, 0x00, 0x00, 0x0d, 0x2b,
  0x00, 0x00, 0x0d, 0x2c, 0x00, 0x00, 0x0d, 0x2d, 0x00, 0x00, 0x0d, 0x2e,
  0x00, 0x00, 0x0d, 0x2f, 0x00, 0x00, 0x0d, 0x30, 0x00, 0x00, 0x0d, 0x31,
  0x00, 0x00, 0x0d, 0x32, 0x00, 0x00, 0x0d, 0x33, 0x00, 0x00, 0x0d, 0x34,
  0x00, 0x00, 0x0d, 0x35, 0x00, 0x00, 0x0d, 0x36, 0x00, 0x00, 0x0d, 0x37,
  0x00, 0x00, 0x0d, 0x38, 0x00, 0x00, 0x0d, 0x39, 0x00, 0x00, 0x0d, 0x3a,
  0x00, 0x00, 0x0d, 0x3b, 0x00, 0x00, 0x0d, 0x3c, 0x00, 0x00, 0x0d, 0x3d,
  0x00, 0x00, 0x0d, 0x3e, 0x00, 0x00, 0x0d, 0x3f, 0x00, 0x00, 0x0d, 0x40,
  0x00, 0x00, 0x0d, 0x41, 0x00, 0x00, 0x0d, 0x42, 0x00, 0x00, 0x0d, 0x43,
  0x00, 0x00, 0x0d, 0x44, 0x00, 0x00, 0x0d, 0x45, 0x00, 0x00, 0x0d, 0x46,
  0x00, 0x00, 0x0d, 0x47, 0x00, 0x00, 0x0d, 0x48, 0x00, 0x00, 0x0d, 0x49,
  0x00, 0x00, 0x0d, 0x4a, 0x00, 0x00, 0x0d, 0x4b, 0x00, 0x00, 0x0d, 0x4c,
  0x00, 0x00, 0x0d, 0x4d, 0x00, 0x00, 0x0d, 0x4e, 0x00, 0x00, 0x0d, 0x4f,
  0x00, 0x00, 0x0d, 0x50, 0x00, 0x00, 0x0d, 0x51, 0x00, 0x00, 0x0d, 0x52,
  0x00, 0x00, 0x0d, 0x53, 0x00, 0x00, 0x0d, 0x54, 0x00, 0x00, 0x0d, 0x55,
  0x00, 0x00, 0x0d, 0x56, 0x00, 0x00, 0x0d, 0x57, 0x00, 0x00, 0x0d, 0x58,
  0x00, 0x00, 0x0d, 0x59, 0x00, 0x00, 0x0d, 0x5a, 0x00, 0x00, 0x0d, 0x5b,
  0x00, 0x00, 0x0d, 0x5c, 0x00, 0x00, 0x0d, 0x5d, 0x00, 0x00, 0x0d, 0x5e,
  0x00, 0x00, 0x0d, 0x5f, 0x00, 0x00, 0x0d, 0x60, 0x00, 0x00, 0x0d, 0x61,
  0x00, 0x00, 0x0d, 0x62, 0x00, 0x00, 0x0d, 0x63, 0x00, 0x00, 0x0d, 0x64,
  0x00, 0x00, 0x0d, 0x65, 0x00, 0x00, 0x0d, 0x66, 0x00, 0x00, 0x0d, 0x67,
  0x00, 0x00, 0x0d, 0x68, 0x00, 0x00, 0x0d, 0x69, 0x00, 0x00, 0x0d, 0x6a,
  0x00, 0x00, 0x0d, 0x6b, 0x00, 0x00, 0x0d, 0x6c, 0x00, 0x00, 0x0d, 0x6d,
  0x00, 0x00, 0x0d, 0x6e, 0x00, 0x00, 0x0d, 0x6f, 0x00, 0x00, 0x0d, 0x70,
  0x00, 0x00, 0x0d, 0x71, 0x00, 0x00, 0x0d, 0x72, 0x00, 0x00, 0x0d, 0x73,
  0x00, 0x00, 0x0d, 0x74, 0x00, 0x00, 0x0d, 0x75, 0x00, 0x00, 0x0d, 0x76,
  0x00, 0x00, 0x0d, 0x77, 0x00, 0x00, 0x0d, 0x78, 0x00, 0x00, 0x0d, 0x79,
  0x00, 0x00, 0x0d, 0x7a, 0x00, 0x00, 0x0d, 0x7b, 0x00, 0x00, 0x0d, 0x7c,
  0x00, 0x00, 0x0d, 0x7d, 0x00, 0x00, 0x0d, 0x7e, 0x00, 0x00, 0x0d, 0x7f,
  0x00, 0x00, 0x0d, 0x80, 0x00, 0x00, 0x0d, 0x81, 0x00, 0x00, 0x0d, 0x82,
  0x00, 0x00, 0x0d, 0x83, 0x00, 0x00, 0x0d, 0x84, 0x00, 0x00, 0x0d, 0x85,
  0x00, 0x00, 0x0d, 0x86, 0x00, 0x00, 0x0d, 0x87, 0x00, 0x00, 0x0d, 0x88,
  0x00, 0x00, 0x0d, 0x89, 0x00, 0x00, 0x0d, 0x8a, 0x00, 0x00, 0x0d, 0x8b,
  0x00, 0x00, 0x0d, 0x8c, 0x00, 0x00, 0x0d, 0x8d, 0x00, 0x00, 0x0d, 0x8e,
  0x00, 0x00, 0x0d, 0x8f, 0x00, 0x00, 0x0d, 0x90, 0x00, 0x00, 0x0d, 0x91,
  0x00, 0x00, 0x0d, 0x92, 0x00, 0x00, 0x0d, 0x93, 0x00, 0x00, 0x0d, 0x94,
  0x00, 0x00, 0x0d, 0x95, 0x00, 0x00, 0x0d, 0x96, 0x00, 0x00, 0x0d, 0x97,
  0x00, 0x00, 0x0d, 0x98, 0x00, 0x00, 0x0d, 0x99, 0x00, 0x00, 0x0d, 0x9a,
  0x00, 0x00, 0x0d, 0x9b, 0x00, 0x00, 0x0d, 0x9c, 0x00, 0x00, 0x0d, 0x9d,
  0x00, 0x00, 0x0d, 0x9e, 0x00, 0x00, 0x0d, 0x9f, 0x00, 0x00, 0x0d, 0xa0,
  0x00, 0x00, 0x0d, 0xa1, 0x00, 0x00, 0x0d, 0xa2, 0x00, 0x00, 0x0d, 0xa3,
  0x00, 0x00, 0x0d, 0xa4, 0x00, 0x00, 0x0d, 0xa5, 0x00, 0x00, 0x0d, 0xa6,
  0x00, 0x00, 0x0d, 0xa7, 0x00, 0x00, 0x0d, 0xa8, 0x00, 0x00, 0x0d, 0xa9,
  0x00, 0x00, 0x0d, 0xaa, 0x00, 0x00, 0x0d, 0xab, 0x00, 0x00, 0x0d, 0xac,
  0x00, 0x00, 0x0d, 0xad, 0x00, 0x00, 0x0d, 0xae, 0x00, 0x00, 0x0d, 0xaf,
  0x00, 0x00, 0x0d, 0xb0, 0x00, 0x00, 0x0d, 0xb1, 0x00, 0x00, 0x0d, 0xb2,
  0x00, 0x00, 0x0d, 0xb3, 0x00, 0x00, 0x0d, 0xb4, 0x00, 0x00, 0x0d, 0xb5,
  0x00, 0x00, 0x0d, 0xb6, 0x00, 0x00, 0x0d, 0xb7, 0x00, 0x00, 0x0d, 0xb8,
  0x00, 0x00, 0x0d, 0xb9, 0x00, 0x00, 0x0d, 0xba, 0x00, 0x00, 0x0d, 0xbb,
  0x00, 0x00, 0x0d, 0xbc, 0x00, 0x00, 0x0d, 0xbd, 0x00, 0x00, 0x0d, 0xbe,
  0x00, 0x00, 0x0d, 0xbf, 0x00, 0x00, 0x0d, 0xc0, 0x00, 0x00, 0x0d, 0xc1,
  0x00, 0x00, 0x0d, 0xc2, 0x00, 0x00, 0x0d, 0xc3, 0x00, 0x00, 0x0d, 0xc4,
  0x00, 0x00, 0x0d, 0xc5, 0x00, 0x00, 0x0d, 0xc6, 0x00, 0x00, 0x0d, 0xc7,
  0x00, 0x00, 0x0d, 0xc8, 0x00, 0x00, 0x0d, 0xc9, 0x00, 0x00, 0x0d, 0xca,
  0x00, 0x00, 0x0d, 0xcb, 0x00, 0x00, 0x0d, 0xcc, 0x00, 0x00, 0x0d, 0xcd,
  0x00, 0x00, 0x0d, 0xce, 0x00, 0x00, 0x0d, 0xcf, 0x00, 0x00, 0x0d, 0xd0,
  0x00, 0x00, 0x0d, 0xd1, 0x00, 0x00, 0x0d, 0xd2, 0x00, 0x00, 0x0d, 0xd3,
  0x00, 0x00, 0x0d, 0xd4, 0x00, 0x00, 0x0d, 0xd5, 0x00, 0x00, 0x0d, 0xd6,
  0x00, 0x00, 0x0d, 0xd7, 0x00, 0x00, 0x0d, 0xd8, 0x00, 0x00, 0x0d, 0xd9,
  0x00, 0x00, 0x0d, 0xda, 0x00, 0x00, 0x0d, 0xdb, 0x00, 0x00, 0x0d, 0xdc,
  0x00, 0x00, 0x0d, 0xdd, 0x00, 0x00, 0x0d, 0xde, 0x00, 0x00, 0x0d, 0xdf,
  0x00, 0x00, 0x0d, 0xe0, 0x00, 0x00, 0x0d, 0xe1, 0x00, 0x00, 0x0d, 0xe2,
  0x00, 0x00, 0x0d, 0xe3, 0x00, 0x00, 0x0d, 0xe4, 0x00, 0x00, 0x0d, 0xe5,
  0x00, 0x00, 0x0d, 0xe6, 0x00, 0x00, 0x0d, 0xe7, 0x00, 0x00, 0x0d, 0xe8,
  0x00, 0x00, 0x0d, 0xe9, 0x00, 0x00, 0x0d, 0xea, 0x00, 0x00, 0x0d, 0xeb,
  0x00, 0x00, 0x0d, 0xec, 0x00, 0x00, 0x0d, 0xed, 0x00, 0x00, 0x0d, 0xee,
  0x00, 0x00, 0x0d, 0xef, 0x00, 0x00, 0x0d, 0xf0, 0x00, 0x00, 0x0d, 0xf1,
  0x00, 0x00, 0x0d, 0xf2, 0x00, 0x00, 0x0d, 0xf3, 0x00, 0x00, 0x0d, 0xf4,
  0x00, 0x00, 0x0d, 0xf5, 0x00, 0x00, 0x0d, 0xf6, 0x00, 0x00, 0x0d, 0xf7,
  0x00, 0x00, 0x0d, 0xf8, 0x00, 0x00, 0x0d, 0xf9, 0x00, 0x00, 0x0d, 0xfa,
  0x00, 0x00, 0x0d, 0xfb, 0x00, 0x00, 0x0d, 0xfc, 0x00, 0x00, 0x0d, 0xfd,
  0x00, 0x00, 0x0d, 0xfe, 0x00, 0x00, 0x0d, 0xff, 0x00, 0x00, 0x0e, 0x00,
  0x00, 0x00, 0x0e, 0x01, 0x00, 0x00, 0x0e, 0x02, 0x00, 0x00, 0x0e, 0x03,
  0x00, 0x00, 0x0e, 0x04, 0x00, 0x00, 0x0e, 0x05, 0x00, 0x00, 0x0e, 0x06,
  0x00, 0x00, 0x0e, 0x07, 0x00, 0x00, 0x0e, 0x08, 0x00, 0x00, 0x0e, 0x09,
  0x00, 0x00, 0x0e, 0x0a, 0x00, 0x00, 0x0e, 0x0b, 0x00, 0x00, 0x0e, 0x0c,
  0x00, 0x00, 0x0e, 0x0d, 0x00, 0x00, 0x0e, 0x0e, 0x00, 0x00, 0x0e, 0x0f,
  0x00, 0x00, 0x0e, 0x10, 0x00, 0x00, 0x0e, 0x11, 0x00, 0x00, 0x0e, 0x12,
  0x00, 0x00, 0x0e, 0x13, 0x00, 0x00, 0x0e, 0x14, 0x00, 0x00, 0x0e, 0x15,
  0x00, 0x00, 0x0e, 0x16, 0x00, 0x00, 0x0e, 0x17, 0x00, 0x00, 0x0e, 0x18,
  0x00, 0x00, 0x0e, 0x19, 0x00, 0x00, 0x0e, 0x1a, 0x00, 0x00, 0x0e, 0x1b,
  0x00, 0x00, 0x0e, 0x1c, 0x00, 0x00, 0x0e, 0x1d, 0x00, 0x00, 0x0e, 0x1e,
  0x00, 0x00, 0x0e, 0x1f, 0x00, 0x00, 0x0e, 0x20, 0x00, 0x00, 0x0e, 0x21,
  0x00, 0x00, 0x0e, 0x22, 0x00, 0x00, 0x0e, 0x23, 0x00, 0x00, 0x0e, 0x24,
  0x00, 0x00, 0x0e, 0x25, 0x00, 0x00, 0x0e, 0x26, 0x00, 0x00, 0x0e, 0x27,
  0x00, 0x00, 0x0e, 0x28, 0x00, 0x00, 0x0e, 0x29, 0x00, 0x00, 0x0e, 0x2a,
  0x00, 0x00, 0x0e, 0x2b, 0x00, 0x00, 0x0e, 0x2c, 0x00, 0x00, 0x0e, 0x2d,
  0x00, 0x00, 0x0e, 0x2e, 0x00, 0x00, 0x0e, 0x2f, 0x00, 0x00, 0x0e, 0x30,
  0x00, 0x00, 0x0e, 0x31, 0x00, 0x00, 0x0e, 0x32, 0x00, 0x00, 0x0e, 0x33,
  0x00, 0x00, 0x0e, 0x34, 0x00, 0x00, 0x0e, 0x35, 0x00, 0x00, 0x0e, 0x36,
  0x00, 0x00, 0x0e, 0x37, 0x00, 0x00, 0x0e, 0x38, 0x00, 0x00, 0x0e, 0x39,
  0x00, 0x00, 0x0e, 0x3a, 0x00, 0x00, 0x0e, 0x3b, 0x00, 0x00, 0x0e, 0x3c,
  0x00, 0x00, 0x0e, 0x3d, 0x00, 0x00, 0x0e, 0x3e, 0x00, 0x00, 0x0e, 0x3f,
  0x00, 0x00, 0x0e, 0x40, 0x00, 0x00, 0x0e, 0x41, 0x00, 0x00, 0x0e, 0x42,
  0x00, 0x00, 0x0e, 0x43, 0x00, 0x00, 0x0e, 0x44, 0x00, 0x00, 0x0e, 0x45,
  0x00, 0x00, 0x0e, 0x46, 0x00, 0x00, 0x0e, 0x47, 0x00, 0x00, 0x0e, 0x48,
  0x00, 0x00, 0x0e, 0x49, 0x00, 0x00, 0x0e, 0x4a, 0x00, 0x00, 0x0e, 0x4b,
  0x00, 0x00, 0x0e, 0x4c, 0x00, 0x00, 0x0e, 0x4d, 0x00, 0x00, 0x0e, 0x4e,
  0x00, 0x00, 0x0e, 0x4f, 0x00, 0x00, 0x0e, 0x50, 0x00, 0x00, 0x0e, 0x51,
  0x00, 0x00, 0x0e, 0x52, 0x00, 0x00, 0x0e, 0x53, 0x00, 0x00, 0x0e, 0x54,
  0x00, 0x00, 0x0e, 0x55, 0x00, 0x00, 0x0e, 0x56, 0x00, 0x00, 0x0e, 0x57,
  0x00, 0x00, 0x0e, 0x58, 0x00, 0x00, 0x0e, 0x59, 0x00, 0x00, 0x0e, 0x5a,
  0x00, 0x00, 0x0e, 0x5b, 0x00, 0x00, 0x0e, 0x5c, 0x00, 0x00, 0x0e, 0x5d,
  0x00, 0x00, 0x0e, 0x5e, 0x00, 0x00, 0x0e, 0x5f, 0x00, 0x00, 0x0e, 0x60,
  0x00, 0x00, 0x0e, 0x61, 0x00, 0x00, 0x0e, 0x62, 0x00, 0x00, 0x0e, 0x63,
  0x00, 0x00, 0x0e, 0x64, 0x00, 0x00, 0x0e, 0x65, 0x00, 0x00, 0x0e, 0x66,
  0x00, 0x00, 0x0e, 0x67, 0x00, 0x00, 0x0e, 0x68, 0x00, 0x00, 0x0e, 0x69,
  0x00, 0x00, 0x0e, 0x6a, 0x00, 0x00, 0x0e, 0x6b, 0x00, 0x00, 0x0e, 0x6c,
  0x00, 0x00, 0x0e, 0x6d, 0x00, 0x00, 0x0e, 0x6e, 0x00, 0x00, 0x0e, 0x6f,
  0x00, 0x00, 0x0e, 0x70, 0x00, 0x00, 0x0e, 0x71, 0x00, 0x00, 0x0e, 0x72,
  0x00, 0x00, 0x0e, 0x73, 0x00, 0x00, 0x0e, 0x74, 0x00, 0x00, 0x0e, 0x75,
  0x00, 0x00, 0x0e, 0x76, 0x00, 0x00, 0x0e, 0x77, 0x00, 0x00, 0x0e, 0x78,
  0x00, 0x00, 0x0e, 0x79, 0x00, 0x00, 0x0e, 0x7a, 0x00, 0x00, 0x0e, 0x7b,
  0x00, 0x00, 0x0e, 0x7c, 0x00, 0x00, 0x0e, 0x7d, 0x00, 0x00, 0x0e, 0x7e,
  0x00, 0x00, 0x0e, 0x7f, 0x00, 0x00, 0x0e, 0x80, 0x00, 0x00, 0x0e, 0x81,
  0x00, 0x00, 0x0e, 0x82, 0x00, 0x00, 0x0e, 0x83, 0x00, 0x00, 0x0e, 0x84,
  0x00, 0x00, 0x0e, 0x85, 0x00, 0x00, 0x0e, 0x86, 0x00, 0x00, 0x0e, 0x87,
  0x00, 0x00, 0x0e, 0x88, 0x00, 0x00, 0x0e, 0x89, 0x00, 0x00, 0x0e, 0x8a,
  0x00, 0x00, 0x0e, 0x8b, 0x00, 0x00, 0x0e, 0x8c, 0x00, 0x00, 0x0e, 0x8d,
  0x00, 0x00, 0x0e, 0x8e, 0x00, 0x00, 0x0e, 0x8f, 0x00, 0x00, 0x0e, 0x90,
  0x00, 0x00, 0x0e, 0x91, 0x00, 0x00, 0x0e, 0x92, 0x00, 0x00, 0x0e, 0x93,
  0x00, 0x00, 0x0e, 0x94, 0x00, 0x00, 0x0e, 0x95, 0x00, 0x00, 0x0e, 0x96,
  0x00, 0x00, 0x0e, 0x97, 0x00, 0x00, 0x0e, 0x98, 0x00, 0x00, 0x0e, 0x99,
  0x00, 0x00, 0x0e, 0x9a, 0x00, 0x00, 0x0e, 0x9b, 0x00, 0x00, 0x0e, 0x9c,
  0x00, 0x00, 0x0e, 0x9d, 0x00, 0x00, 0x0e, 0x9e, 0x00, 0x00, 0x0e, 0x9f,
  0x00, 0x00, 0x0e, 0xa0, 0x00, 0x00, 0x0e, 0xa1, 0x00, 0x00, 0x0e, 0xa2,
  0x00, 0x00, 0x0e, 0xa3, 0x00, 0x00, 0x0e, 0xa4, 0x00, 0x00, 0x0e, 0xa5,
  0x00, 0x00, 0x0e, 0xa6, 0x00, 0x00, 0x0e, 0xa7, 0x00, 0x00, 0x0e, 0xa8,
  0x00, 0x00, 0x0e, 0xa9, 0x00, 0x00, 0x0e, 0xaa, 0x00, 0x00, 0x0e, 0xab,
  0x00, 0x00, 0x0e, 0xac, 0x00, 0x00, 0x0e, 0xad, 0x00, 0x00, 0x0e, 0xae,
  0x00, 0x00, 0x0e, 0xaf, 0x00, 0x00, 0x0e, 0xb0, 0x00, 0x00, 0x0e, 0xb1,
  0x00, 0x00, 0x0e, 0xb2, 0x00, 0x00, 0x0e, 0xb3, 0x00, 0x00, 0x0e, 0xb4,
  0x00, 0x00, 0x0e, 0xb5, 0x00, 0x00, 0x0e, 0xb6, 0x00, 0x00, 0x0e, 0xb7,
  0x00, 0x00, 0x0e, 0xb8, 0x00, 0x00, 0x0e, 0xb9, 0x00, 0x00, 0x0e, 0xba,
  0x00, 0x00, 0x0e, 0xbb, 0x00, 0x00, 0x0e, 0xbc, 0x00, 0x00, 0x0e, 0xbd,
  0x00, 0x00, 0x0e, 0xbe, 0x00, 0x00, 0x0e, 0xbf, 0x00, 0x00, 0x0e, 0xc0,
  0x00, 0x00, 0x0e, 0xc1, 0x00, 0x00, 0x0e, 0xc2, 0x00, 0x00, 0x0e, 0xc3,
  0x00, 0x00, 0x0e, 0xc4, 0x00, 0x00, 0x0e, 0xc5, 0x00, 0x00, 0x0e, 0xc6,
  0x00, 0x00, 0x0e, 0xc7, 0x00, 0x00, 0x0e, 0xc8, 0x00, 0x00, 0x0e, 0xc9,
  0x00, 0x00, 0x0e, 0xca, 0x00, 0x00, 0x0e, 0xcb, 0x00, 0x00, 0x0e, 0xcc,
  0x00, 0x00, 0x0e, 0xcd, 0x00, 0x00, 0x0e, 0xce, 0x00, 0x00, 0x0e, 0xcf,
  0x00, 0x00, 0x0e, 0xd0, 0x00, 0x00, 0x0e, 0xd1, 0x00, 0x00, 0x0e, 0xd2,
  0x00, 0x00, 0x0e, 0xd3, 0x00, 0x00, 0x0e, 0xd4, 0x00, 0x00, 0x0e, 0xd5,
  0x00, 0x00, 0x0e, 0xd6, 0x00, 0x00, 0x0e, 0xd7, 0x00, 0x00, 0x0e, 0xd8,
  0x00, 0x00, 0x0e, 0xd9, 0x00, 0x00, 0x0e, 0xda, 0x00, 0x00, 0x0e, 0xdb,
  0x00, 0x00, 0x0e, 0xdc, 0x00, 0x00, 0x0e, 0xdd, 0x00, 0x00, 0x0e, 0xde,
  0x00, 0x00, 0x0e, 0xdf, 0x00, 0x00, 0x0e, 0xe0, 0x00, 0x00, 0x0e, 0xe1,
  0x00, 0x00, 0x0e, 0xe2, 0x00, 0x00, 0x0e, 0xe3, 0x00, 0x00, 0x0e, 0xe4,
  0x00, 0x00, 0x0e, 0xe5, 0x00, 0x00, 0x0e, 0xe6, 0x00, 0x00, 0x0e, 0xe7,
  0x00, 0x00, 0x0e, 0xe8, 0x00, 0x00, 0x0e, 0xe9, 0x00, 0x00, 0x0e, 0xea,
  0x00, 0x00, 0x0e, 0xeb, 0x00, 0x00, 0x0e, 0xec, 0x00, 0x00, 0x0e, 0xed,
  0x00, 0x00, 0x0e, 0xee, 0x00, 0x00, 0x0e, 0xef, 0x00, 0x00, 0x0e, 0xf0,
  0x00, 0x00, 0x0e, 0xf1, 0x00, 0x00, 0x0e, 0xf2, 0x00, 0x00, 0x0e, 0xf3,
  0x00, 0x00, 0x0e, 0xf4, 0x00, 0x00, 0x0e, 0xf5, 0x00, 0x00, 0x0e, 0xf6,
  0x00, 0x00, 0x0e, 0xf7, 0x00, 0x00, 0x0e, 0xf8, 0x00, 0x00, 0x0e, 0xf9,
  0x00, 0x00, 0x0e, 0xfa, 0x00, 0x00, 0x0e, 0xfb, 0x00, 0x00, 0x0e, 0xfc,
  0x00, 0x00, 0x0e, 0xfd, 0x00, 0x00, 0x0e, 0xfe, 0x00, 0x00, 0x0e, 0xff,
  0x00, 0x00, 0x0f, 0x00, 0x00, 0x00, 0x0f, 0x01, 0x00, 0x00, 0x0f, 0x02,
  0x00, 0x00, 0x0f, 0x03, 0x00, 0x00, 0x0f, 0x04, 0x00, 0x00, 0x0f, 0x05,
  0x00, 0x00, 0x0f, 0x06, 0x00, 0x00, 0x0f, 0x07, 0x00, 0x00, 0x0f, 0x08,
  0x00, 0x00, 0x0f, 0x09, 0x00, 0x00, 0x0f, 0x0a, 0x00, 0x00, 0x0f, 0x0b,
  0x00, 0x00, 0x0f, 0x0c, 0x00, 0x00, 0x0f, 0x0d, 0x00, 0x00, 0x0f, 0x0e,
  0x00, 0x00, 0x0f, 0x0f, 0x00, 0x00, 0x0f, 0x10, 0x00, 0x00, 0x0f, 0x11,
  0x00, 0x00, 0x0f, 0x12, 0x00, 0x00, 0x0f, 0x13, 0x00, 0x00, 0x0f, 0x14,
  0x00, 0x00, 0x0f, 0x15, 0x00, 0x00, 0x0f, 0x16, 0x00, 0x00, 0x0f, 0x17,
  0x00, 0x00, 0x0f, 0x18, 0x00, 0x00, 0x0f, 0x19, 0x00, 0x00, 0x0f, 0x1a,
  0x00, 0x00, 0x0f, 0x1b, 0x00, 0x00, 0x0f, 0x1c, 0x00, 0x00, 0x0f, 0x1d,
  0x00, 0x00, 0x0f, 0x1e, 0x00, 0x00, 0x0f, 0x1f, 0x00, 0x00, 0x0f, 0x20,
  0x00, 0x00, 0x0f, 0x21, 0x00, 0x00, 0x0f, 0x22, 0x00, 0x00, 0x0f, 0x23,
  0x00, 0x00, 0x0f, 0x24, 0x00, 0x00, 0x0f, 0x25, 0x00, 0x00, 0x0f, 0x26,
  0x00, 0x00, 0x0f, 0x27, 0x00, 0x00, 0x0f, 0x28, 0x00, 0x00, 0x0f, 0x29,
  0x00, 0x00, 0x0f, 0x2a, 0x00, 0x00, 0x0f, 0x2b, 0x00, 0x00, 0x0f, 0x2c,
  0x00, 0x00, 0x0f, 0x2d, 0x00, 0x00, 0x0f, 0x2e, 0x00, 0x00, 0x0f, 0x2f,
  0x00, 0x00, 0x0f, 0x30, 0x00, 0x00, 0x0f, 0x31, 0x00, 0x00, 0x0f, 0x32,
  0x00, 0x00, 0x0f, 0x33, 0x00, 0x00, 0x0f, 0x34, 0x00, 0x00, 0x0f, 0x35,
  0x00, 0x00, 0x0f, 0x36, 0x00, 0x00, 0x0f, 0x37, 0x00, 0x00, 0x0f, 0x38,
  0x00, 0x00, 0x0f, 0x39, 0x00, 0x00, 0x0f, 0x3a, 0x00, 0x00, 0x0f, 0x3b,
  0x00, 0x00, 0x0f, 0x3c, 0x00, 0x00, 0x0f, 0x3d, 0x00, 0x00, 0x0f, 0x3e,
  0x00, 0x00, 0x0f, 0x3f, 0x00, 0x00, 0x0f, 0x40, 0x00, 0x00, 0x0f, 0x41,
  0x00, 0x00, 0x0f, 0x42, 0x00, 0x00, 0x0f, 0x43, 0x00, 0x00, 0x0f, 0x44,
  0x00, 0x00, 0x0f, 0x45, 0x00, 0x00, 0x0f, 0x46, 0x00, 0x00, 0x0f, 0x47,
  0x00, 0x00, 0x0f, 0x48, 0x00, 0x00, 0x0f, 0x49, 0x00, 0x00, 0x0f, 0x4a,
  0x00, 0x00, 0x0f, 0x4b, 0x00, 0x00, 0x0f, 0x4c, 0x00, 0x00, 0x0f, 0x4d,
  0x00, 0x00, 0x0f, 0x4e, 0x00, 0x00, 0x0f, 0x4f, 0x00, 0x00, 0x0f, 0x50,
  0x00, 0x00, 0x0f, 0x51, 0x00, 0x00, 0x0f, 0x52, 0x00, 0x00, 0x0f, 0x53,
  0x00, 0x00, 0x0f, 0x54, 0x00, 0x00, 0x0f, 0x55, 0x00, 0x00, 0x0f, 0x56,
  0x00, 0x00, 0x0f, 0x57, 0x00, 0x00, 0x0f, 0x58, 0x00, 0x00, 0x0f, 0x59,
  0x00, 0x00, 0x0f, 0x5a, 0x00, 0x00, 0x0f, 0x5b, 0x00, 0x00, 0x0f, 0x5c,
  0x00, 0x00, 0x0f, 0x5d, 0x00, 0x00, 0x0f, 0x5e, 0x00, 0x00, 0x0f, 0x5f,
  0x00, 0x00, 0x0f, 0x60, 0x00, 0x00, 0x0f, 0x61, 0x00, 0x00, 0x0f, 0x62,
  0x00, 0x00, 0x0f, 0x63, 0x00, 0x00, 0x0f, 0x64, 0x00, 0x00, 0x0f, 0x65,
  0x00, 0x00, 0x0f, 0x66, 0x00, 0x00, 0x0f, 0x67, 0x00, 0x00, 0x0f, 0x68,
  0x00, 0x00, 0x0f, 0x69, 0x00, 0x00, 0x0f, 0x6a, 0x00, 0x00, 0x0f, 0x6b,
  0x00, 0x00, 0x0f, 0x6c, 0x00, 0x00, 0x0f, 0x6d, 0x00, 0x00, 0x0f, 0x6e,
  0x00, 0x00, 0x0f, 0x6f, 0x00, 0x00, 0x0f, 0x70, 0x00, 0x00, 0x0f, 0x71,
  0x00, 0x00, 0x0f, 0x72, 0x00, 0x00, 0x0f, 0x73, 0x00, 0x00, 0x0f, 0x74,
  0x00, 0x00, 0x0f, 0x75, 0x00, 0x00, 0x0f, 0x76, 0x00, 0x00, 0x0f, 0x77,
  0x00, 0x00, 0x0f, 0x78, 0x00, 0x00, 0x0f, 0x79, 0x00, 0x00, 0x0f, 0x7a,
  0x00, 0x00, 0x0f, 0x7b, 0x00, 0x00, 0x0f, 0x7c, 0x00, 0x00, 0x0f, 0x7d,
  0x00, 0x00, 0x0f, 0x7e, 0x00, 0x00, 0x0f, 0x7f, 0x00, 0x00, 0x0f, 0x80,
  0x00, 0x00, 0x0f, 0x81, 0x00, 0x00, 0x0f, 0x82, 0x00, 0x00, 0x0f, 0x83,
  0x00, 0x00, 0x0f, 0x84, 0x00, 0x00, 0x0f, 0x85, 0x00, 0x00, 0x0f, 0x86,
  0x00, 0x00, 0x0f, 0x87, 0x00, 0x00, 0x0f, 0x88, 0x00, 0x00, 0x0f, 0x89,
  0x00, 0x00, 0x0f, 0x8a, 0x00, 0x00, 0x0f, 0x8b, 0x00, 0x00, 0x0f, 0x8c,
  0x00, 0x00, 0x0f, 0x8d, 0x00, 0x00, 0x0f, 0x8e, 0x00, 0x00, 0x0f, 0x8f,
  0x00, 0x00, 0x0f, 0x90, 0x00, 0x00, 0x0f, 0x91, 0x00, 0x00, 0x0f, 0x92,
  0x00, 0x00, 0x0f, 0x93, 0x00, 0x00, 0x0f, 0x94, 0x00, 0x00, 0x0f, 0x95,
  0x00, 0x00, 0x0f, 0x96, 0x00, 0x00, 0x0f, 0x97, 0x00, 0x00, 0x0f, 0x98,
  0x00, 0x00, 0x0f, 0x99, 0x00, 0x00, 0x0f, 0x9a, 0x00, 0x00, 0x0f, 0x9b,
  0x00, 0x00, 0x0f, 0x9c, 0x00, 0x00, 0x0f, 0x9d, 0x00, 0x00, 0x0f, 0x9e,
  0x00, 0x00, 0x0f, 0x9f, 0x00, 0x00, 0x0f, 0xa0, 0x00, 0x00, 0x0f, 0xa1,
  0x00, 0x00, 0x0f, 0xa2, 0x00, 0x00, 0x0f, 0xa3, 0x00, 0x00, 0x0f, 0xa4,
  0x00, 0x00, 0x0f, 0xa5, 0x00, 0x00, 0x0f, 0xa6, 0x00, 0x00, 0x0f, 0xa7,
  0x00, 0x00, 0x0f, 0xa8, 0x00, 0x00, 0x0f, 0xa9, 0x00, 0x00, 0x0f, 0xaa,
  0x00, 0x00, 0x0f, 0xab, 0x00, 0x00, 0x0f, 0xac, 0x00, 0x00, 0x0f, 0xad,
  0x00, 0x00, 0x0f, 0xae, 0x00, 0x00, 0x0f, 0xaf, 0x00, 0x00, 0x0f, 0xb0,
  0x00, 0x00, 0x0f, 0xb1, 0x00, 0x00, 0x0f, 0xb2, 0x00, 0x00, 0x0f, 0xb3,
  0x00, 0x00, 0x0f, 0xb4, 0x00, 0x00, 0x0f, 0xb5, 0x00, 0x00, 0x0f, 0xb6,
  0x00, 0x00, 0x0f, 0xb7, 0x00, 0x00, 0x0f, 0xb8, 0x00, 0x00, 0x0f, 0xb9,
  0x00, 0x00, 0x0f, 0xba, 0x00, 0x00, 0x0f, 0xbb, 0x00, 0x00, 0x0f, 0xbc,
  0x00, 0x00, 0x0f, 0xbd, 0x00, 0x00, 0x0f, 0xbe, 0x00, 0x00, 0x0f, 0xbf,
  0x00, 0x00, 0x0f, 0xc0, 0x00, 0x00, 0x0f, 0xc1, 0x00, 0x00, 0x0f, 0xc2,
  0x00, 0x00, 0x0f, 0xc3, 0x00, 0x00, 0x0f, 0xc4, 0x00, 0x00, 0x0f, 0xc5,
  0x00, 0x00, 0x0f, 0xc6, 0x00, 0x00, 0x0f, 0xc7, 0x00, 0x00, 0x0f, 0xc8,
  0x00, 0x00, 0x0f, 0xc9, 0x00, 0x00, 0x0f, 0xca, 0x00, 0x00, 0x0f, 0xcb,
  0x00, 0x00, 0x0f, 0xcc, 0x00, 0x00, 0x0f, 0xcd, 0x00, 0x00, 0x0f, 0xce,
  0x00, 0x00, 0x0f, 0xcf, 0x00, 0x00, 0x0f, 0xd0, 0x00, 0x00, 0x0f, 0xd1,
  0x00, 0x00, 0x0f, 0xd2, 0x00, 0x00, 0x0f, 0xd3, 0x00, 0x00, 0x0f, 0xd4,
  0x00, 0x00, 0x0f, 0xd5, 0x00, 0x00, 0x0f, 0xd6, 0x00, 0x00, 0x0f, 0xd7,
  0x00, 0x00, 0x0f, 0xd8, 0x00, 0x00, 0x0f, 0xd9, 0x00, 0x00, 0x0f, 0xda,
  0x00, 0x00, 0x0f, 0xdb, 0x00, 0x00, 0x0f, 0xdc, 0x00, 0x00, 0x0f, 0xdd,
  0x00, 0x00, 0x0f, 0xde, 0x00, 0x00, 0x0f, 0xdf, 0x00, 0x00, 0x0f, 0xe0,
  0x00, 0x00, 0x0f, 0xe1, 0x00, 0x00, 0x0f, 0xe2, 0x00, 0x00, 0x0f, 0xe3,
  0x00, 0x00, 0x0f, 0xe4, 0x00, 0x00, 0x0f, 0xe5, 0x00, 0x00, 0x0f, 0xe6,
  0x00, 0x00, 0x0f, 0xe7, 0x00, 0x00, 0x0f, 0xe8, 0x00, 0x00, 0x0f, 0xe9,
  0x00, 0x00, 0x0f, 0xea, 0x00, 0x00, 0x0f, 0xeb, 0x00, 0x00, 0x0f, 0xec,
  0x00, 0x00, 0x0f, 0xed, 0x00, 0x00, 0x0f, 0xee, 0x00, 0x00, 0x0f, 0xef,
  0x00, 0x00, 0x0f, 0xf0, 0x00, 0x00, 0x0f, 0xf1, 0x00, 0x00, 0x0f, 0xf2,
  0x00, 0x00, 0x0f, 0xf3, 0x00, 0x00, 0x0f, 0xf4, 0x00, 0x00, 0x0f, 0xf5,
  0x00, 0x00, 0x0f, 0xf6, 0x00, 0x00, 0x0f, 0xf7, 0x00, 0x00, 0x0f, 0xf8,
  0x00, 0x00, 0x0f, 0xf9, 0x00, 0x00, 0x0f, 0xfa, 0x00, 0x00, 0x0f, 0xfb,
  0x00, 0x00, 0x0f, 0xfc, 0x00, 0x00, 0x0f, 0xfd, 0x00, 0x00, 0x0f, 0xfe,
  0x00, 0x00, 0x0f, 0xff, 0x00, 0x00, 0x10, 0x00, 0x00, 0x00, 0x10, 0x01,
  0x00, 0x00, 0x10, 0x02, 0x00, 0x00, 0x10, 0x03, 0x00, 0x00, 0x10, 0x04,
  0x00, 0x00, 0x10, 0x05, 0x00, 0x00, 0x10, 0x06, 0x00, 0x00, 0x10, 0x07,
  0x00, 0x00, 0x10, 0x08, 0x00, 0x00, 0x10, 0x09, 0x00, 0x00, 0x10, 0x0a,
  0x00, 0x00, 0x10, 0x0b, 0x00, 0x00, 0x10, 0x0c, 0x00, 0x00, 0x10, 0x0d,
  0x00, 0x00, 0x10, 0x0e, 0x00, 0x00, 0x10, 0x0f, 0x00, 0x00, 0x10, 0x10,
  0x00, 0x00, 0x10, 0x11, 0x00, 0x00, 0x10, 0x12, 0x00, 0x00, 0x10, 0x13,
  0x00, 0x00, 0x10, 0x14, 0x00, 0x00, 0x10, 0x15, 0x00, 0x00, 0x10, 0x16,
  0x00, 0x00, 0x10, 0x17, 0x00, 0x00, 0x10, 0x18, 0x00, 0x00, 0x10, 0x19,
  0x00, 0x00, 0x10, 0x1a, 0x00, 0x00, 0x10, 0x1b, 0x00, 0x00, 0x10, 0x1c,
  0x00, 0x00, 0x10, 0x1d, 0x00, 0x00, 0x10, 0x1e, 0x00, 0x00, 0x10, 0x1f,
  0x00, 0x00, 0x10, 0x20, 0x00, 0x00, 0x10, 0x21, 0x00, 0x00, 0x10, 0x22,
  0x00, 0x00, 0x10, 0x23, 0x00, 0x00, 0x10, 0x24, 0x00, 0x00, 0x10, 0x25,
  0x00, 0x00, 0x10, 0x26, 0x00, 0x00, 0x10, 0x27, 0x00, 0x00, 0x10, 0x28,
  0x00, 0x00, 0x10, 0x29, 0x00, 0x00, 0x10, 0x2a, 0x00, 0x00, 0x10, 0x2b,
  0x00, 0x00, 0x10, 0x2c, 0x00, 0x00, 0x10, 0x2d, 0x00, 0x00, 0x10, 0x2e,
  0x00, 0x00, 0x10, 0x2f, 0x00, 0x00, 0x10, 0x30, 0x00, 0x00, 0x10, 0x31,
  0x00, 0x00, 0x10, 0x32, 0x00, 0x00, 0x10, 0x33, 0x00, 0x00, 0x10, 0x34,
  0x00, 0x00, 0x10, 0x35, 0x00, 0x00, 0x10, 0x36, 0x00, 0x00, 0x10, 0x37,
  0x00, 0x00, 0x10, 0x38, 0x00, 0x00, 0x10, 0x39, 0x00, 0x00, 0x10, 0x3a,
  0x00, 0x00, 0x10, 0x3b, 0x00, 0x00, 0x10, 0x3c, 0x00, 0x00, 0x10, 0x3d,
  0x00, 0x00, 0x10, 0x3e, 0x00, 0x00, 0x10, 0x3f, 0x00, 0x00, 0x10, 0x40,
  0x00, 0x00, 0x10, 0x41, 0x00, 0x00, 0x10, 0x42, 0x00, 0x00, 0x10, 0x43,
  0x00, 0x00, 0x10, 0x44, 0x00, 0x00, 0x10, 0x45, 0x00, 0x00, 0x10, 0x46,
  0x00, 0x00, 0x10, 0x47, 0x00, 0x00, 0x10, 0x48, 0x00, 0x00, 0x10, 0x49,
  0x00, 0x00, 0x10, 0x4a, 0x00, 0x00, 0x10, 0x4b, 0x00, 0x00, 0x10, 0x4c,
  0x00, 0x00, 0x10, 0x4d, 0x00, 0x00, 0x10, 0x4e, 0x00, 0x00, 0x10, 0x4f,
  0x00, 0x00, 0x10, 0x50, 0x00, 0x00, 0x10, 0x51, 0x00, 0x00, 0x10, 0x52,
  0x00, 0x00, 0x10, 0x53, 0x00, 0x00, 0x10, 0x54, 0x00, 0x00, 0x10, 0x55,
  0x00, 0x00, 0x10, 0x56, 0x00, 0x00, 0x10, 0x57, 0x00, 0x00, 0x10, 0x58,
  0x00, 0x00, 0x10, 0x59, 0x00, 0x00, 0x10, 0x5a, 0x00, 0x00, 0x10, 0x5b,
  0x00, 0x00, 0x10, 0x5c, 0x00, 0x00, 0x10, 0x5d, 0x00, 0x00, 0x10, 0x5e,
  0x00, 0x00, 0x10, 0x5f, 0x00, 0x00, 0x10, 0x60, 0x00, 0x00, 0x10, 0x61,
  0x00, 0x00, 0x10, 0x62, 0x00, 0x00, 0x10, 0x63, 0x00, 0x00, 0x10, 0x64,
  0x00, 0x00, 0x10, 0x65, 0x00, 0x00, 0x10, 0x66, 0x00, 0x00, 0x10, 0x67,
  0x00, 0x00, 0x10, 0x68, 0x00, 0x00, 0x10, 0x69, 0x00, 0x00, 0x10, 0x6a,
  0x00, 0x00, 0x10, 0x6b, 0x00, 0x00, 0x10, 0x6c, 0x00, 0x00, 0x10, 0x6d,
  0x00, 0x00, 0x10, 0x6e, 0x00, 0x00, 0x10, 0x6f, 0x00, 0x00, 0x10, 0x70,
  0x00, 0x00, 0x10, 0x71, 0x00, 0x00, 0x10, 0x72, 0x00, 0x00, 0x10, 0x73,
  0x00, 0x00, 0x10, 0x74, 0x00, 0x00, 0x10, 0x75, 0x00, 0x00, 0x10, 0x76,
  0x00, 0x00, 0x10, 0x77, 0x00, 0x00, 0x10, 0x78, 0x00, 0x00, 0x10, 0x79,
  0x00, 0x00, 0x10, 0x7a, 0x00, 0x00, 0x10, 0x7b, 0x00, 0x00, 0x10, 0x7c,
  0x00, 0x00, 0x10, 0x7d, 0x00, 0x00, 0x10, 0x7e, 0x00, 0x00, 0x10, 0x7f,
  0x00, 0x00, 0x10, 0x80, 0x00, 0x00, 0x10, 0x81, 0x00, 0x00, 0x10, 0x82,
  0x00, 0x00, 0x10, 0x83, 0x00, 0x00, 0x10, 0x84, 0x00, 0x00, 0x10, 0x85,
  0x00, 0x00, 0x10, 0x86, 0x00, 0x00, 0x10, 0x87, 0x00, 0x00, 0x10, 0x88,
  0x00, 0x00, 0x10, 0x89, 0x00, 0x00, 0x10, 0x8a, 0x00, 0x00, 0x10, 0x8b,
  0x00, 0x00, 0x10, 0x8c, 0x00, 0x00, 0x10, 0x8d, 0x00, 0x00, 0x10, 0x8e,
  0x00, 0x00, 0x10, 0x8f, 0x00, 0x00, 0x10, 0x90, 0x00, 0x00, 0x10, 0x91,
  0x00, 0x00, 0x10, 0x92, 0x00, 0x00, 0x10, 0x93, 0x00, 0x00, 0x10, 0x94,
  0x00, 0x00, 0x10, 0x95, 0x00, 0x00, 0x10, 0x96, 0x00, 0x00, 0x10, 0x97,
  0x00, 0x00, 0x10, 0x98, 0x00, 0x00, 0x10, 0x99, 0x00, 0x00, 0x10, 0x9a,
  0x00, 0x00, 0x10, 0x9b, 0x00, 0x00, 0x10, 0x9c, 0x00, 0x00, 0x10, 0x9d,
  0x00, 0x00, 0x10, 0x9e, 0x00, 0x00, 0x10, 0x9f, 0x00, 0x00, 0x10, 0xa0,
  0x00, 0x00, 0x10, 0xa1, 0x00, 0x00, 0x10, 0xa2, 0x00, 0x00, 0x10, 0xa3,
  0x00, 0x00, 0x10, 0xa4, 0x00, 0x00, 0x10, 0xa5, 0x00, 0x00, 0x10, 0xa6,
  0x00, 0x00, 0x10, 0xa7, 0x00, 0x00, 0x10, 0xa8, 0x00, 0x00, 0x10, 0xa9,
  0x00, 0x00, 0x10, 0xaa, 0x00, 0x00, 0x10, 0xab, 0x00, 0x00, 0x10, 0xac,
  0x00, 0x00, 0x10, 0xad, 0x00, 0x00, 0x10, 0xae, 0x00, 0x00, 0x10, 0xaf,
  0x00, 0x00, 0x10, 0xb0, 0x00, 0x00, 0x10, 0xb1, 0x00, 0x00, 0x10, 0xb2,
  0x00, 0x00, 0x10, 0xb3, 0x00, 0x00, 0x10, 0xb4, 0x00, 0x00, 0x10, 0xb5,
  0x00, 0x00, 0x10, 0xb6, 0x00, 0x00, 0x10, 0xb7, 0x00, 0x00, 0x10, 0xb8,
  0x00, 0x00, 0x10, 0xb9, 0x00, 0x00, 0x10, 0xba, 0x00, 0x00, 0x10, 0xbb,
  0x00, 0x00, 0x10, 0xbc, 0x00, 0x00, 0x10, 0xbd, 0x00, 0x00, 0x10, 0xbe,
  0x00, 0x00, 0x10, 0xbf, 0x00, 0x00, 0x10, 0xc0, 0x00, 0x00, 0x10, 0xc1,
  0x00, 0x00, 0x10, 0xc2, 0x00, 0x00, 0x10, 0xc3, 0x00, 0x00, 0x10, 0xc4,
  0x00, 0x00, 0x10, 0xc5, 0x00, 0x00, 0x10, 0xc6, 0x00, 0x00, 0x10, 0xc7,
  0x00, 0x00, 0x10, 0xc8, 0x00, 0x00, 0x10, 0xc9, 0x00, 0x00, 0x10, 0xca,
  0x00, 0x00, 0x10, 0xcb, 0x00, 0x00, 0x10, 0xcc, 0x00, 0x00, 0x10, 0xcd,
  0x00, 0x00, 0x10, 0xce, 0x00, 0x00, 0x10, 0xcf, 0x00, 0x00, 0x10, 0xd0,
  0x00, 0x00, 0x10, 0xd1, 0x00, 0x00, 0x10, 0xd2, 0x00, 0x00, 0x10, 0xd3,
  0x00, 0x00, 0x10, 0xd4, 0x00, 0x00, 0x10, 0xd5, 0x00, 0x00, 0x10, 0xd6,
  0x00, 0x00, 0x10, 0xd7, 0x00, 0x00, 0x10, 0xd8, 0x00, 0x00, 0x10, 0xd9,
  0x00, 0x00, 0x10, 0xda, 0x00, 0x00, 0x10, 0xdb, 0x00, 0x00, 0x10, 0xdc,
  0x00, 0x00, 0x10, 0xdd, 0x00, 0x00, 0x10, 0xde, 0x00, 0x00, 0x10, 0xdf,
  0x00, 0x00, 0x10, 0xe0, 0x00, 0x00, 0x10, 0xe1, 0x00, 0x00, 0x10, 0xe2,
  0x00, 0x00, 0x10, 0xe3, 0x00, 0x00, 0x10, 0xe4, 0x00, 0x00, 0x10, 0xe5,
  0x00, 0x00, 0x10, 0xe6, 0x00, 0x00, 0x10, 0xe7, 0x00, 0x00, 0x10, 0xe8,
  0x00, 0x00, 0x10, 0xe9, 0x00, 0x00, 0x10, 0xea, 0x00, 0x00, 0x10, 0xeb,
  0x00, 0x00, 0x10, 0xec, 0x00, 0x00, 0x10, 0xed, 0x00, 0x00, 0x10, 0xee,
  0x00, 0x00, 0x10, 0xef, 0x00, 0x00, 0x10, 0xf0, 0x00, 0x00, 0x10, 0xf1,
  0x00, 0x00, 0x10, 0xf2, 0x00, 0x00, 0x10, 0xf3, 0x00, 0x00, 0x10, 0xf4,
  0x00, 0x00, 0x10, 0xf5, 0x00, 0x00, 0x10, 0xf6, 0x00, 0x00, 0x10, 0xf7,
  0x00, 0x00, 0x10, 0xf8, 0x00, 0x00, 0x10, 0xf9, 0x00, 0x00, 0x10, 0xfa,
  0x00, 0x00, 0x10, 0xfb, 0x00, 0x00, 0x10, 0xfc, 0x00, 0x00, 0x10, 0xfd,
  0x00, 0x00, 0x10, 0xfe, 0x00, 0x00, 0x10, 0xff, 0x00, 0x00, 0x11, 0x00,
  0x00, 0x00, 0x11, 0x01, 0x00, 0x00, 0x11, 0x02, 0x00, 0x00, 0x11, 0x03,
  0x00, 0x00, 0x11, 0x04, 0x00, 0x00, 0x11, 0x05, 0x00, 0x00, 0x11, 0x06,
  0x00, 0x00, 0x11, 0x07, 0x00, 0x00, 0x11, 0x08, 0x00, 0x00, 0x11, 0x09,
  0x00, 0x00, 0x11, 0x0a, 0x00, 0x00, 0x11, 0x0b, 0x00, 0x00, 0x11, 0x0c,
  0x00, 0x00, 0x11, 0x0d, 0x00, 0x00, 0x11, 0x0e, 0x00, 0x00, 0x11, 0x0f,
  0x00, 0x00, 0x11, 0x10, 0x00, 0x00, 0x11, 0x11, 0x00, 0x00, 0x11, 0x12,
  0x00, 0x00, 0x11, 0x13, 0x00, 0x00, 0x11, 0x14, 0x00, 0x00, 0x11, 0x15,
  0x00, 0x00, 0x11, 0x16, 0x00, 0x00, 0x11, 0x17, 0x00, 0x00, 0x11, 0x18,
  0x00, 0x00, 0x11, 0x19, 0x00, 0x00, 0x11, 0x1a, 0x00, 0x00, 0x11, 0x1b,
  0x00, 0x00, 0x11, 0x1c, 0x00, 0x00, 0x11, 0x1d, 0x00, 0x00, 0x11, 0x1e,
  0x00, 0x00, 0x11, 0x1f, 0x00, 0x00, 0x11, 0x20, 0x00, 0x00, 0x11, 0x21,
  0x00, 0x00, 0x11, 0x22, 0x00, 0x00, 0x11, 0x23, 0x00, 0x00, 0x11, 0x24,
  0x00, 0x00, 0x11, 0x25, 0x00, 0x00, 0x11, 0x26, 0x00, 0x00, 0x11, 0x27,
  0x00, 0x00, 0x11, 0x28, 0x00, 0x00, 0x11, 0x29, 0x00, 0x00, 0x11, 0x2a,
  0x00, 0x00, 0x11, 0x2b, 0x00, 0x00, 0x11, 0x2c, 0x00, 0x00, 0x11, 0x2d,
  0x00, 0x00, 0x11, 0x2e, 0x00, 0x00, 0x11, 0x2f, 0x00, 0x00, 0x11, 0x30,
  0x00, 0x00, 0x11, 0x31, 0x00, 0x00, 0x11, 0x32, 0x00, 0x00, 0x11, 0x33,
  0x00, 0x00, 0x11, 0x34, 0x00, 0x00, 0x11, 0x35, 0x00, 0x00, 0x11, 0x36,
  0x00, 0x00, 0x11, 0x37, 0x00, 0x00, 0x11, 0x38, 0x00, 0x00, 0x11, 0x39,
  0x00, 0x00, 0x11, 0x3a, 0x00, 0x00, 0x11, 0x3b, 0x00, 0x00, 0x11, 0x3c,
  0x00, 0x00, 0x11, 0x3d, 0x00, 0x00, 0x11, 0x3e, 0x00, 0x00, 0x11, 0x3f,
  0x00, 0x00, 0x11, 0x40, 0x00, 0x00, 0x11, 0x41, 0x00, 0x00, 0x11, 0x42,
  0x00, 0x00, 0x11, 0x43, 0x00, 0x00, 0x11, 0x44, 0x00, 0x00, 0x11, 0x45,
  0x00, 0x00, 0x11, 0x46, 0x00, 0x00, 0x11, 0x47, 0x00, 0x00, 0x11, 0x48,
  0x00, 0x00, 0x11, 0x49, 0x00, 0x00, 0x11, 0x4a, 0x00, 0x00, 0x11, 0x4b,
  0x00, 0x00, 0x11, 0x4c, 0x00, 0x00, 0x11, 0x4d, 0x00, 0x00, 0x11, 0x4e,
  0x00, 0x00, 0x11, 0x4f, 0x00, 0x00, 0x11, 0x50, 0x00, 0x00, 0x11, 0x51,
  0x00, 0x00, 0x11, 0x52, 0x00, 0x00, 0x11, 0x53, 0x00, 0x00, 0x11, 0x54,
  0x00, 0x00, 0x11, 0x55, 0x00, 0x00, 0x11, 0x56, 0x00, 0x00, 0x11, 0x57,
  0x00, 0x00, 0x11, 0x58, 0x00, 0x00, 0x11, 0x59, 0x00, 0x00, 0x11, 0x5a,
  0x00, 0x00, 0x11, 0x5b, 0x00, 0x00, 0x11, 0x5c, 0x00, 0x00, 0x11, 0x5d,
  0x00, 0x00, 0x11, 0x5e, 0x00, 0x00, 0x11, 0x5f, 0x00, 0x00, 0x11, 0x60,
  0x00, 0x00, 0x11, 0x61, 0x00, 0x00, 0x11, 0x62, 0x00, 0x00, 0x11, 0x63,
  0x00, 0x00, 0x11, 0x64, 0x00, 0x00, 0x11, 0x65, 0x00, 0x00, 0x11, 0x66,
  0x00, 0x00, 0x11, 0x67, 0x00, 0x00, 0x11, 0x68, 0x00, 0x00, 0x11, 0x69,
  0x00, 0x00, 0x11, 0x6a, 0x00, 0x00, 0x11, 0x6b, 0x00, 0x00, 0x11, 0x6c,
  0x00, 0x00, 0x11, 0x6d, 0x00, 0x00, 0x11, 0x6e, 0x00, 0x00, 0x11, 0x6f,
  0x00, 0x00, 0x11, 0x70, 0x00, 0x00, 0x11, 0x71, 0x00, 0x00, 0x11, 0x72,
  0x00, 0x00, 0x11, 0x73, 0x00, 0x00, 0x11, 0x74, 0x00, 0x00, 0x11, 0x75,
  0x00, 0x00, 0x11, 0x76, 0x00, 0x00, 0x11, 0x77, 0x00, 0x00, 0x11, 0x78,
  0x00, 0x00, 0x11, 0x79, 0x00, 0x00, 0x11, 0x7a, 0x00, 0x00, 0x11, 0x7b,
  0x00, 0x00, 0x11, 0x7c, 0x00, 0x00, 0x11, 0x7d, 0x00, 0x00, 0x11, 0x7e,
  0x00, 0x00, 0x11, 0x7f, 0x00, 0x00, 0x11, 0x80, 0x00, 0x00, 0x11, 0x81,
  0x00, 0x00, 0x11, 0x82, 0x00, 0x00, 0x11, 0x83, 0x00, 0x00, 0x11, 0x84,
  0x00, 0x00, 0x11, 0x85, 0x00, 0x00, 0x11, 0x86, 0x00, 0x00, 0x11, 0x87,
  0x00, 0x00, 0x11, 0x88, 0x00, 0x00, 0x11, 0x89, 0x00, 0x00, 0x11, 0x8a,
  0x00, 0x00, 0x11, 0x8b, 0x00, 0x00, 0x11, 0x8c, 0x00, 0x00, 0x11, 0x8d,
  0x00, 0x00, 0x11, 0x8e, 0x00, 0x00, 0x11, 0x8f, 0x00, 0x00, 0x11, 0x90,
  0x00, 0x00, 0x11, 0x91, 0x00, 0x00, 0x11, 0x92, 0x00, 0x00, 0x11, 0x93,
  0x00, 0x00, 0x11, 0x94, 0x00, 0x00, 0x11, 0x95, 0x00, 0x00, 0x11, 0x96,
  0x00, 0x00, 0x11, 0x97, 0x00, 0x00, 0x11, 0x98, 0x00, 0x00, 0x11, 0x99,
  0x00, 0x00, 0x11, 0x9a, 0x00, 0x00, 0x11, 0x9b, 0x00, 0x00, 0x11, 0x9c,
  0x00, 0x00, 0x11, 0x9d, 0x00, 0x00, 0x11, 0x9e, 0x00, 0x00, 0x11, 0x9f,
  0x00, 0x00, 0x11, 0xa0, 0x00, 0x00, 0x11, 0xa1, 0x00, 0x00, 0x11, 0xa2,
  0x00, 0x00, 0x11, 0xa3, 0x00, 0x00, 0x11, 0xa4, 0x00, 0x00, 0x11, 0xa5,
  0x00, 0x00, 0x11, 0xa6, 0x00, 0x00, 0x11, 0xa7, 0x00, 0x00, 0x11, 0xa8,
  0x00, 0x00, 0x11, 0xa9, 0x00, 0x00, 0x11, 0xaa, 0x00, 0x00, 0x11, 0xab,
  0x00, 0x00, 0x11, 0xac, 0x00, 0x00, 0x11, 0xad, 0x00, 0x00, 0x11, 0xae,
  0x00, 0x00, 0x11, 0xaf, 0x00, 0x00, 0x11, 0xb0, 0x00, 0x00, 0x11, 0xb1,
  0x00, 0x00, 0x11, 0xb2, 0x00, 0x00, 0x11, 0xb3, 0x00, 0x00, 0x11, 0xb4,
  0x00, 0x00, 0x11, 0xb5, 0x00, 0x00, 0x11, 0xb6, 0x00, 0x00, 0x11, 0xb7,
  0x00, 0x00, 0x11, 0xb8, 0x00, 0x00, 0x11, 0xb9, 0x00, 0x00, 0x11, 0xba,
  0x00, 0x00, 0x11, 0xbb, 0x00, 0x00, 0x11, 0xbc, 0x00, 0x00, 0x11, 0xbd,
  0x00, 0x00, 0x11, 0xbe, 0x00, 0x00, 0x11, 0xbf, 0x00, 0x00, 0x11, 0xc0,
  0x00, 0x00, 0x11, 0xc1, 0x00, 0x00, 0x11, 0xc2, 0x00, 0x00, 0x11, 0xc3,
  0x00, 0x00, 0x11, 0xc4, 0x00, 0x00, 0x11, 0xc5, 0x00, 0x00, 0x11, 0xc6,
  0x00, 0x00, 0x11, 0xc7, 0x00, 0x00, 0x11, 0xc8, 0x00, 0x00, 0x11, 0xc9,
  0x00, 0x00, 0x11, 0xca, 0x00, 0x00, 0x11, 0xcb, 0x00, 0x00, 0x11, 0xcc,
  0x00, 0x00, 0x11, 0xcd, 0x00, 0x00, 0x11, 0xce, 0x00, 0x00, 0x11, 0xcf,
  0x00, 0x00, 0x11, 0xd0, 0x00, 0x00, 0x11, 0xd1, 0x00, 0x00, 0x11, 0xd2,
  0x00, 0x00, 0x11, 0xd3, 0x00, 0x00, 0x11, 0xd4, 0x00, 0x00, 0x11, 0xd5,
  0x00, 0x00, 0x11, 0xd6, 0x00, 0x00, 0x11, 0xd7, 0x00, 0x00, 0x11, 0xd8,
  0x00, 0x00, 0x11, 0xd9, 0x00, 0x00, 0x11, 0xda, 0x00, 0x00, 0x11, 0xdb,
  0x00, 0x00, 0x11, 0xdc, 0x00, 0x00, 0x11, 0xdd, 0x00, 0x00, 0x11, 0xde,
  0x00, 0x00, 0x11, 0xdf, 0x00, 0x00, 0x11, 0xe0, 0x00, 0x00, 0x11, 0xe1,
  0x00, 0x00, 0x11, 0xe2, 0x00, 0x00, 0x11, 0xe3, 0x00, 0x00, 0x11, 0xe4,
  0x00, 0x00, 0x11, 0xe5, 0x00, 0x00, 0x11, 0xe6, 0x00, 0x00, 0x11, 0xe7,
  0x00, 0x00, 0x11, 0xe8, 0x00, 0x00, 0x11, 0xe9, 0x00, 0x00, 0x11, 0xea,
  0x00, 0x00, 0x11, 0xeb, 0x00, 0x00, 0x11, 0xec, 0x00, 0x00, 0x11, 0xed,
  0x00, 0x00, 0x11, 0xee, 0x00, 0x00, 0x11, 0xef, 0x00, 0x00, 0x11, 0xf0,
  0x00, 0x00, 0x11, 0xf1, 0x00, 0x00, 0x11, 0xf2, 0x00, 0x00, 0x11, 0xf3,
  0x00, 0x00, 0x11, 0xf4, 0x00, 0x00, 0x11, 0xf5, 0x00, 0x00, 0x11, 0xf6,
  0x00, 0x00, 0x11, 0xf7, 0x00, 0x00, 0x11, 0xf8, 0x00, 0x00, 0x11, 0xf9,
  0x00, 0x00, 0x11, 0xfa, 0x00, 0x00, 0x11, 0xfb, 0x00, 0x00, 0x11, 0xfc,
  0x00, 0x00, 0x11, 0xfd, 0x00, 0x00, 0x11, 0xfe, 0x00, 0x00, 0x11, 0xff,
  0x00, 0x00, 0x12, 0x00, 0x00, 0x00, 0x12, 0x01, 0x00, 0x00, 0x12, 0x02,
  0x00, 0x00, 0x12, 0x03, 0x00, 0x00, 0x12, 0x04, 0x00, 0x00, 0x12, 0x05,
  0x00, 0x00, 0x12, 0x06, 0x00, 0x00, 0x12, 0x07, 0x00, 0x00, 0x12, 0x08,
  0x00, 0x00, 0x12, 0x09, 0x00, 0x00, 0x12, 0x0a, 0x00, 0x00, 0x12, 0x0b,
  0x00, 0x00, 0x12, 0x0c, 0x00, 0x00, 0x12, 0x0d, 0x00, 0x00, 0x12, 0x0e,
  0x00, 0x00, 0x12, 0x0f, 0x00, 0x00, 0x12, 0x10, 0x00, 0x00, 0x12, 0x11,
  0x00, 0x00, 0x12, 0x12, 0x00, 0x00, 0x12, 0x13, 0x00, 0x00, 0x12, 0x14,
  0x00, 0x00, 0x12, 0x15, 0x00, 0x00, 0x12, 0x16, 0x00, 0x00, 0x12, 0x17,
  0x00, 0x00, 0x12, 0x18, 0x00, 0x00, 0x12, 0x19, 0x00, 0x00, 0x12, 0x1a,
  0x00, 0x00, 0x12, 0x1b, 0x00, 0x00, 0x12, 0x1c, 0x00, 0x00, 0x12, 0x1d,
  0x00, 0x00, 0x12, 0x1e, 0x00, 0x00, 0x12, 0x1f, 0x00, 0x00, 0x12, 0x20,
  0x00, 0x00, 0x12, 0x21, 0x00, 0x00, 0x12, 0x22, 0x00, 0x00, 0x12, 0x23,
  0x00, 0x00, 0x12, 0x24, 0x00, 0x00, 0x12, 0x25, 0x00, 0x00, 0x12, 0x26,
  0x00, 0x00, 0x12, 0x27, 0x00, 0x00, 0x12, 0x28, 0x00, 0x00, 0x12, 0x29,
  0x00, 0x00, 0x12, 0x2a, 0x00, 0x00, 0x12, 0x2b, 0x00, 0x00, 0x12, 0x2c,
  0x00, 0x00, 0x12, 0x2d, 0x00, 0x00, 0x12, 0x2e, 0x00, 0x00, 0x12, 0x2f,
  0x00, 0x00, 0x12, 0x30, 0x00, 0x00, 0x12, 0x31, 0x00, 0x00, 0x12, 0x32,
  0x00, 0x00, 0x12, 0x33, 0x00, 0x00, 0x12, 0x34, 0x00, 0x00, 0x12, 0x35,
  0x00, 0x00, 0x12, 0x36, 0x00, 0x00, 0x12, 0x37, 0x00, 0x00, 0x12, 0x38,
  0x00, 0x00, 0x12, 0x39, 0x00, 0x00, 0x12, 0x3a, 0x00, 0x00, 0x12, 0x3b,
  0x00, 0x00, 0x12, 0x3c, 0x00, 0x00, 0x12, 0x3d, 0x00, 0x00, 0x12, 0x3e,
  0x00, 0x00, 0x12, 0x3f, 0x00, 0x00, 0x12, 0x40, 0x00, 0x00, 0x12, 0x41,
  0x00, 0x00, 0x12, 0x42, 0x00, 0x00, 0x12, 0x43, 0x00, 0x00, 0x12, 0x44,
  0x00, 0x00, 0x12, 0x45, 0x00, 0x00, 0x12, 0x46, 0x00, 0x00, 0x12, 0x47,
  0x00, 0x00, 0x12, 0x48, 0x00, 0x00, 0x12, 0x49, 0x00, 0x00, 0x12, 0x4a,
  0x00, 0x00, 0x12, 0x4b, 0x00, 0x00, 0x12, 0x4c, 0x00, 0x00, 0x12, 0x4d,
  0x00, 0x00, 0x12, 0x4e, 0x00, 0x00, 0x12, 0x4f, 0x00, 0x00, 0x12, 0x50,
  0x00, 0x00, 0x12, 0x51, 0x00, 0x00, 0x12, 0x52, 0x00, 0x00, 0x12, 0x53,
  0x00, 0x00, 0x12, 0x54, 0x00, 0x00, 0x12, 0x55, 0x00, 0x00, 0x12, 0x56,
  0x00, 0x00, 0x12, 0x57, 0x00, 0x00, 0x12, 0x58, 0x00, 0x00, 0x12, 0x59,
  0x00, 0x00, 0x12, 0x5a, 0x00, 0x00, 0x12, 0x5b, 0x00, 0x00, 0x12, 0x5c,
  0x00, 0x00, 0x12, 0x5d, 0x00, 0x00, 0x12, 0x5e, 0x00, 0x00, 0x12, 0x5f,
  0x00, 0x00, 0x12, 0x60, 0x00, 0x00, 0x12, 0x61, 0x00, 0x00, 0x12, 0x62,
  0x00, 0x00, 0x12, 0x63, 0x00, 0x00, 0x12, 0x64, 0x00, 0x00, 0x12, 0x65,
  0x00, 0x00, 0x12, 0x66, 0x00, 0x00, 0x12, 0x67, 0x00, 0x00, 0x12, 0x68,
  0x00, 0x00, 0x12, 0x69, 0x00, 0x00, 0x12, 0x6a, 0x00, 0x00, 0x12, 0x6b,
  0x00, 0x00, 0x12, 0x6c, 0x00, 0x00, 0x12, 0x6d, 0x00, 0x00, 0x12, 0x6e,
  0x00, 0x00, 0x12, 0x6f, 0x00, 0x00, 0x12, 0x70, 0x00, 0x00, 0x12, 0x71,
  0x00, 0x00, 0x12, 0x72, 0x00, 0x00, 0x12, 0x73, 0x00, 0x00, 0x12, 0x74,
  0x00, 0x00, 0x12, 0x75, 0x00, 0x00, 0x12, 0x76, 0x00, 0x00, 0x12, 0x77,
  0x00, 0x00, 0x12, 0x78, 0x00, 0x00, 0x12, 0x79, 0x00, 0x00, 0x12, 0x7a,
  0x00, 0x00, 0x12, 0x7b, 0x00, 0x00, 0x12, 0x7c, 0x00, 0x00, 0x12, 0x7d,
  0x00, 0x00, 0x12, 0x7e, 0x00, 0x00, 0x12, 0x7f, 0x00, 0x00, 0x12, 0x80,
  0x00, 0x00, 0x12, 0x81, 0x00, 0x00, 0x12, 0x82, 0x00, 0x00, 0x12, 0x83,
  0x00, 0x00, 0x12, 0x84, 0x00, 0x00, 0x12, 0x85, 0x00, 0x00, 0x12, 0x86,
  0x00, 0x00, 0x12, 0x87, 0x00, 0x00, 0x12, 0x88, 0x00, 0x00, 0x12, 0x89,
  0x00, 0x00, 0x12, 0x8a, 0x00, 0x00, 0x12, 0x8b, 0x00, 0x00, 0x12, 0x8c,
  0x00, 0x00, 0x12, 0x8d, 0x00, 0x00, 0x12, 0x8e, 0x00, 0x00, 0x12, 0x8f,
  0x00, 0x00, 0x12, 0x90, 0x00, 0x00, 0x12, 0x91, 0x00, 0x00, 0x12, 0x92,
  0x00, 0x00, 0x12, 0x93, 0x00, 0x00, 0x12, 0x94, 0x00, 0x00, 0x12, 0x95,
  0x00, 0x00, 0x12, 0x96, 0x00, 0x00, 0x12, 0x97, 0x00, 0x00, 0x12, 0x98,
  0x00, 0x00, 0x12, 0x99, 0x00, 0x00, 0x12, 0x9a, 0x00, 0x00, 0x12, 0x9b,
  0x00, 0x00, 0x12, 0x9c, 0x00, 0x00, 0x12, 0x9d, 0x00, 0x00, 0x12, 0x9e,
  0x00, 0x00, 0x12, 0x9f, 0x00, 0x00, 0x12, 0xa0, 0x00, 0x00, 0x12, 0xa1,
  0x00, 0x00, 0x12, 0xa2, 0x00, 0x00, 0x12, 0xa3, 0x00, 0x00, 0x12, 0xa4,
  0x00, 0x00, 0x12, 0xa5, 0x00, 0x00, 0x12, 0xa6, 0x00, 0x00, 0x12, 0xa7,
  0x00, 0x00, 0x12, 0xa8, 0x00, 0x00, 0x12, 0xa9, 0x00, 0x00, 0x12, 0xaa,
  0x00, 0x00, 0x12, 0xab, 0x00, 0x00, 0x12, 0xac, 0x00, 0x00, 0x12, 0xad,
  0x00, 0x00, 0x12, 0xae, 0x00, 0x00, 0x12, 0xaf, 0x00, 0x00, 0x12, 0xb0,
  0x00, 0x00, 0x12, 0xb1, 0x00, 0x00, 0x12, 0xb2, 0x00, 0x00, 0x12, 0xb3,
  0x00, 0x00, 0x12, 0xb4, 0x00, 0x00, 0x12, 0xb5, 0x00, 0x00, 0x12, 0xb6,
  0x00, 0x00, 0x12, 0xb7, 0x00, 0x00, 0x12, 0xb8, 0x00, 0x00, 0x12, 0xb9,
  0x00, 0x00, 0x12, 0xba, 0x00, 0x00, 0x12, 0xbb, 0x00, 0x00, 0x12, 0xbc,
  0x00, 0x00, 0x12, 0xbd, 0x00, 0x00, 0x12, 0xbe, 0x00, 0x00, 0x12, 0xbf,
  0x00, 0x00, 0x12, 0xc0, 0x00, 0x00, 0x12, 0xc1, 0x00, 0x00, 0x12, 0xc2,
  0x00, 0x00, 0x12, 0xc3, 0x00, 0x00, 0x12, 0xc4, 0x00, 0x00, 0x12, 0xc5,
  0x00, 0x00, 0x12, 0xc6, 0x00, 0x00, 0x12, 0xc7, 0x00, 0x00, 0x12, 0xc8,
  0x00, 0x00, 0x12, 0xc9, 0x00, 0x00, 0x12, 0xca, 0x00, 0x00, 0x12, 0xcb,
  0x00, 0x00, 0x12, 0xcc, 0x00, 0x00, 0x12, 0xcd, 0x00, 0x00, 0x12, 0xce,
  0x00, 0x00, 0x12, 0xcf, 0x00, 0x00, 0x12, 0xd0, 0x00, 0x00, 0x12, 0xd1,
  0x00, 0x00, 0x12, 0xd2, 0x00, 0x00, 0x12, 0xd3, 0x00, 0x00, 0x12, 0xd4,
  0x00, 0x00, 0x12, 0xd5, 0x00, 0x00, 0x12, 0xd6, 0x00, 0x00, 0x12, 0xd7,
  0x00, 0x00, 0x12, 0xd8, 0x00, 0x00, 0x12, 0xd9, 0x00, 0x00, 0x12, 0xda,
  0x00, 0x00, 0x12, 0xdb, 0x00, 0x00, 0x12, 0xdc, 0x00, 0x00, 0x12, 0xdd,
  0x00, 0x00, 0x12, 0xde, 0x00, 0x00, 0x12, 0xdf, 0x00, 0x00, 0x12, 0xe0,
  0x00, 0x00, 0x12, 0xe1, 0x00, 0x00, 0x12, 0xe2, 0x00, 0x00, 0x12, 0xe3,
  0x00, 0x00, 0x12, 0xe4, 0x00, 0x00, 0x12, 0xe5, 0x00, 0x00, 0x12, 0xe6,
  0x00, 0x00, 0x12, 0xe7, 0x00, 0x00, 0x12, 0xe8, 0x00, 0x00, 0x12, 0xe9,
  0x00, 0x00, 0x12, 0xea, 0x00, 0x00, 0x12, 0xeb, 0x00, 0x00, 0x12, 0xec,
  0x00, 0x00, 0x12, 0xed, 0x00, 0x00, 0x12, 0xee, 0x00, 0x00, 0x12, 0xef,
  0x00, 0x00, 0x12, 0xf0, 0x00, 0x00, 0x12, 0xf1, 0x00, 0x00, 0x12, 0xf2,
  0x00, 0x00, 0x12, 0xf3, 0x00, 0x00, 0x12, 0xf4, 0x00, 0x00, 0x12, 0xf5,
  0x00, 0x00, 0x12, 0xf6, 0x00, 0x00, 0x12, 0xf7, 0x00, 0x00, 0x12, 0xf8,
  0x00, 0x00, 0x12, 0xf9, 0x00, 0x00, 0x12, 0xfa, 0x00, 0x00, 0x12, 0xfb,
  0x00, 0x00, 0x12, 0xfc, 0x00, 0x00, 0x12, 0xfd, 0x00, 0x00, 0x12, 0xfe,
  0x00, 0x00, 0x12, 0xff, 0x00, 0x00, 0x13, 0x00, 0x00, 0x00, 0x13, 0x01,
  0x00, 0x00, 0x13, 0x02, 0x00, 0x00, 0x13, 0x03, 0x00, 0x00, 0x13, 0x04,
  0x00, 0x00, 0x13, 0x05, 0x00, 0x00, 0x13, 0x06, 0x00, 0x00, 0x13, 0x07,
  0x00, 0x00, 0x13, 0x08, 0x00, 0x00, 0x13, 0x09, 0x00, 0x00, 0x13, 0x0a,
  0x00, 0x00, 0x13, 0x0b, 0x00, 0x00, 0x13, 0x0c, 0x00, 0x00, 0x13, 0x0d,
  0x00, 0x00, 0x13, 0x0e, 0x00, 0x00, 0x13, 0x0f, 0x00, 0x00, 0x13, 0x10,
  0x00, 0x00, 0x13, 0x11, 0x00, 0x00, 0x13, 0x12, 0x00, 0x00, 0x13, 0x13,
  0x00, 0x00, 0x13, 0x14, 0x00, 0x00, 0x13, 0x15, 0x00, 0x00, 0x13, 0x16,
  0x00, 0x00, 0x13, 0x17, 0x00, 0x00, 0x13, 0x18, 0x00, 0x00, 0x13, 0x19,
  0x00, 0x00, 0x13, 0x1a, 0x00, 0x00, 0x13, 0x1b, 0x00, 0x00, 0x13, 0x1c,
  0x00, 0x00, 0x13, 0x1d, 0x00, 0x00, 0x13, 0x1e, 0x00, 0x00, 0x13, 0x1f,
  0x00, 0x00, 0x13, 0x20, 0x00, 0x00, 0x13, 0x21, 0x00, 0x00, 0x13, 0x22,
  0x00, 0x00, 0x13, 0x23, 0x00, 0x00, 0x13, 0x24, 0x00, 0x00, 0x13, 0x25,
  0x00, 0x00, 0x13, 0x26, 0x00, 0x00, 0x13, 0x27, 0x00, 0x00, 0x13, 0x28,
  0x00, 0x00, 0x13, 0x29, 0x00, 0x00, 0x13, 0x2a, 0x00, 0x00, 0x13, 0x2b,
  0x00, 0x00, 0x13, 0x2c, 0x00, 0x00, 0x13, 0x2d, 0x00, 0x00, 0x13, 0x2e,
  0x00, 0x00, 0x13, 0x2f, 0x00, 0x00, 0x13, 0x30, 0x00, 0x00, 0x13, 0x31,
  0x00, 0x00, 0x13, 0x32, 0x00, 0x00, 0x13, 0x33, 0x00, 0x00, 0x13, 0x34,
  0x00, 0x00, 0x13, 0x35, 0x00, 0x00, 0x13, 0x36, 0x00, 0x00, 0x13, 0x37,
  0x00, 0x00, 0x13, 0x38, 0x00, 0x00, 0x13, 0x39, 0x00, 0x00, 0x13, 0x3a,
  0x00, 0x00, 0x13, 0x3b, 0x00, 0x00, 0x13, 0x3c, 0x00, 0x00, 0x13, 0x3d,
  0x00, 0x00, 0x13, 0x3e, 0x00, 0x00, 0x13, 0x3f, 0x00, 0x00, 0x13, 0x40,
  0x00, 0x00, 0x13, 0x41, 0x00, 0x00, 0x13, 0x42, 0x00, 0x00, 0x13, 0x43,
  0x00, 0x00, 0x13, 0x44, 0x00, 0x00, 0x13, 0x45, 0x00, 0x00, 0x13, 0x46,
  0x00, 0x00, 0x13, 0x47, 0x00, 0x00, 0x13, 0x48, 0x00, 0x00, 0x13, 0x49,
  0x00, 0x00, 0x13, 0x4a, 0x00, 0x00, 0x13, 0x4b, 0x00, 0x00, 0x13, 0x4c,
  0x00, 0x00, 0x13, 0x4d, 0x00, 0x00, 0x13, 0x4e, 0x00, 0x00, 0x13, 0x4f,
  0x00, 0x00, 0x13, 0x50, 0x00, 0x00, 0x13, 0x51, 0x00, 0x00, 0x13, 0x52,
  0x00, 0x00, 0x13, 0x53, 0x00, 0x00, 0x13, 0x54, 0x00, 0x00, 0x13, 0x55,
  0x00, 0x00, 0x13, 0x56, 0x00, 0x00, 0x13, 0x57, 0x00, 0x00, 0x13, 0x58,
  0x00, 0x00, 0x13, 0x59, 0x00, 0x00, 0x13, 0x5a, 0x00, 0x00, 0x13, 0x5b,
  0x00, 0x00, 0x13, 0x5c, 0x00, 0x00, 0x13, 0x5d, 0x00, 0x00, 0x13, 0x5e,
  0x00, 0x00, 0x13, 0x5f, 0x00, 0x00, 0x13, 0x60, 0x00, 0x00, 0x13, 0x61,
  0x00, 0x00, 0x13, 0x62, 0x00, 0x00, 0x13, 0x63, 0x00, 0x00, 0x13, 0x64,
  0x00, 0x00, 0x13, 0x65, 0x00, 0x00, 0x13, 0x66, 0x00, 0x00, 0x13, 0x67,
  0x00, 0x00, 0x13, 0x68, 0x00, 0x00, 0x13, 0x69, 0x00, 0x00, 0x13, 0x6a,
  0x00, 0x00, 0x13, 0x6b, 0x00, 0x00, 0x13, 0x6c, 0x00, 0x00, 0x13, 0x6d,
  0x00, 0x00, 0x13, 0x6e, 0x00, 0x00, 0x13, 0x6f, 0x00, 0x00, 0x13, 0x70,
  0x00, 0x00, 0x13, 0x71, 0x00, 0x00, 0x13, 0x72, 0x00, 0x00, 0x13, 0x73,
  0x00, 0x00, 0x13, 0x74, 0x00, 0x00, 0x13, 0x75, 0x00, 0x00, 0x13, 0x76,
  0x00, 0x00, 0x13, 0x77, 0x00, 0x00, 0x13, 0x78, 0x00, 0x00, 0x13, 0x79,
  0x00, 0x00, 0x13, 0x7a, 0x00, 0x00, 0x13, 0x7b, 0x00, 0x00, 0x13, 0x7c,
  0x00, 0x00, 0x13, 0x7d, 0x00, 0x00, 0x13, 0x7e, 0x00, 0x00, 0x13, 0x7f,
  0x00, 0x00, 0x13, 0x80, 0x00, 0x00, 0x13, 0x81, 0x00, 0x00, 0x13, 0x82,
  0x00, 0x00, 0x13, 0x83, 0x00, 0x00, 0x13, 0x84, 0x00, 0x00, 0x13, 0x85,
  0x00, 0x00, 0x13, 0x86, 0x00, 0x00, 0x13, 0x87, 0x00, 0x00, 0x13, 0x88,
  0x00, 0x00, 0x13, 0x89, 0x00, 0x00, 0x13, 0x8a, 0x00, 0x00, 0x13, 0x8b,
  0x00, 0x00, 0x13, 0x8c, 0x00, 0x00, 0x13, 0x8d, 0x00, 0x00, 0x13, 0x8e,
  0x00, 0x00, 0x13, 0x8f, 0x00, 0x00, 0x13, 0x90, 0x00, 0x00, 0x13, 0x91,
  0x00, 0x00, 0x13, 0x92, 0x00, 0x00, 0x13, 0x93, 0x00, 0x00, 0x13, 0x94,
  0x00, 0x00, 0x13, 0x95, 0x00, 0x00, 0x13, 0x96, 0x00, 0x00, 0x13, 0x97,
  0x00, 0x00, 0x13, 0x98, 0x00, 0x00, 0x13, 0x99, 0x00, 0x00, 0x13, 0x9a,
  0x00, 0x00, 0x13, 0x9b, 0x00, 0x00, 0x13, 0x9c, 0x00, 0x00, 0x13, 0x9d,
  0x00, 0x00, 0x13, 0x9e, 0x00, 0x00, 0x13, 0x9f, 0x00, 0x00, 0x13, 0xa0,
  0x00, 0x00, 0x13, 0xa1, 0x00, 0x00, 0x13, 0xa2, 0x00, 0x00, 0x13, 0xa3,
  0x00, 0x00, 0x13, 0xa4, 0x00, 0x00, 0x13, 0xa5, 0x00, 0x00, 0x13, 0xa6,
  0x00, 0x00, 0x13, 0xa7, 0x00, 0x00, 0x13, 0xa8, 0x00, 0x00, 0x13, 0xa9,
  0x00, 0x00, 0x13, 0xaa, 0x00, 0x00, 0x13, 0xab, 0x00, 0x00, 0x13, 0xac,
  0x00, 0x00, 0x13, 0xad, 0x00, 0x00, 0x13, 0xae, 0x00, 0x00, 0x13, 0xaf,
  0x00, 0x00, 0x13, 0xb0, 0x00, 0x00, 0x13, 0xb1, 0x00, 0x00, 0x13, 0xb2,
  0x00, 0x00, 0x13, 0xb3, 0x00, 0x00, 0x13, 0xb4, 0x00, 0x00, 0x13, 0xb5,
  0x00, 0x00, 0x13, 0xb6, 0x00, 0x00, 0x13, 0xb7, 0x00, 0x00, 0x13, 0xb8,
  0x00, 0x00, 0x13, 0xb9, 0x00, 0x00, 0x13, 0xba, 0x00, 0x00, 0x13, 0xbb,
  0x00, 0x00, 0x13, 0xbc, 0x00, 0x00, 0x13, 0xbd, 0x00, 0x00, 0x13, 0xbe,
  0x00, 0x00, 0x13, 0xbf, 0x00, 0x00, 0x13, 0xc0, 0x00, 0x00, 0x13, 0xc1,
  0x00, 0x00, 0x13, 0xc2, 0x00, 0x00, 0x13, 0xc3, 0x00, 0x00, 0x13, 0xc4,
  0x00, 0x00, 0x13, 0xc5, 0x00, 0x00, 0x13, 0xc6, 0x00, 0x00, 0x13, 0xc7,
  0x00, 0x00, 0x13, 0xc8, 0x00, 0x00, 0x13, 0xc9, 0x00, 0x00, 0x13, 0xca,
  0x00, 0x00, 0x13, 0xcb, 0x00, 0x00, 0x13, 0xcc, 0x00, 0x00, 0x13, 0xcd,
  0x00, 0x00, 0x13, 0xce, 0x00, 0x00, 0x13, 0xcf, 0x00, 0x00, 0x13, 0xd0,
  0x00, 0x00, 0x13, 0xd1, 0x00, 0x00, 0x13, 0xd2, 0x00, 0x00, 0x13, 0xd3,
  0x00, 0x00, 0x13, 0xd4, 0x00, 0x00, 0x13, 0xd5, 0x00, 0x00, 0x13, 0xd6,
  0x00, 0x00, 0x13, 0xd7, 0x00, 0x00, 0x13, 0xd8, 0x00, 0x00, 0x13, 0xd9,
  0x00, 0x00, 0x13, 0xda, 0x00, 0x00, 0x13, 0xdb, 0x00, 0x00, 0x13, 0xdc,
  0x00, 0x00, 0x13, 0xdd, 0x00, 0x00, 0x13, 0xde, 0x00, 0x00, 0x13, 0xdf,
  0x00, 0x00, 0x13, 0xe0, 0x00, 0x00, 0x13, 0xe1, 0x00, 0x00, 0x13, 0xe2,
  0x00, 0x00, 0x13, 0xe3, 0x00, 0x00, 0x13, 0xe4, 0x00, 0x00, 0x13, 0xe5,
  0x00, 0x00, 0x13, 0xe6, 0x00, 0x00, 0x13, 0xe7, 0x00, 0x00, 0x13, 0xe8,
  0x00, 0x00, 0x13, 0xe9, 0x00, 0x00, 0x13, 0xea, 0x00, 0x00, 0x13, 0xeb,
  0x00, 0x00, 0x13, 0xec, 0x00, 0x00, 0x13, 0xed, 0x00, 0x00, 0x13, 0xee,
  0x00, 0x00, 0x13, 0xef, 0x00, 0x00, 0x13, 0xf0, 0x00, 0x00, 0x13, 0xf1,
  0x00, 0x00, 0x13, 0xf2, 0x00, 0x00, 0x13, 0xf3, 0x00, 0x00, 0x13, 0xf4,
  0x00, 0x00, 0x13, 0xf5, 0x00, 0x00, 0x13, 0xf6, 0x00, 0x00, 0x13, 0xf7,
  0x00, 0x00, 0x13, 0xf8, 0x00, 0x00, 0x13, 0xf9, 0x00, 0x00, 0x13, 0xfa,
  0x00, 0x00, 0x13, 0xfb, 0x00, 0x00, 0x13, 0xfc, 0x00, 0x00, 0x13, 0xfd,
  0x00, 0x00, 0x13, 0xfe, 0x00, 0x00, 0x13, 0xff, 0x00, 0x00, 0x14, 0x00,
  0x00, 0x00, 0x14, 0x01, 0x00, 0x00, 0x14, 0x02, 0x00, 0x00, 0x14, 0x03,
  0x00, 0x00, 0x14, 0x04, 0x00, 0x00, 0x14, 0x05, 0x00, 0x00, 0x14, 0x06,
  0x00, 0x00, 0x14, 0x07, 0x00, 0x00, 0x14, 0x08, 0x00, 0x00, 0x14, 0x09,
  0x00, 0x00, 0x14, 0x0a, 0x00, 0x00, 0x14, 0x0b, 0x00, 0x00, 0x14, 0x0c,
  0x00, 0x00, 0x14, 0x0d, 0x00, 0x00, 0x14, 0x0e, 0x00, 0x00, 0x14, 0x0f,
  0x00, 0x00, 0x14, 0x10, 0x00, 0x00, 0x14, 0x11, 0x00, 0x00, 0x14, 0x12,
  0x00, 0x00, 0x14, 0x13, 0x00, 0x00, 0x14, 0x14, 0x00, 0x00, 0x14, 0x15,
  0x00, 0x00, 0x14, 0x16, 0x00, 0x00, 0x14, 0x17, 0x00, 0x00, 0x14, 0x18,
  0x00, 0x00, 0x14, 0x19, 0x00, 0x00, 0x14, 0x1a, 0x00, 0x00, 0x14, 0x1b,
  0x00, 0x00, 0x14, 0x1c, 0x00, 0x00, 0x14, 0x1d, 0x00, 0x00, 0x14, 0x1e,
  0x00, 0x00, 0x14, 0x1f, 0x00, 0x00, 0x14, 0x20, 0x00, 0x00, 0x14, 0x21,
  0x00, 0x00, 0x14, 0x22, 0x00, 0x00, 0x14, 0x23, 0x00, 0x00, 0x14, 0x24,
  0x00, 0x00, 0x14, 0x25, 0x00, 0x00, 0x14, 0x26, 0x00, 0x00, 0x14, 0x27,
  0x00, 0x00, 0x14, 0x28, 0x00, 0x00, 0x14, 0x29, 0x00, 0x00, 0x14, 0x2a,
  0x00, 0x00, 0x14, 0x2b, 0x00, 0x00, 0x14, 0x2c, 0x00, 0x00, 0x14, 0x2d,
  0x00, 0x00, 0x14, 0x2e, 0x00, 0x00, 0x14, 0x2f, 0x00, 0x00, 0x14, 0x30,
  0x00, 0x00, 0x14, 0x31, 0x00, 0x00, 0x14, 0x32, 0x00, 0x00, 0x14, 0x33,
  0x00, 0x00, 0x14, 0x34, 0x00, 0x00, 0x14, 0x35, 0x00, 0x00, 0x14, 0x36,
  0x00, 0x00, 0x14, 0x37, 0x00, 0x00, 0x14, 0x38, 0x00, 0x00, 0x14, 0x39,
  0x00, 0x00, 0x14, 0x3a, 0x00, 0x00, 0x14, 0x3b, 0x00, 0x00, 0x14, 0x3c,
  0x00, 0x00, 0x14, 0x3d, 0x00, 0x00, 0x14, 0x3e, 0x00, 0x00, 0x14, 0x3f,
  0x00, 0x00, 0x14, 0x40, 0x00, 0x00, 0x14, 0x41, 0x00, 0x00, 0x14, 0x42,
  0x00, 0x00, 0x14, 0x43, 0x00, 0x00, 0x14, 0x44, 0x00, 0x00, 0x14, 0x45,
  0x00, 0x00, 0x14, 0x46, 0x00, 0x00, 0x14, 0x47, 0x00, 0x00, 0x14, 0x48,
  0x00, 0x00, 0x14, 0x49, 0x00, 0x00, 0x14, 0x4a, 0x00, 0x00, 0x14, 0x4b,
  0x00, 0x00, 0x14, 0x4c, 0x00, 0x00, 0x14, 0x4d, 0x00, 0x00, 0x14, 0x4e,
  0x00, 0x00, 0x14, 0x4f, 0x00, 0x00, 0x14, 0x50, 0x00, 0x00, 0x14, 0x51,
  0x00, 0x00, 0x14, 0x52, 0x00, 0x00, 0x14, 0x53, 0x00, 0x00, 0x14, 0x54,
  0x00, 0x00, 0x14, 0x55, 0x00, 0x00, 0x14, 0x56, 0x00, 0x00, 0x14, 0x57,
  0x00, 0x00, 0x14, 0x58, 0x00, 0x00, 0x14, 0x59, 0x00, 0x00, 0x14, 0x5a,
  0x00, 0x00, 0x14, 0x5b, 0x00, 0x00, 0x14, 0x5c, 0x00, 0x00, 0x14, 0x5d,
  0x00, 0x00, 0x14, 0x5e, 0x00, 0x00, 0x14, 0x5f, 0x00, 0x00, 0x14, 0x60,
  0x00, 0x00, 0x14, 0x61, 0x00, 0x00, 0x14, 0x62, 0x00, 0x00, 0x14, 0x63,
  0x00, 0x00, 0x14, 0x64, 0x00, 0x00, 0x14, 0x65, 0x00, 0x00, 0x14, 0x66,
  0x00, 0x00, 0x14, 0x67, 0x00, 0x00, 0x14, 0x68, 0x00, 0x00, 0x14, 0x69,
  0x00, 0x00, 0x14, 0x6a, 0x00, 0x00, 0x14, 0x6b, 0x00, 0x00, 0x14, 0x6c,
  0x00, 0x00, 0x14, 0x6d, 0x00, 0x00, 0x14, 0x6e, 0x00, 0x00, 0x14, 0x6f,
  0x00, 0x00, 0x14, 0x70, 0x00, 0x00, 0x14, 0x71, 0x00, 0x00, 0x14, 0x72,
  0x00, 0x00, 0x14, 0x73, 0x00, 0x00, 0x14, 0x74, 0x00, 0x00, 0x14, 0x75,
  0x00, 0x00, 0x14, 0x76, 0x00, 0x00, 0x14, 0x77, 0x00, 0x00, 0x14, 0x78,
  0x00, 0x00, 0x14, 0x79, 0x00, 0x00, 0x14, 0x7a, 0x00, 0x00, 0x14, 0x7b,
  0x00, 0x00, 0x14, 0x7c, 0x00, 0x00, 0x14, 0x7d, 0x00, 0x00, 0x14, 0x7e,
  0x00, 0x00, 0x14, 0x7f, 0x00, 0x00, 0x14, 0x80, 0x00, 0x00, 0x14, 0x81,
  0x00, 0x00, 0x14, 0x82, 0x00, 0x00, 0x14, 0x83, 0x00, 0x00, 0x14, 0x84,
  0x00, 0x00, 0x14, 0x85, 0x00, 0x00, 0x14, 0x86, 0x00, 0x00, 0x14, 0x87,
  0x00, 0x00, 0x14, 0x88, 0x00, 0x00, 0x14, 0x89, 0x00, 0x00, 0x14, 0x8a,
  0x00, 0x00, 0x14, 0x8b, 0x00, 0x00, 0x14, 0x8c, 0x00, 0x00, 0x14, 0x8d,
  0x00, 0x00, 0x14, 0x8e, 0x00, 0x00, 0x14, 0x8f, 0x00, 0x00, 0x14, 0x90,
  0x00, 0x00, 0x14, 0x91, 0x00, 0x00, 0x14, 0x92, 0x00, 0x00, 0x14, 0x93,
  0x00, 0x00, 0x14, 0x94, 0x00, 0x00, 0x14, 0x95, 0x00, 0x00, 0x14, 0x96,
  0x00, 0x00, 0x14, 0x97, 0x00, 0x00, 0x14, 0x98, 0x00, 0x00, 0x14, 0x99,
  0x00, 0x00, 0x14, 0x9a, 0x00, 0x00, 0x14, 0x9b, 0x00, 0x00, 0x14, 0x9c,
  0x00, 0x00, 0x14, 0x9d, 0x00, 0x00, 0x14, 0x9e, 0x00, 0x00, 0x14, 0x9f,
  0x00, 0x00, 0x14, 0xa0, 0x00, 0x00, 0x14, 0xa1, 0x00, 0x00, 0x14, 0xa2,
  0x00, 0x00, 0x14, 0xa3, 0x00, 0x00, 0x14, 0xa4, 0x00, 0x00, 0x14, 0xa5,
  0x00, 0x00, 0x14, 0xa6, 0x00, 0x00, 0x14, 0xa7, 0x00, 0x00, 0x14, 0xa8,
  0x00, 0x00, 0x14, 0xa9, 0x00, 0x00, 0x14, 0xaa, 0x00, 0x00, 0x14, 0xab,
  0x00, 0x00, 0x14, 0xac, 0x00, 0x00, 0x14, 0xad, 0x00, 0x00, 0x14, 0xae,
  0x00, 0x00, 0x14, 0xaf, 0x00, 0x00, 0x14, 0xb0, 0x00, 0x00, 0x14, 0xb1,
  0x00, 0x00, 0x14, 0xb2, 0x00, 0x00, 0x14, 0xb3, 0x00, 0x00, 0x14, 0xb4,
  0x00, 0x00, 0x14, 0xb5, 0x00, 0x00, 0x14, 0xb6, 0x00, 0x00, 0x14, 0xb7,
  0x00, 0x00, 0x14, 0xb8, 0x00, 0x00, 0x14, 0xb9, 0x00, 0x00, 0x14, 0xba,
  0x00, 0x00, 0x14, 0xbb, 0x00, 0x00, 0x14, 0xbc, 0x00, 0x00, 0x14, 0xbd,
  0x00, 0x00, 0x14, 0xbe, 0x00, 0x00, 0x14, 0xbf, 0x00, 0x00, 0x14, 0xc0,
  0x00, 0x00, 0x14, 0xc1, 0x00, 0x00, 0x14, 0xc2, 0x00, 0x00, 0x14, 0xc3,
  0x00, 0x00, 0x14, 0xc4, 0x00, 0x00, 0x14, 0xc5, 0x00, 0x00, 0x14, 0xc6,
  0x00, 0x00, 0x14, 0xc7, 0x00, 0x00, 0x14, 0xc8, 0x00, 0x00, 0x14, 0xc9,
  0x00, 0x00, 0x14, 0xca, 0x00, 0x00, 0x14, 0xcb, 0x00, 0x00, 0x14, 0xcc,
  0x00, 0x00, 0x14, 0xcd, 0x00, 0x00, 0x14, 0xce, 0x00, 0x00, 0x14, 0xcf,
  0x00, 0x00, 0x14, 0xd0, 0x00, 0x00, 0x14, 0xd1, 0x00, 0x00, 0x14, 0xd2,
  0x00, 0x00, 0x14, 0xd3, 0x00, 0x00, 0x14, 0xd4, 0x00, 0x00, 0x14, 0xd5,
  0x00, 0x00, 0x14, 0xd6, 0x00, 0x00, 0x14, 0xd7, 0x00, 0x00, 0x14, 0xd8,
  0x00, 0x00, 0x14, 0xd9, 0x00, 0x00, 0x14, 0xda, 0x00, 0x00, 0x14, 0xdb,
  0x00, 0x00, 0x14, 0xdc, 0x00, 0x00, 0x14, 0xdd, 0x00, 0x00, 0x14, 0xde,
  0x00, 0x00, 0x14, 0xdf, 0x00, 0x00, 0x14, 0xe0, 0x00, 0x00, 0x14, 0xe1,
  0x00, 0x00, 0x14, 0xe2, 0x00, 0x00, 0x14, 0xe3, 0x00, 0x00, 0x14, 0xe4,
  0x00, 0x00, 0x14, 0xe5, 0x00, 0x00, 0x14, 0xe6, 0x00, 0x00, 0x14, 0xe7,
  0x00, 0x00, 0x14, 0xe8, 0x00, 0x00, 0x14, 0xe9, 0x00, 0x00, 0x14, 0xea,
  0x00, 0x00, 0x14, 0xeb, 0x00, 0x00, 0x14, 0xec, 0x00, 0x00, 0x14, 0xed,
  0x00, 0x00, 0x14, 0xee, 0x00, 0x00, 0x14, 0xef, 0x00, 0x00, 0x14, 0xf0,
  0x00, 0x00, 0x14, 0xf1, 0x00, 0x00, 0x14, 0xf2, 0x00, 0x00, 0x14, 0xf3,
  0x00, 0x00, 0x14, 0xf4, 0x00, 0x00, 0x14, 0xf5, 0x00, 0x00, 0x14, 0xf6,
  0x00, 0x00, 0x14, 0xf7, 0x00, 0x00, 0x14, 0xf8, 0x00, 0x00, 0x14, 0xf9,
  0x00, 0x00, 0x14, 0xfa, 0x00, 0x00, 0x14, 0xfb, 0x00, 0x00, 0x14, 0xfc,
  0x00, 0x00, 0x14, 0xfd, 0x00, 0x00, 0x14, 0xfe, 0x00, 0x00, 0x14, 0xff,
  0x00, 0x00, 0x15, 0x00, 0x00, 0x00, 0x15, 0x01, 0x00, 0x00, 0x15, 0x02,
  0x00, 0x00, 0x15, 0x03, 0x00, 0x00, 0x15, 0x04, 0x00, 0x00, 0x15, 0x05,
  0x00, 0x00, 0x15, 0x06, 0x00, 0x00, 0x15, 0x07, 0x00, 0x00, 0x15, 0x08,
  0x00, 0x00, 0x15, 0x09, 0x00, 0x00, 0x15, 0x0a, 0x00, 0x00, 0x15, 0x0b,
  0x00, 0x00, 0x15, 0x0c, 0x00, 0x00, 0x15, 0x0d, 0x00, 0x00, 0x15, 0x0e,
  0x00, 0x00, 0x15, 0x0f, 0x00, 0x00, 0x15, 0x10, 0x00, 0x00, 0x15, 0x11,
  0x00, 0x00, 0x15, 0x12, 0x00, 0x00, 0x15, 0x13, 0x00, 0x00, 0x15, 0x14,
  0x00, 0x00, 0x15, 0x15, 0x00, 0x00, 0x15, 0x16, 0x00, 0x00, 0x15, 0x17,
  0x00, 0x00, 0x15, 0x18, 0x00, 0x00, 0x15, 0x19, 0x00, 0x00, 0x15, 0x1a,
  0x00, 0x00, 0x15, 0x1b, 0x00, 0x00, 0x15, 0x1c, 0x00, 0x00, 0x15, 0x1d,
  0x00, 0x00, 0x15, 0x1e, 0x00, 0x00, 0x15, 0x1f, 0x00, 0x00, 0x15, 0x20,
  0x00, 0x00, 0x15, 0x21, 0x00, 0x00, 0x15, 0x22, 0x00, 0x00, 0x15, 0x23,
  0x00, 0x00, 0x15, 0x24, 0x00, 0x00, 0x15, 0x25, 0x00, 0x00, 0x15, 0x26,
  0x00, 0x00, 0x15, 0x27, 0x00, 0x00, 0x15, 0x28, 0x00, 0x00, 0x15, 0x29,
  0x00, 0x00, 0x15, 0x2a, 0x00, 0x00, 0x15, 0x2b, 0x00, 0x00, 0x15, 0x2c,
  0x00, 0x00, 0x15, 0x2d, 0x00, 0x00, 0x15, 0x2e, 0x00, 0x00, 0x15, 0x2f,
  0x00, 0x00, 0x15, 0x30, 0x00, 0x00, 0x15, 0x31, 0x00, 0x00, 0x15, 0x32,
  0x00, 0x00, 0x15, 0x33, 0x00, 0x00, 0x15, 0x34, 0x00, 0x00, 0x15, 0x35,
  0x00, 0x00, 0x15, 0x36, 0x00, 0x00, 0x15, 0x37, 0x00, 0x00, 0x15, 0x38,
  0x00, 0x00, 0x15, 0x39, 0x00, 0x00, 0x15, 0x3a, 0x00, 0x00, 0x15, 0x3b,
  0x00, 0x00, 0x15, 0x3c, 0x00, 0x00, 0x15, 0x3d, 0x00, 0x00, 0x15, 0x3e,
  0x00, 0x00, 0x15, 0x3f, 0x00, 0x00, 0x15, 0x40, 0x00, 0x00, 0x15, 0x41,
  0x00, 0x00, 0x15, 0x42, 0x00, 0x00, 0x15, 0x43, 0x00, 0x00, 0x15, 0x44,
  0x00, 0x00, 0x15, 0x45, 0x00, 0x00, 0x15, 0x46, 0x00, 0x00, 0x15, 0x47,
  0x00, 0x00, 0x15, 0x48, 0x00, 0x00, 0x15, 0x49, 0x00, 0x00, 0x15, 0x4a,
  0x00, 0x00, 0x15, 0x4b, 0x00, 0x00, 0x15, 0x4c, 0x00, 0x00, 0x15, 0x4d,
  0x00, 0x00, 0x15, 0x4e, 0x00, 0x00, 0x15, 0x4f, 0x00, 0x00, 0x15, 0x50,
  0x00, 0x00, 0x15, 0x51, 0x00, 0x00, 0x15, 0x52, 0x00, 0x00, 0x15, 0x53,
  0x00, 0x00, 0x15, 0x54, 0x00, 0x00, 0x15, 0x55, 0x00, 0x00, 0x15, 0x56,
  0x00, 0x00, 0x15, 0x57, 0x00, 0x00, 0x15, 0x58, 0x00, 0x00, 0x15, 0x59,
  0x00, 0x00, 0x15, 0x5a, 0x00, 0x00, 0x15, 0x5b, 0x00, 0x00, 0x15, 0x5c,
  0x00, 0x00, 0x15, 0x5d, 0x00, 0x00, 0x15, 0x5e, 0x00, 0x00, 0x15, 0x5f,
  0x00, 0x00, 0x15, 0x60, 0x00, 0x00, 0x15, 0x61, 0x00, 0x00, 0x15, 0x62,
  0x00, 0x00, 0x15, 0x63, 0x00, 0x00, 0x15, 0x64, 0x00, 0x00, 0x15, 0x65,
  0x00, 0x00, 0x15, 0x66, 0x00, 0x00, 0x15, 0x67, 0x00, 0x00, 0x15, 0x68,
  0x00, 0x00, 0x15, 0x69, 0x00, 0x00, 0x15, 0x6a, 0x00, 0x00, 0x15, 0x6b,
  0x00, 0x00, 0x15, 0x6c, 0x00, 0x00, 0x15, 0x6d, 0x00, 0x00, 0x15, 0x6e,
  0x00, 0x00, 0x15, 0x6f, 0x00, 0x00, 0x15, 0x70, 0x00, 0x00, 0x15, 0x71,
  0x00, 0x00, 0x15, 0x72, 0x00, 0x00, 0x15, 0x73, 0x00, 0x00, 0x15, 0x74,
  0x00, 0x00, 0x15, 0x75, 0x00, 0x00, 0x15, 0x76, 0x00, 0x00, 0x15, 0x77,
  0x00, 0x00, 0x15, 0x78, 0x00, 0x00, 0x15, 0x79, 0x00, 0x00, 0x15, 0x7a,
  0x00, 0x00, 0x15, 0x7b, 0x00, 0x00, 0x15, 0x7c, 0x00, 0x00, 0x15, 0x7d,
  0x00, 0x00, 0x15, 0x7e, 0x00, 0x00, 0x15, 0x7f, 0x00, 0x00, 0x15, 0x80,
  0x00, 0x00, 0x15, 0x81, 0x00, 0x00, 0x15, 0x82, 0x00, 0x00, 0x15, 0x83,
  0x00, 0x00, 0x15, 0x84, 0x00, 0x00, 0x15, 0x85, 0x00, 0x00, 0x15, 0x86,
  0x00, 0x00, 0x15, 0x87, 0x00, 0x00, 0x15, 0x88, 0x00, 0x00, 0x15, 0x89,
  0x00, 0x00, 0x15, 0x8a, 0x00, 0x00, 0x15, 0x8b, 0x00, 0x00, 0x15, 0x8c,
  0x00, 0x00, 0x15, 0x8d, 0x00, 0x00, 0x15, 0x8e, 0x00, 0x00, 0x15, 0x8f,
  0x00, 0x00, 0x15, 0x90, 0x00, 0x00, 0x15, 0x91, 0x00, 0x00, 0x15, 0x92,
  0x00, 0x00, 0x15, 0x93, 0x00, 0x00, 0x15, 0x94, 0x00, 0x00, 0x15, 0x95,
  0x00, 0x00, 0x15, 0x96, 0x00, 0x00, 0x15, 0x97, 0x00, 0x00, 0x15, 0x98,
  0x00, 0x00, 0x15, 0x99, 0x00, 0x00, 0x15, 0x9a, 0x00, 0x00, 0x15, 0x9b,
  0x00, 0x00, 0x15, 0x9c, 0x00, 0x00, 0x15, 0x9d, 0x00, 0x00, 0x15, 0x9e,
  0x00, 0x00, 0x15, 0x9f, 0x00, 0x00, 0x15, 0xa0, 0x00, 0x00, 0x15, 0xa1,
  0x00, 0x00, 0x15, 0xa2, 0x00, 0x00, 0x15, 0xa3, 0x00, 0x00, 0x15, 0xa4,
  0x00, 0x00, 0x15, 0xa5, 0x00, 0x00, 0x15, 0xa6, 0x00, 0x00, 0x15, 0xa7,
  0x00, 0x00, 0x15, 0xa8, 0x00, 0x00, 0x15, 0xa9, 0x00, 0x00, 0x15, 0xaa,
  0x00, 0x00, 0x15, 0xab, 0x00, 0x00, 0x15, 0xac, 0x00, 0x00, 0x15, 0xad,
  0x00, 0x00, 0x15, 0xae, 0x00, 0x00, 0x15, 0xaf, 0x00, 0x00, 0x15, 0xb0,
  0x00, 0x00, 0x15, 0xb1, 0x00, 0x00, 0x15, 0xb2, 0x00, 0x00, 0x15, 0xb3,
  0x00, 0x00, 0x15, 0xb4, 0x00, 0x00, 0x15, 0xb5, 0x00, 0x00, 0x15, 0xb6,
  0x00, 0x00, 0x15, 0xb7, 0x00, 0x00, 0x15, 0xb8, 0x00, 0x00, 0x15, 0xb9,
  0x00, 0x00, 0x15, 0xba, 0x00, 0x00, 0x15, 0xbb, 0x00, 0x00, 0x15, 0xbc,
  0x00, 0x00, 0x15, 0xbd, 0x00, 0x00, 0x15, 0xbe, 0x00, 0x00, 0x15, 0xbf,
  0x00, 0x00, 0x15, 0xc0, 0x00, 0x00, 0x15, 0xc1, 0x00, 0x00, 0x15, 0xc2,
  0x00, 0x00, 0x15, 0xc3, 0x00, 0x00, 0x15, 0xc4, 0x00, 0x00, 0x15, 0xc5,
  0x00, 0x00, 0x15, 0xc6, 0x00, 0x00, 0x15, 0xc7, 0x00, 0x00, 0x15, 0xc8,
  0x00, 0x00, 0x15, 0xc9, 0x00, 0x00, 0x15, 0xca, 0x00, 0x00, 0x15, 0xcb,
  0x00, 0x00, 0x15, 0xcc, 0x00, 0x00, 0x15, 0xcd, 0x00, 0x00, 0x15, 0xce,
  0x00, 0x00, 0x15, 0xcf, 0x00, 0x00, 0x15, 0xd0, 0x00, 0x00, 0x15, 0xd1,
  0x00, 0x00, 0x15, 0xd2, 0x00, 0x00, 0x15, 0xd3, 0x00, 0x00, 0x15, 0xd4,
  0x00, 0x00, 0x15, 0xd5, 0x00, 0x00, 0x15, 0xd6, 0x00, 0x00, 0x15, 0xd7,
  0x00, 0x00, 0x15, 0xd8, 0x00, 0x00, 0x15, 0xd9, 0x00, 0x00, 0x15, 0xda,
  0x00, 0x00, 0x15, 0xdb, 0x00, 0x00, 0x15, 0xdc, 0x00, 0x00, 0x15, 0xdd,
  0x00, 0x00, 0x15, 0xde, 0x00, 0x00, 0x15, 0xdf, 0x00, 0x00, 0x15, 0xe0,
  0x00, 0x00, 0x15, 0xe1, 0x00, 0x00, 0x15, 0xe2, 0x00, 0x00, 0x15, 0xe3,
  0x00, 0x00, 0x15, 0xe4, 0x00, 0x00, 0x15, 0xe5, 0x00, 0x00, 0x15, 0xe6,
  0x00, 0x00, 0x15, 0xe7, 0x00, 0x00, 0x15, 0xe8, 0x00, 0x00, 0x15, 0xe9,
  0x00, 0x00, 0x15, 0xea, 0x00, 0x00, 0x15, 0xeb, 0x00, 0x00, 0x15, 0xec,
  0x00, 0x00, 0x15, 0xed, 0x00, 0x00, 0x15, 0xee, 0x00, 0x00, 0x15, 0xef,
  0x00, 0x00, 0x15, 0xf0, 0x00, 0x00, 0x15, 0xf1, 0x00, 0x00, 0x15, 0xf2,
  0x00, 0x00, 0x15, 0xf3, 0x00, 0x00, 0x15, 0xf4, 0x00, 0x00, 0x15, 0xf5,
  0x00, 0x00, 0x15, 0xf6, 0x00, 0x00, 0x15, 0xf7, 0x00, 0x00, 0x15, 0xf8,
  0x00, 0x00, 0x15, 0xf9, 0x00, 0x00, 0x15, 0xfa, 0x00, 0x00, 0x15, 0xfb,
  0x00, 0x00, 0x15, 0xfc, 0x00, 0x00, 0x15, 0xfd, 0x00, 0x00, 0x15, 0xfe,
  0x00, 0x00, 0x15, 0xff, 0x00, 0x00, 0x16, 0x00, 0x00, 0x00, 0x16, 0x01,
  0x00, 0x00, 0x16, 0x02, 0x00, 0x00, 0x16, 0x03, 0x00, 0x00, 0x16, 0x04,
  0x00, 0x00, 0x16, 0x05, 0x00, 0x00, 0x16, 0x06, 0x00, 0x00, 0x16, 0x07,
  0x00, 0x00, 0x16, 0x08, 0x00, 0x00, 0x16, 0x09, 0x00, 0x00, 0x16, 0x0a,
  0x00, 0x00, 0x16, 0x0b, 0x00, 0x00, 0x16, 0x0c, 0x00, 0x00, 0x16, 0x0d,
  0x00, 0x00, 0x16, 0x0e, 0x00, 0x00, 0x16, 0x0f, 0x00, 0x00, 0x16, 0x10,
  0x00, 0x00, 0x16, 0x11, 0x00, 0x00, 0x16, 0x12, 0x00, 0x00, 0x16, 0x13,
  0x00, 0x00, 0x16, 0x14, 0x00, 0x00, 0x16, 0x15, 0x00, 0x00, 0x16, 0x16,
  0x00, 0x00, 0x16, 0x17, 0x00, 0x00, 0x16, 0x18, 0x00, 0x00, 0x16, 0x19,
  0x00, 0x00, 0x16, 0x1a, 0x00, 0x00, 0x16, 0x1b, 0x00, 0x00, 0x16, 0x1c,
  0x00, 0x00, 0x16, 0x1d, 0x00, 0x00, 0x16, 0x1e, 0x00, 0x00, 0x16, 0x1f,
  0x00, 0x00, 0x16, 0x20, 0x00, 0x00, 0x16, 0x21, 0x00, 0x00, 0x16, 0x22,
  0x00, 0x00, 0x16, 0x23, 0x00, 0x00, 0x16, 0x24, 0x00, 0x00, 0x16, 0x25,
  0x00, 0x00, 0x16, 0x26, 0x00, 0x00, 0x16, 0x27, 0x00, 0x00, 0x16, 0x28,
  0x00, 0x00, 0x16, 0x29, 0x00, 0x00, 0x16, 0x2a, 0x00, 0x00, 0x16, 0x2b,
  0x00, 0x00, 0x16, 0x2c, 0x00, 0x00, 0x16, 0x2d, 0x00, 0x00, 0x16, 0x2e,
  0x00, 0x00, 0x16, 0x2f, 0x00, 0x00, 0x16, 0x30, 0x00, 0x00, 0x16, 0x31,
  0x00, 0x00, 0x16, 0x32, 0x00, 0x00, 0x16, 0x33, 0x00, 0x00, 0x16, 0x34,
  0x00, 0x00, 0x16, 0x35, 0x00, 0x00, 0x16, 0x36, 0x00, 0x00, 0x16, 0x37,
  0x00, 0x00, 0x16, 0x38, 0x00, 0x00, 0x16, 0x39, 0x00, 0x00, 0x16, 0x3a,
  0x00, 0x00, 0x16, 0x3b, 0x00, 0x00, 0x16, 0x3c, 0x00, 0x00, 0x16, 0x3d,
  0x00, 0x00, 0x16, 0x3e, 0x00, 0x00, 0x16, 0x3f, 0x00, 0x00, 0x16, 0x40,
  0x00, 0x00, 0x16, 0x41, 0x00, 0x00, 0x16, 0x42, 0x00, 0x00, 0x16, 0x43,
  0x00, 0x00, 0x16, 0x44, 0x00, 0x00, 0x16, 0x45, 0x00, 0x00, 0x16, 0x46,
  0x00, 0x00, 0x16, 0x47, 0x00, 0x00, 0x16, 0x48, 0x00, 0x00, 0x16, 0x49,
  0x00, 0x00, 0x16, 0x4a, 0x00, 0x00, 0x16, 0x4b, 0x00, 0x00, 0x16, 0x4c,
  0x00, 0x00, 0x16, 0x4d, 0x00, 0x00, 0x16, 0x4e, 0x00, 0x00, 0x16, 0x4f,
  0x00, 0x00, 0x16, 0x50, 0x00, 0x00, 0x16, 0x51, 0x00, 0x00, 0x16, 0x52,
  0x00, 0x00, 0x16, 0x53, 0x00, 0x00, 0x16, 0x54, 0x00, 0x00, 0x16, 0x55,
  0x00, 0x00, 0x16, 0x56, 0x00, 0x00, 0x16, 0x57, 0x00, 0x00, 0x16, 0x58,
  0x00, 0x00, 0x16, 0x59, 0x00, 0x00, 0x16, 0x5a, 0x00, 0x00, 0x16, 0x5b,
  0x00, 0x00, 0x16, 0x5c, 0x00, 0x00, 0x16, 0x5d, 0x00, 0x00, 0x16, 0x5e,
  0x00, 0x00, 0x16, 0x5f, 0x00, 0x00, 0x16, 0x60, 0x00, 0x00, 0x16, 0x61,
  0x00, 0x00, 0x16, 0x62, 0x00, 0x00, 0x16, 0x63, 0x00, 0x00, 0x16, 0x64,
  0x00, 0x00, 0x16, 0x65, 0x00, 0x00, 0x16, 0x66, 0x00, 0x00, 0x16, 0x67,
  0x00, 0x00, 0x16, 0x68, 0x00, 0x00, 0x16, 0x69, 0x00, 0x00, 0x16, 0x6a,
  0x00, 0x00, 0x16, 0x6b, 0x00, 0x00, 0x16, 0x6c, 0x00, 0x00, 0x16, 0x6d,
  0x00, 0x00, 0x16, 0x6e, 0x00, 0x00, 0x16, 0x6f, 0x00, 0x00, 0x16, 0x70,
  0x00, 0x00, 0x16, 0x71, 0x00, 0x00, 0x16, 0x72, 0x00, 0x00, 0x16, 0x73,
  0x00, 0x00, 0x16, 0x74, 0x00, 0x00, 0x16, 0x75, 0x00, 0x00, 0x16, 0x76,
  0x00, 0x00, 0x16, 0x77, 0x00, 0x00, 0x16, 0x78, 0x00, 0x00, 0x16, 0x79,
  0x00, 0x00, 0x16, 0x7a, 0x00, 0x00, 0x16, 0x7b, 0x00, 0x00, 0x16, 0x7c,
  0x00, 0x00, 0x16, 0x7d, 0x00, 0x00, 0x16, 0x7e, 0x00, 0x00, 0x16, 0x7f,
  0x00, 0x00, 0x16, 0x80, 0x00, 0x00, 0x16, 0x81, 0x00, 0x00, 0x16, 0x82,
  0x00, 0x00, 0x16, 0x83, 0x00, 0x00, 0x16, 0x84, 0x00, 0x00, 0x16, 0x85,
  0x00, 0x00, 0x16, 0x86, 0x00, 0x00, 0x16, 0x87, 0x00, 0x00, 0x16, 0x88,
  0x00, 0x00, 0x16, 0x89, 0x00, 0x00, 0x16, 0x8a, 0x00, 0x00, 0x16, 0x8b,
  0x00, 0x00, 0x16, 0x8c, 0x00, 0x00, 0x16, 0x8d, 0x00, 0x00, 0x16, 0x8e,
  0x00, 0x00, 0x16, 0x8f, 0x00, 0x00, 0x16, 0x90, 0x00, 0x00, 0x16, 0x91,
  0x00, 0x00, 0x16, 0x92, 0x00, 0x00, 0x16, 0x93, 0x00, 0x00, 0x16, 0x94,
  0x00, 0x00, 0x16, 0x95, 0x00, 0x00, 0x16, 0x96, 0x00, 0x00, 0x16, 0x97,
  0x00, 0x00, 0x16, 0x98, 0x00, 0x00, 0x16, 0x99, 0x00, 0x00, 0x16, 0x9a,
  0x00, 0x00, 0x16, 0x9b, 0x00, 0x00, 0x16, 0x9c, 0x00, 0x00, 0x16, 0x9d,
  0x00, 0x00, 0x16, 0x9e, 0x00, 0x00, 0x16, 0x9f, 0x00, 0x00, 0x16, 0xa0,
  0x00, 0x00, 0x16, 0xa1, 0x00, 0x00, 0x16, 0xa2, 0x00, 0x00, 0x16, 0xa3,
  0x00, 0x00, 0x16, 0xa4, 0x00, 0x00, 0x16, 0xa5, 0x00, 0x00, 0x16, 0xa6,
  0x00, 0x00, 0x16, 0xa7, 0x00, 0x00, 0x16, 0xa8, 0x00, 0x00, 0x16, 0xa9,
  0x00, 0x00, 0x16, 0xaa, 0x00, 0x00, 0x16, 0xab, 0x00, 0x00, 0x16, 0xac,
  0x00, 0x00, 0x16, 0xad, 0x00, 0x00, 0x16, 0xae, 0x00, 0x00, 0x16, 0xaf,
  0x00, 0x00, 0x16, 0xb0, 0x00, 0x00, 0x16, 0xb1, 0x00, 0x00, 0x16, 0xb2,
  0x00, 0x00, 0x16, 0xb3, 0x00, 0x00, 0x16, 0xb4, 0x00, 0x00, 0x16, 0xb5,
  0x00, 0x00, 0x16, 0xb6, 0x00, 0x00, 0x16, 0xb7, 0x00, 0x00, 0x16, 0xb8,
  0x00, 0x00, 0x16, 0xb9, 0x00, 0x00, 0x16, 0xba, 0x00, 0x00, 0x16, 0xbb,
  0x00, 0x00, 0x16, 0xbc, 0x00, 0x00, 0x16, 0xbd, 0x00, 0x00, 0x16, 0xbe,
  0x00, 0x00, 0x16, 0xbf, 0x00, 0x00, 0x16, 0xc0, 0x00, 0x00, 0x16, 0xc1,
  0x00, 0x00, 0x16, 0xc2, 0x00, 0x00, 0x16, 0xc3, 0x00, 0x00, 0x16, 0xc4,
  0x00, 0x00, 0x16, 0xc5, 0x00, 0x00, 0x16, 0xc6, 0x00, 0x00, 0x16, 0xc7,
  0x00, 0x00, 0x16, 0xc8, 0x00, 0x00, 0x16, 0xc9, 0x00, 0x00, 0x16, 0xca,
  0x00, 0x00, 0x16, 0xcb, 0x00, 0x00, 0x16, 0xcc, 0x00, 0x00, 0x16, 0xcd,
  0x00, 0x00, 0x16, 0xce, 0x00, 0x00, 0x16, 0xcf, 0x00, 0x00, 0x16, 0xd0,
  0x00, 0x00, 0x16, 0xd1, 0x00, 0x00, 0x16, 0xd2, 0x00, 0x00, 0x16, 0xd3,
  0x00, 0x00, 0x16, 0xd4, 0x00, 0x00, 0x16, 0xd5, 0x00, 0x00, 0x16, 0xd6,
  0x00, 0x00, 0x16, 0xd7, 0x00, 0x00, 0x16, 0xd8, 0x00, 0x00, 0x16, 0xd9,
  0x00, 0x00, 0x16, 0xda, 0x00, 0x00, 0x16, 0xdb, 0x00, 0x00, 0x16, 0xdc,
  0x00, 0x00, 0x16, 0xdd, 0x00, 0x00, 0x16, 0xde, 0x00, 0x00, 0x16, 0xdf,
  0x00, 0x00, 0x16, 0xe0, 0x00, 0x00, 0x16, 0xe1, 0x00, 0x00, 0x16, 0xe2,
  0x00, 0x00, 0x16, 0xe3, 0x00, 0x00, 0x16, 0xe4, 0x00, 0x00, 0x16, 0xe5,
  0x00, 0x00, 0x16, 0xe6, 0x00, 0x00, 0x16, 0xe7, 0x00, 0x00, 0x16, 0xe8,
  0x00, 0x00, 0x16, 0xe9, 0x00, 0x00, 0x16, 0xea, 0x00, 0x00, 0x16, 0xeb,
  0x00, 0x00, 0x16, 0xec, 0x00, 0x00, 0x16, 0xed, 0x00, 0x00, 0x16, 0xee,
  0x00, 0x00, 0x16, 0xef, 0x00, 0x00, 0x16, 0xf0, 0x00, 0x00, 0x16, 0xf1,
  0x00, 0x00, 0x16, 0xf2, 0x00, 0x00, 0x16, 0xf3, 0x00, 0x00, 0x16, 0xf4,
  0x00, 0x00, 0x16, 0xf5, 0x00, 0x00, 0x16, 0xf6, 0x00, 0x00, 0x16, 0xf7,
  0x00, 0x00, 0x16, 0xf8, 0x00, 0x00, 0x16, 0xf9, 0x00, 0x00, 0x16, 0xfa,
  0x00, 0x00, 0x16, 0xfb, 0x00, 0x00, 0x16, 0xfc, 0x00, 0x00, 0x16, 0xfd,
  0x00, 0x00, 0x16, 0xfe, 0x00, 0x00, 0x16, 0xff, 0x00, 0x00, 0x17, 0x00,
  0x00, 0x00, 0x17, 0x01, 0x00, 0x00, 0x17, 0x02, 0x00, 0x00, 0x17, 0x03,
  0x00, 0x00, 0x17, 0x04, 0x00, 0x00, 0x17, 0x05, 0x00, 0x00, 0x17, 0x06,
  0x00, 0x00, 0x17, 0x07, 0x00, 0x00, 0x17, 0x08, 0x00, 0x00, 0x17, 0x09,
  0x00, 0x00, 0x17, 0x0a, 0x00, 0x00, 0x17, 0x0b, 0x00, 0x00, 0x17, 0x0c,
  0x00, 0x00, 0x17, 0x0d, 0x00, 0x00, 0x17, 0x0e, 0x00, 0x00, 0x17, 0x0f,
  0x00, 0x00, 0x17, 0x10, 0x00, 0x00, 0x17, 0x11, 0x00, 0x00, 0x17, 0x12,
  0x00, 0x00, 0x17, 0x13, 0x00, 0x00, 0x17, 0x14, 0x00, 0x00, 0x17, 0x15,
  0x00, 0x00, 0x17, 0x16, 0x00, 0x00, 0x17, 0x17, 0x00, 0x00, 0x17, 0x18,
  0x00, 0x00, 0x17, 0x19, 0x00, 0x00, 0x17, 0x1a, 0x00, 0x00, 0x17, 0x1b,
  0x00, 0x00, 0x17, 0x1c, 0x00, 0x00, 0x17, 0x1d, 0x00, 0x00, 0x17, 0x1e,
  0x00, 0x00, 0x17, 0x1f, 0x00, 0x00, 0x17, 0x20, 0x00, 0x00, 0x17, 0x21,
  0x00, 0x00, 0x17, 0x22, 0x00, 0x00, 0x17, 0x23, 0x00, 0x00, 0x17, 0x24,
  0x00, 0x00, 0x17, 0x25, 0x00, 0x00, 0x17, 0x26, 0x00, 0x00, 0x17, 0x27,
  0x00, 0x00, 0x17, 0x28, 0x00, 0x00, 0x17, 0x29, 0x00, 0x00, 0x17, 0x2a,
  0x00, 0x00, 0x17, 0x2b, 0x00, 0x00, 0x17, 0x2c, 0x00, 0x00, 0x17, 0x2d,
  0x00, 0x00, 0x17, 0x2e, 0x00, 0x00, 0x17, 0x2f, 0x00, 0x00, 0x17, 0x30,
  0x00, 0x00, 0x17, 0x31, 0x00, 0x00, 0x17, 0x32, 0x00, 0x00, 0x17, 0x33,
  0x00, 0x00, 0x17, 0x34, 0x00, 0x00, 0x17, 0x35, 0x00, 0x00, 0x17, 0x36,
  0x00, 0x00, 0x17, 0x37, 0x00, 0x00, 0x17, 0x38, 0x00, 0x00, 0x17, 0x39,
  0x00, 0x00, 0x17, 0x3a, 0x00, 0x00, 0x17, 0x3b, 0x00, 0x00, 0x17, 0x3c,
  0x00, 0x00, 0x17, 0x3d, 0x00, 0x00, 0x17, 0x3e, 0x00, 0x00, 0x17, 0x3f,
  0x00, 0x00, 0x17, 0x40, 0x00, 0x00, 0x17, 0x41, 0x00, 0x00, 0x17, 0x42,
  0x00, 0x00, 0x17, 0x43, 0x00, 0x00, 0x17, 0x44, 0x00, 0x00, 0x17, 0x45,
  0x00, 0x00, 0x17, 0x46, 0x00, 0x00, 0x17, 0x47, 0x00, 0x00, 0x17, 0x48,
  0x00, 0x00, 0x17, 0x49, 0x00, 0x00, 0x17, 0x4a, 0x00, 0x00, 0x17, 0x4b,
  0x00, 0x00, 0x17, 0x4c, 0x00, 0x00, 0x17, 0x4d, 0x00, 0x00, 0x17, 0x4e,
  0x00, 0x00, 0x17, 0x4f, 0x00, 0x00, 0x17, 0x50, 0x00, 0x00, 0x17, 0x51,
  0x00, 0x00, 0x17, 0x52, 0x00, 0x00, 0x17, 0x53, 0x00, 0x00, 0x17, 0x54,
  0x00, 0x00, 0x17, 0x55, 0x00, 0x00, 0x17, 0x56, 0x00, 0x00, 0x17, 0x57,
  0x00, 0x00, 0x17, 0x58, 0x00, 0x00, 0x17, 0x59, 0x00, 0x00, 0x17, 0x5a,
  0x00, 0x00, 0x17, 0x5b, 0x00, 0x00, 0x17, 0x5c, 0x00, 0x00, 0x17, 0x5d,
  0x00, 0x00, 0x17, 0x5e, 0x00, 0x00, 0x17, 0x5f, 0x00, 0x00, 0x17, 0x60,
  0x00, 0x00, 0x17, 0x61, 0x00, 0x00, 0x17, 0x62, 0x00, 0x00, 0x17, 0x63,
  0x00, 0x00, 0x17, 0x64, 0x00, 0x00, 0x17, 0x65, 0x00, 0x00, 0x17, 0x66,
  0x00, 0x00, 0x17, 0x67, 0x00, 0x00, 0x17, 0x68, 0x00, 0x00, 0x17, 0x69,
  0x00, 0x00, 0x17, 0x6a, 0x00, 0x00, 0x17, 0x6b, 0x00, 0x00, 0x17, 0x6c,
  0x00, 0x00, 0x17, 0x6d, 0x00, 0x00, 0x17, 0x6e, 0x00, 0x00, 0x17, 0x6f,
  0x00, 0x00, 0x17, 0x70, 0x00, 0x00, 0x17, 0x71, 0x00, 0x00, 0x17, 0x72,
  0x00, 0x00, 0x17, 0x73, 0x00, 0x00, 0x17, 0x74, 0x00, 0x00, 0x17, 0x75,
  0x00, 0x00, 0x17, 0x76, 0x00, 0x00, 0x17, 0x77, 0x00, 0x00, 0x17, 0x78,
  0x00, 0x00, 0x17, 0x79, 0x00, 0x00, 0x17, 0x7a, 0x00, 0x00, 0x17, 0x7b,
  0x00, 0x00, 0x17, 0x7c, 0x00, 0x00, 0x17, 0x7d, 0x00, 0x00, 0x17, 0x7e,
  0x00, 0x00, 0x17, 0x7f, 0x00, 0x00, 0x17, 0x80, 0x00, 0x00, 0x17, 0x81,
  0x00, 0x00, 0x17, 0x82, 0x00, 0x00, 0x17, 0x83, 0x00, 0x00, 0x17, 0x84,
  0x00, 0x00, 0x17, 0x85, 0x00, 0x00, 0x17, 0x86, 0x00, 0x00, 0x17, 0x87,
  0x00, 0x00, 0x17, 0x88, 0x00, 0x00, 0x17, 0x89, 0x00, 0x00, 0x17, 0x8a,
  0x00, 0x00, 0x17, 0x8b, 0x00, 0x00, 0x17, 0x8c, 0x00, 0x00, 0x17, 0x8d,
  0x00, 0x00, 0x17, 0x8e, 0x00, 0x00, 0x17, 0x8f, 0x00, 0x00, 0x17, 0x90,
  0x00, 0x00, 0x17, 0x91, 0x00, 0x00, 0x17, 0x92, 0x00, 0x00, 0x17, 0x93,
  0x00, 0x00, 0x17, 0x94, 0x00, 0x00, 0x17, 0x95, 0x00, 0x00, 0x17, 0x96,
  0x00, 0x00, 0x17, 0x97, 0x00, 0x00, 0x17, 0x98, 0x00, 0x00, 0x17, 0x99,
  0x00, 0x00, 0x17, 0x9a, 0x00, 0x00, 0x17, 0x9b, 0x00, 0x00, 0x17, 0x9c,
  0x00, 0x00, 0x17, 0x9d, 0x00, 0x00, 0x17, 0x9e, 0x00, 0x00, 0x17, 0x9f,
  0x00, 0x00, 0x17, 0xa0, 0x00, 0x00, 0x17, 0xa1, 0x00, 0x00, 0x17, 0xa2,
  0x00, 0x00, 0x17, 0xa3, 0x00, 0x00, 0x17, 0xa4, 0x00, 0x00, 0x17, 0xa5,
  0x00, 0x00, 0x17, 0xa6, 0x00, 0x00, 0x17, 0xa7, 0x00, 0x00, 0x17, 0xa8,
  0x00, 0x00, 0x17, 0xa9, 0x00, 0x00, 0x17, 0xaa, 0x00, 0x00, 0x17, 0xab,
  0x00, 0x00, 0x17, 0xac, 0x00, 0x00, 0x17, 0xad, 0x00, 0x00, 0x17, 0xae,
  0x00, 0x00, 0x17, 0xaf, 0x00, 0x00, 0x17, 0xb0, 0x00, 0x00, 0x17, 0xb1,
  0x00, 0x00, 0x17, 0xb2, 0x00, 0x00, 0x17, 0xb3, 0x00, 0x00, 0x17, 0xb4,
  0x00, 0x00, 0x17, 0xb5, 0x00, 0x00, 0x17, 0xb6, 0x00, 0x00, 0x17, 0xb7,
  0x00, 0x00, 0x17, 0xb8, 0x00, 0x00, 0x17, 0xb9, 0x00, 0x00, 0x17, 0xba,
  0x00, 0x00, 0x17, 0xbb, 0x00, 0x00, 0x17, 0xbc, 0x00, 0x00, 0x17, 0xbd,
  0x00, 0x00, 0x17, 0xbe, 0x00, 0x00, 0x17, 0xbf, 0x00, 0x00, 0x17, 0xc0,
  0x00, 0x00, 0x17, 0xc1, 0x00, 0x00, 0x17, 0xc2, 0x00, 0x00, 0x17, 0xc3,
  0x00, 0x00, 0x17, 0xc4, 0x00, 0x00, 0x17, 0xc5, 0x00, 0x00, 0x17, 0xc6,
  0x00, 0x00, 0x17, 0xc7, 0x00, 0x00, 0x17, 0xc8, 0x00, 0x00, 0x17, 0xc9,
  0x00, 0x00, 0x17, 0xca, 0x00, 0x00, 0x17, 0xcb, 0x00, 0x00, 0x17, 0xcc,
  0x00, 0x00, 0x17, 0xcd, 0x00, 0x00, 0x17, 0xce, 0x00, 0x00, 0x17, 0xcf,
  0x00, 0x00, 0x17, 0xd0, 0x00, 0x00, 0x17, 0xd1, 0x00, 0x00, 0x17, 0xd2,
  0x00, 0x00, 0x17, 0xd3, 0x00, 0x00, 0x17, 0xd4, 0x00, 0x00, 0x17, 0xd5,
  0x00, 0x00, 0x17, 0xd6, 0x00, 0x00, 0x17, 0xd7, 0x00, 0x00, 0x17, 0xd8,
  0x00, 0x00, 0x17, 0xd9, 0x00, 0x00, 0x17, 0xda, 0x00, 0x00, 0x17, 0xdb,
  0x00, 0x00, 0x17, 0xdc, 0x00, 0x00, 0x17, 0xdd, 0x00, 0x00, 0x17, 0xde,
  0x00, 0x00, 0x17, 0xdf, 0x00, 0x00, 0x17, 0xe0, 0x00, 0x00, 0x17, 0xe1,
  0x00, 0x00, 0x17, 0xe2, 0x00, 0x00, 0x17, 0xe3, 0x00, 0x00, 0x17, 0xe4,
  0x00, 0x00, 0x17, 0xe5, 0x00, 0x00, 0x17, 0xe6, 0x00, 0x00, 0x17, 0xe7,
  0x00, 0x00, 0x17, 0xe8, 0x00, 0x00, 0x17, 0xe9, 0x00, 0x00, 0x17, 0xea,
  0x00, 0x00, 0x17, 0xeb, 0x00, 0x00, 0x17, 0xec, 0x00, 0x00, 0x17, 0xed,
  0x00, 0x00, 0x17, 0xee, 0x00, 0x00, 0x17, 0xef, 0x00, 0x00, 0x17, 0xf0,
  0x00, 0x00, 0x17, 0xf1, 0x00, 0x00, 0x17, 0xf2, 0x00, 0x00, 0x17, 0xf3,
  0x00, 0x00, 0x17, 0xf4, 0x00, 0x00, 0x17, 0xf5, 0x00, 0x00, 0x17, 0xf6,
  0x00, 0x00, 0x17, 0xf7, 0x00, 0x00, 0x17, 0xf8, 0x00, 0x00, 0x17, 0xf9,
  0x00, 0x00, 0x17, 0xfa, 0x00, 0x00, 0x17, 0xfb, 0x00, 0x00, 0x17, 0xfc,
  0x00, 0x00, 0x17, 0xfd, 0x00, 0x00, 0x17, 0xfe, 0x00, 0x00, 0x17, 0xff,
  0x00, 0x00, 0x18, 0x00, 0x00, 0x00, 0x18, 0x01, 0x00, 0x00, 0x18, 0x02,
  0x00, 0x00, 0x18, 0x03, 0x00, 0x00, 0x18, 0x04, 0x00, 0x00, 0x18, 0x05,
  0x00, 0x00, 0x18, 0x06, 0x00, 0x00, 0x18, 0x07, 0x00, 0x00, 0x18, 0x08,
  0x00, 0x00, 0x18, 0x09, 0x00, 0x00, 0x18, 0x0a, 0x00, 0x00, 0x18, 0x0b,
  0x00, 0x00, 0x18, 0x0c, 0x00, 0x00, 0x18, 0x0d, 0x00, 0x00, 0x18, 0x0e,
  0x00, 0x00, 0x18, 0x0f, 0x00, 0x00, 0x18, 0x10, 0x00, 0x00, 0x18, 0x11,
  0x00, 0x00, 0x18, 0x12, 0x00, 0x00, 0x18, 0x13, 0x00, 0x00, 0x18, 0x14,
  0x00, 0x00, 0x18, 0x15, 0x00, 0x00, 0x18, 0x16, 0x00, 0x00, 0x18, 0x17,
  0x00, 0x00, 0x18, 0x18, 0x00, 0x00, 0x18, 0x19, 0x00, 0x00, 0x18, 0x1a,
  0x00, 0x00, 0x18, 0x1b, 0x00, 0x00, 0x18, 0x1c, 0x00, 0x00, 0x18, 0x1d,
  0x00, 0x00, 0x18, 0x1e, 0x00, 0x00, 0x18, 0x1f, 0x00, 0x00, 0x18, 0x20,
  0x00, 0x00, 0x18, 0x21, 0x00, 0x00, 0x18, 0x22, 0x00, 0x00, 0x18, 0x23,
  0x00, 0x00, 0x18, 0x24, 0x00, 0x00, 0x18, 0x25, 0x00, 0x00, 0x18, 0x26,
  0x00, 0x00, 0x18, 0x27, 0x00, 0x00, 0x18, 0x28, 0x00, 0x00, 0x18, 0x29,
  0x00, 0x00, 0x18, 0x2a, 0x00, 0x00, 0x18, 0x2b, 0x00, 0x00, 0x18, 0x2c,
  0x00, 0x00, 0x18, 0x2d, 0x00, 0x00, 0x18, 0x2e, 0x00, 0x00, 0x18, 0x2f,
  0x00, 0x00, 0x18, 0x30, 0x00, 0x00, 0x18, 0x31, 0x00, 0x00, 0x18, 0x32,
  0x00, 0x00, 0x18, 0x33, 0x00, 0x00, 0x18, 0x34, 0x00, 0x00, 0x18, 0x35,
  0x00, 0x00, 0x18, 0x36, 0x00, 0x00, 0x18, 0x37, 0x00, 0x00, 0x18, 0x38,
  0x00, 0x00, 0x18, 0x39, 0x00, 0x00, 0x18, 0x3a, 0x00, 0x00, 0x18, 0x3b,
  0x00, 0x00, 0x18, 0x3c, 0x00, 0x00, 0x18, 0x3d, 0x00, 0x00, 0x18, 0x3e,
  0x00, 0x00, 0x18, 0x3f, 0x00, 0x00, 0x18, 0x40, 0x00, 0x00, 0x18, 0x41,
  0x00, 0x00, 0x18, 0x42, 0x00, 0x00, 0x18, 0x43, 0x00, 0x00, 0x18, 0x44,
  0x00, 0x00, 0x18, 0x45, 0x00, 0x00, 0x18, 0x46, 0x00, 0x00, 0x18, 0x47,
  0x00, 0x00, 0x18, 0x48, 0x00, 0x00, 0x18, 0x49, 0x00, 0x00, 0x18, 0x4a,
  0x00, 0x00, 0x18, 0x4b, 0x00, 0x00, 0x18, 0x4c, 0x00, 0x00, 0x18, 0x4d,
  0x00, 0x00, 0x18, 0x4e, 0x00, 0x00, 0x18, 0x4f, 0x00, 0x00, 0x18, 0x50,
  0x00, 0x00, 0x18, 0x51, 0x00, 0x00, 0x18, 0x52, 0x00, 0x00, 0x18, 0x53,
  0x00, 0x00, 0x18, 0x54, 0x00, 0x00, 0x18, 0x55, 0x00, 0x00, 0x18, 0x56,
  0x00, 0x00, 0x18, 0x57, 0x00, 0x00, 0x18, 0x58, 0x00, 0x00, 0x18, 0x59,
  0x00, 0x00, 0x18, 0x5a, 0x00, 0x00, 0x18, 0x5b, 0x00, 0x00, 0x18, 0x5c,
  0x00, 0x00, 0x18, 0x5d, 0x00, 0x00, 0x18, 0x5e, 0x00, 0x00, 0x18, 0x5f,
  0x00, 0x00, 0x18, 0x60, 0x00, 0x00, 0x18, 0x61, 0x00, 0x00, 0x18, 0x62,
  0x00, 0x00, 0x18, 0x63, 0x00, 0x00, 0x18, 0x64, 0x00, 0x00, 0x18, 0x65,
  0x00, 0x00, 0x18, 0x66, 0x00, 0x00, 0x18, 0x67, 0x00, 0x00, 0x18, 0x68,
  0x00, 0x00, 0x18, 0x69, 0x00, 0x00, 0x18, 0x6a, 0x00, 0x00, 0x18, 0x6b,
  0x00, 0x00, 0x18, 0x6c, 0x00, 0x00, 0x18, 0x6d, 0x00, 0x00, 0x18, 0x6e,
  0x00, 0x00, 0x18, 0x6f, 0x00, 0x00, 0x18, 0x70, 0x00, 0x00, 0x18, 0x71,
  0x00, 0x00, 0x18, 0x72, 0x00, 0x00, 0x18, 0x73, 0x00, 0x00, 0x18, 0x74,
  0x00, 0x00, 0x18, 0x75, 0x00, 0x00, 0x18, 0x76, 0x00, 0x00, 0x18, 0x77,
  0x00, 0x00, 0x18, 0x78, 0x00, 0x00, 0x18, 0x79, 0x00, 0x00, 0x18, 0x7a,
  0x00, 0x00, 0x18, 0x7b, 0x00, 0x00, 0x18, 0x7c, 0x00, 0x00, 0x18, 0x7d,
  0x00, 0x00, 0x18, 0x7e, 0x00, 0x00, 0x18, 0x7f, 0x00, 0x00, 0x18, 0x80,
  0x00, 0x00, 0x18, 0x81, 0x00, 0x00, 0x18, 0x82, 0x00, 0x00, 0x18, 0x83,
  0x00, 0x00, 0x18, 0x84, 0x00, 0x00, 0x18, 0x85, 0x00, 0x00, 0x18, 0x86,
  0x00, 0x00, 0x18, 0x87, 0x00, 0x00, 0x18, 0x88, 0x00, 0x00, 0x18, 0x89,
  0x00, 0x00, 0x18, 0x8a, 0x00, 0x00, 0x18, 0x8b, 0x00, 0x00, 0x18, 0x8c,
  0x00, 0x00, 0x18, 0x8d, 0x00, 0x00, 0x18, 0x8e, 0x00, 0x00, 0x18, 0x8f,
  0x00, 0x00, 0x18, 0x90, 0x00, 0x00, 0x18, 0x91, 0x00, 0x00, 0x18, 0x92,
  0x00, 0x00, 0x18, 0x93, 0x00, 0x00, 0x18, 0x94, 0x00, 0x00, 0x18, 0x95,
  0x00, 0x00, 0x18, 0x96, 0x00, 0x00, 0x18, 0x97, 0x00, 0x00, 0x18, 0x98,
  0x00, 0x00, 0x18, 0x99, 0x00, 0x00, 0x18, 0x9a, 0x00, 0x00, 0x18, 0x9b,
  0x00, 0x00, 0x18, 0x9c, 0x00, 0x00, 0x18, 0x9d, 0x00, 0x00, 0x18, 0x9e,
  0x00, 0x00, 0x18, 0x9f, 0x00, 0x00, 0x18, 0xa0, 0x00, 0x00, 0x18, 0xa1,
  0x00, 0x00, 0x18, 0xa2, 0x00, 0x00, 0x18, 0xa3, 0x00, 0x00, 0x18, 0xa4,
  0x00, 0x00, 0x18, 0xa5, 0x00, 0x00, 0x18, 0xa6, 0x00, 0x00, 0x18, 0xa7,
  0x00, 0x00, 0x18, 0xa8, 0x00, 0x00, 0x18, 0xa9, 0x00, 0x00, 0x18, 0xaa,
  0x00, 0x00, 0x18, 0xab, 0x00, 0x00, 0x18, 0xac, 0x00, 0x00, 0x18, 0xad,
  0x00, 0x00, 0x18, 0xae, 0x00, 0x00, 0x18, 0xaf, 0x00, 0x00, 0x18, 0xb0,
  0x00, 0x00, 0x18, 0xb1, 0x00, 0x00, 0x18, 0xb2, 0x00, 0x00, 0x18, 0xb3,
  0x00, 0x00, 0x18, 0xb4, 0x00, 0x00, 0x18, 0xb5, 0x00, 0x00, 0x18, 0xb6,
  0x00, 0x00, 0x18, 0xb7, 0x00, 0x00, 0x18, 0xb8, 0x00, 0x00, 0x18, 0xb9,
  0x00, 0x00, 0x18, 0xba, 0x00, 0x00, 0x18, 0xbb, 0x00, 0x00, 0x18, 0xbc,
  0x00, 0x00, 0x18, 0xbd, 0x00, 0x00, 0x18, 0xbe, 0x00, 0x00, 0x18, 0xbf,
  0x00, 0x00, 0x18, 0xc0, 0x00, 0x00, 0x18, 0xc1, 0x00, 0x00, 0x18, 0xc2,
  0x00, 0x00, 0x18, 0xc3, 0x00, 0x00, 0x18, 0xc4, 0x00, 0x00, 0x18, 0xc5,
  0x00, 0x00, 0x18, 0xc6, 0x00, 0x00, 0x18, 0xc7, 0x00, 0x00, 0x18, 0xc8,
  0x00, 0x00, 0x18, 0xc9, 0x00, 0x00, 0x18, 0xca, 0x00, 0x00, 0x18, 0xcb,
  0x00, 0x00, 0x18, 0xcc, 0x00, 0x00, 0x18, 0xcd, 0x00, 0x00, 0x18, 0xce,
  0x00, 0x00, 0x18, 0xcf, 0x00, 0x00, 0x18, 0xd0, 0x00, 0x00, 0x18, 0xd1,
  0x00, 0x00, 0x18, 0xd2, 0x00, 0x00, 0x18, 0xd3, 0x00, 0x00, 0x18, 0xd4,
  0x00, 0x00, 0x18, 0xd5, 0x00, 0x00, 0x18, 0xd6, 0x00, 0x00, 0x18, 0xd7,
  0x00, 0x00, 0x18, 0xd8, 0x00, 0x00, 0x18, 0xd9, 0x00, 0x00, 0x18, 0xda,
  0x00, 0x00, 0x18, 0xdb, 0x00, 0x00, 0x18, 0xdc, 0x00, 0x00, 0x18, 0xdd,
  0x00, 0x00, 0x18, 0xde, 0x00, 0x00, 0x18, 0xdf, 0x00, 0x00, 0x18, 0xe0,
  0x00, 0x00, 0x18, 0xe1, 0x00, 0x00, 0x18, 0xe2, 0x00, 0x00, 0x18, 0xe3,
  0x00, 0x00, 0x18, 0xe4, 0x00, 0x00, 0x18, 0xe5, 0x00, 0x00, 0x18, 0xe6,
  0x00, 0x00, 0x18, 0xe7, 0x00, 0x00, 0x18, 0xe8, 0x00, 0x00, 0x18, 0xe9,
  0x00, 0x00, 0x18, 0xea, 0x00, 0x00, 0x18, 0xeb, 0x00, 0x00, 0x18, 0xec,
  0x00, 0x00, 0x18, 0xed, 0x00, 0x00, 0x18, 0xee, 0x00, 0x00, 0x18, 0xef,
  0x00, 0x00, 0x18, 0xf0, 0x00, 0x00, 0x18, 0xf1, 0x00, 0x00, 0x18, 0xf2,
  0x00, 0x00, 0x18, 0xf3, 0x00, 0x00, 0x18, 0xf4, 0x00, 0x00, 0x18, 0xf5,
  0x00, 0x00, 0x18, 0xf6, 0x00, 0x00, 0x18, 0xf7, 0x00, 0x00, 0x18, 0xf8,
  0x00, 0x00, 0x18, 0xf9, 0x00, 0x00, 0x18, 0xfa, 0x00, 0x00, 0x18, 0xfb,
  0x00, 0x00, 0x18, 0xfc, 0x00, 0x00, 0x18, 0xfd, 0x00, 0x00, 0x18, 0xfe,
  0x00, 0x00, 0x18, 0xff, 0x00, 0x00, 0x19, 0x00, 0x00, 0x00, 0x19, 0x01,
  0x00, 0x00, 0x19, 0x02, 0x00, 0x00, 0x19, 0x03, 0x00, 0x00, 0x19, 0x04,
  0x00, 0x00, 0x19, 0x05, 0x00, 0x00, 0x19, 0x06, 0x00, 0x00, 0x19, 0x07,
  0x00, 0x00, 0x19, 0x08, 0x00, 0x00, 0x19, 0x09, 0x00, 0x00, 0x19, 0x0a,
  0x00, 0x00, 0x19, 0x0b, 0x00, 0x00, 0x19, 0x0c, 0x00, 0x00, 0x19, 0x0d,
  0x00, 0x00, 0x19, 0x0e, 0x00, 0x00, 0x19, 0x0f, 0x00, 0x00, 0x19, 0x10,
  0x00, 0x00, 0x19, 0x11, 0x00, 0x00, 0x19, 0x12, 0x00, 0x00, 0x19, 0x13,
  0x00, 0x00, 0x19, 0x14, 0x00, 0x00, 0x19, 0x15, 0x00, 0x00, 0x19, 0x16,
  0x00, 0x00, 0x19, 0x17, 0x00, 0x00, 0x19, 0x18, 0x00, 0x00, 0x19, 0x19,
  0x00, 0x00, 0x19, 0x1a, 0x00, 0x00, 0x19, 0x1b, 0x00, 0x00, 0x19, 0x1c,
  0x00, 0x00, 0x19, 0x1d, 0x00, 0x00, 0x19, 0x1e, 0x00, 0x00, 0x19, 0x1f,
  0x00, 0x00, 0x19, 0x20, 0x00, 0x00, 0x19, 0x21, 0x00, 0x00, 0x19, 0x22,
  0x00, 0x00, 0x19, 0x23, 0x00, 0x00, 0x19, 0x24, 0x00, 0x00, 0x19, 0x25,
  0x00, 0x00, 0x19, 0x26, 0x00, 0x00, 0x19, 0x27, 0x00, 0x00, 0x19, 0x28,
  0x00, 0x00, 0x19, 0x29, 0x00, 0x00, 0x19, 0x2a, 0x00, 0x00, 0x19, 0x2b,
  0x00, 0x00, 0x19, 0x2c, 0x00, 0x00, 0x19, 0x2d, 0x00, 0x00, 0x19, 0x2e,
  0x00, 0x00, 0x19, 0x2f, 0x00, 0x00, 0x19, 0x30, 0x00, 0x00, 0x19, 0x31,
  0x00, 0x00, 0x19, 0x32, 0x00, 0x00, 0x19, 0x33, 0x00, 0x00, 0x19, 0x34,
  0x00, 0x00, 0x19, 0x35, 0x00, 0x00, 0x19, 0x36, 0x00, 0x00, 0x19, 0x37,
  0x00, 0x00, 0x19, 0x38, 0x00, 0x00, 0x19, 0x39, 0x00, 0x00, 0x19, 0x3a,
  0x00, 0x00, 0x19, 0x3b, 0x00, 0x00, 0x19, 0x3c, 0x00, 0x00, 0x19, 0x3d,
  0x00, 0x00, 0x19, 0x3e, 0x00, 0x00, 0x19, 0x3f, 0x00, 0x00, 0x19, 0x40,
  0x00, 0x00, 0x19, 0x41, 0x00, 0x00, 0x19, 0x42, 0x00, 0x00, 0x19, 0x43,
  0x00, 0x00, 0x19, 0x44, 0x00, 0x00, 0x19, 0x45, 0x00, 0x00, 0x19, 0x46,
  0x00, 0x00, 0x19, 0x47, 0x00, 0x00, 0x19, 0x48, 0x00, 0x00, 0x19, 0x49,
  0x00, 0x00, 0x19, 0x4a, 0x00, 0x00, 0x19, 0x4b, 0x00, 0x00, 0x19, 0x4c,
  0x00, 0x00, 0x19, 0x4d, 0x00, 0x00, 0x19, 0x4e, 0x00, 0x00, 0x19, 0x4f,
  0x00, 0x00, 0x19, 0x50, 0x00, 0x00, 0x19, 0x51, 0x00, 0x00, 0x19, 0x52,
  0x00, 0x00, 0x19, 0x53, 0x00, 0x00, 0x19, 0x54, 0x00, 0x00, 0x19, 0x55,
  0x00, 0x00, 0x19, 0x56, 0x00, 0x00, 0x19, 0x57, 0x00, 0x00, 0x19, 0x58,
  0x00, 0x00, 0x19, 0x59, 0x00, 0x00, 0x19, 0x5a, 0x00, 0x00, 0x19, 0x5b,
  0x00, 0x00, 0x19, 0x5c, 0x00, 0x00, 0x19, 0x5d, 0x00, 0x00, 0x19, 0x5e,
  0x00, 0x00, 0x19, 0x5f, 0x00, 0x00, 0x19, 0x60, 0x00, 0x00, 0x19, 0x61,
  0x00, 0x00, 0x19, 0x62, 0x00, 0x00, 0x19, 0x63, 0x00, 0x00, 0x19, 0x64,
  0x00, 0x00, 0x19, 0x65, 0x00, 0x00, 0x19, 0x66, 0x00, 0x00, 0x19, 0x67,
  0x00, 0x00, 0x19, 0x68, 0x00, 0x00, 0x19, 0x69, 0x00, 0x00, 0x19, 0x6a,
  0x00, 0x00, 0x19, 0x6b, 0x00, 0x00, 0x19, 0x6c, 0x00, 0x00, 0x19, 0x6d,
  0x00, 0x00, 0x19, 0x6e, 0x00, 0x00, 0x19, 0x6f, 0x00, 0x00, 0x19, 0x70,
  0x00, 0x00, 0x19, 0x71, 0x00, 0x00, 0x19, 0x72, 0x00, 0x00, 0x19, 0x73,
  0x00, 0x00, 0x19, 0x74, 0x00, 0x00, 0x19, 0x75, 0x00, 0x00, 0x19, 0x76,
  0x00, 0x00, 0x19, 0x77, 0x00, 0x00, 0x19, 0x78, 0x00, 0x00, 0x19, 0x79,
  0x00, 0x00, 0x19, 0x7a, 0x00, 0x00, 0x19, 0x7b, 0x00, 0x00, 0x19, 0x7c,
  0x00, 0x00, 0x19, 0x7d, 0x00, 0x00, 0x19, 0x7e, 0x00, 0x00, 0x19, 0x7f,
  0x00, 0x00, 0x19, 0x80, 0x00, 0x00, 0x19, 0x81, 0x00, 0x00, 0x19, 0x82,
  0x00, 0x00, 0x19, 0x83, 0x00, 0x00, 0x19, 0x84, 0x00, 0x00, 0x19, 0x85,
  0x00, 0x00, 0x19, 0x86, 0x00, 0x00, 0x19, 0x87, 0x00, 0x00, 0x19, 0x88,
  0x00, 0x00, 0x19, 0x89, 0x00, 0x00, 0x19, 0x8a, 0x00, 0x00, 0x19, 0x8b,
  0x00, 0x00, 0x19, 0x8c, 0x00, 0x00, 0x19, 0x8d, 0x00, 0x00, 0x19, 0x8e,
  0x00, 0x00, 0x19, 0x8f, 0x00, 0x00, 0x19, 0x90, 0x00, 0x00, 0x19, 0x91,
  0x00, 0x00, 0x19, 0x92, 0x00, 0x00, 0x19, 0x93, 0x00, 0x00, 0x19, 0x94,
  0x00, 0x00, 0x19, 0x95, 0x00, 0x00, 0x19, 0x96, 0x00, 0x00, 0x19, 0x97,
  0x00, 0x00, 0x19, 0x98, 0x00, 0x00, 0x19, 0x99, 0x00, 0x00, 0x19, 0x9a,
  0x00, 0x00, 0x19, 0x9b, 0x00, 0x00, 0x19, 0x9c, 0x00, 0x00, 0x19, 0x9d,
  0x00, 0x00, 0x19, 0x9e, 0x00, 0x00, 0x19, 0x9f, 0x00, 0x00, 0x19, 0xa0,
  0x00, 0x00, 0x19, 0xa1, 0x00, 0x00, 0x19, 0xa2, 0x00, 0x00, 0x19, 0xa3,
  0x00, 0x00, 0x19, 0xa4, 0x00, 0x00, 0x19, 0xa5, 0x00, 0x00, 0x19, 0xa6,
  0x00, 0x00, 0x19, 0xa7, 0x00, 0x00, 0x19, 0xa8, 0x00, 0x00, 0x19, 0xa9,
  0x00, 0x00, 0x19, 0xaa, 0x00, 0x00, 0x19, 0xab, 0x00, 0x00, 0x19, 0xac,
  0x00, 0x00, 0x19, 0xad, 0x00, 0x00, 0x19, 0xae, 0x00, 0x00, 0x19, 0xaf,
  0x00, 0x00, 0x19, 0xb0, 0x00, 0x00, 0x19, 0xb1, 0x00, 0x00, 0x19, 0xb2,
  0x00, 0x00, 0x19, 0xb3, 0x00, 0x00, 0x19, 0xb4, 0x00, 0x00, 0x19, 0xb5,
  0x00, 0x00, 0x19, 0xb6, 0x00, 0x00, 0x19, 0xb7, 0x00, 0x00, 0x19, 0xb8,
  0x00, 0x00, 0x19, 0xb9, 0x00, 0x00, 0x19, 0xba, 0x00, 0x00, 0x19, 0xbb,
  0x00, 0x00, 0x19, 0xbc, 0x00, 0x00, 0x19, 0xbd, 0x00, 0x00, 0x19, 0xbe,
  0x00, 0x00, 0x19, 0xbf, 0x00, 0x00, 0x19, 0xc0, 0x00, 0x00, 0x19, 0xc1,
  0x00, 0x00, 0x19, 0xc2, 0x00, 0x00, 0x19, 0xc3, 0x00, 0x00, 0x19, 0xc4,
  0x00, 0x00, 0x19, 0xc5, 0x00, 0x00, 0x19, 0xc6, 0x00, 0x00, 0x19, 0xc7,
  0x00, 0x00, 0x19, 0xc8, 0x00, 0x00, 0x19, 0xc9, 0x00, 0x00, 0x19, 0xca,
  0x00, 0x00, 0x19, 0xcb, 0x00, 0x00, 0x19, 0xcc, 0x00, 0x00, 0x19, 0xcd,
  0x00, 0x00, 0x19, 0xce, 0x00, 0x00, 0x19, 0xcf, 0x00, 0x00, 0x19, 0xd0,
  0x00, 0x00, 0x19, 0xd1, 0x00, 0x00, 0x19, 0xd2, 0x00, 0x00, 0x19, 0xd3,
  0x00, 0x00, 0x19, 0xd4, 0x00, 0x00, 0x19, 0xd5, 0x00, 0x00, 0x19, 0xd6,
  0x00, 0x00, 0x19, 0xd7, 0x00, 0x00, 0x19, 0xd8, 0x00, 0x00, 0x19, 0xd9,
  0x00, 0x00, 0x19, 0xda, 0x00, 0x00, 0x19, 0xdb, 0x00, 0x00, 0x19, 0xdc,
  0x00, 0x00, 0x19, 0xdd, 0x00, 0x00, 0x19, 0xde, 0x00, 0x00, 0x19, 0xdf,
  0x00, 0x00, 0x19, 0xe0, 0x00, 0x00, 0x19, 0xe1, 0x00, 0x00, 0x19, 0xe2,
  0x00, 0x00, 0x19, 0xe3, 0x00, 0x00, 0x19, 0xe4, 0x00, 0x00, 0x19, 0xe5,
  0x00, 0x00, 0x19, 0xe6, 0x00, 0x00, 0x19, 0xe7, 0x00, 0x00, 0x19, 0xe8,
  0x00, 0x00, 0x19, 0xe9, 0x00, 0x00, 0x19, 0xea, 0x00, 0x00, 0x19, 0xeb,
  0x00, 0x00, 0x19, 0xec, 0x00, 0x00, 0x19, 0xed, 0x00, 0x00, 0x19, 0xee,
  0x00, 0x00, 0x19, 0xef, 0x00, 0x00, 0x19, 0xf0, 0x00, 0x00, 0x19, 0xf1,
  0x00, 0x00, 0x19, 0xf2, 0x00, 0x00, 0x19, 0xf3, 0x00, 0x00, 0x19, 0xf4,
  0x00, 0x00, 0x19, 0xf5, 0x00, 0x00, 0x19, 0xf6, 0x00, 0x00, 0x19, 0xf7,
  0x00, 0x00, 0x19, 0xf8, 0x00, 0x00, 0x19, 0xf9, 0x00, 0x00, 0x19, 0xfa,
  0x00, 0x00, 0x19, 0xfb, 0x00, 0x00, 0x19, 0xfc, 0x00, 0x00, 0x19, 0xfd,
  0x00, 0x00, 0x19, 0xfe, 0x00, 0x00, 0x19, 0xff, 0x00, 0x00, 0x1a, 0x00,
  0x00, 0x00, 0x1a, 0x01, 0x00, 0x00, 0x1a, 0x02, 0x00, 0x00, 0x1a, 0x03,
  0x00, 0x00, 0x1a, 0x04, 0x00, 0x00, 0x1a, 0x05, 0x00, 0x00, 0x1a, 0x06,
  0x00, 0x00, 0x1a, 0x07, 0x00, 0x00, 0x1a, 0x08, 0x00, 0x00, 0x1a, 0x09,
  0x00, 0x00, 0x1a, 0x0a, 0x00, 0x00, 0x1a, 0x0b, 0x00, 0x00, 0x1a, 0x0c,
  0x00, 0x00, 0x1a, 0x0d, 0x00, 0x00, 0x1a, 0x0e, 0x00, 0x00, 0x1a, 0x0f,
  0x00, 0x00, 0x1a, 0x10, 0x00, 0x00, 0x1a, 0x11, 0x00, 0x00, 0x1a, 0x12,
  0x00, 0x00, 0x1a, 0x13, 0x00, 0x00, 0x1a, 0x14, 0x00, 0x00, 0x1a, 0x15,
  0x00, 0x00, 0x1a, 0x16, 0x00, 0x00, 0x1a, 0x17, 0x00, 0x00, 0x1a, 0x18,
  0x00, 0x00, 0x1a, 0x19, 0x00, 0x00, 0x1a, 0x1a, 0x00, 0x00, 0x1a, 0x1b,
  0x00, 0x00, 0x1a, 0x1c, 0x00, 0x00, 0x1a, 0x1d, 0x00, 0x00, 0x1a, 0x1e,
  0x00, 0x00, 0x1a, 0x1f, 0x00, 0x00, 0x1a, 0x20, 0x00, 0x00, 0x1a, 0x21,
  0x00, 0x00, 0x1a, 0x22, 0x00, 0x00, 0x1a, 0x23, 0x00, 0x00, 0x1a, 0x24,
  0x00, 0x00, 0x1a, 0x25, 0x00, 0x00, 0x1a, 0x26, 0x00, 0x00, 0x1a, 0x27,
  0x00, 0x00, 0x1a, 0x28, 0x00, 0x00, 0x1a, 0x29, 0x00, 0x00, 0x1a, 0x2a,
  0x00, 0x00, 0x1a, 0x2b, 0x00, 0x00, 0x1a, 0x2c, 0x00, 0x00, 0x1a, 0x2d,
  0x00, 0x00, 0x1a, 0x2e, 0x00, 0x00, 0x1a, 0x2f, 0x00, 0x00, 0x1a, 0x30,
  0x00, 0x00, 0x1a, 0x31, 0x00, 0x00, 0x1a, 0x32, 0x00, 0x00, 0x1a, 0x33,
  0x00, 0x00, 0x1a, 0x34, 0x00, 0x00, 0x1a, 0x35, 0x00, 0x00, 0x1a, 0x36,
  0x00, 0x00, 0x1a, 0x37, 0x00, 0x00, 0x1a, 0x38, 0x00, 0x00, 0x1a, 0x39,
  0x00, 0x00, 0x1a, 0x3a, 0x00, 0x00, 0x1a, 0x3b, 0x00, 0x00, 0x1a, 0x3c,
  0x00, 0x00, 0x1a, 0x3d, 0x00, 0x00, 0x1a, 0x3e, 0x00, 0x00, 0x1a, 0x3f,
  0x00, 0x00, 0x1a, 0x40, 0x00, 0x00, 0x1a, 0x41, 0x00, 0x00, 0x1a, 0x42,
  0x00, 0x00, 0x1a, 0x43, 0x00, 0x00, 0x1a, 0x44, 0x00, 0x00, 0x1a, 0x45,
  0x00, 0x00, 0x1a, 0x46, 0x00, 0x00, 0x1a, 0x47, 0x00, 0x00, 0x1a, 0x48,
  0x00, 0x00, 0x1a, 0x49, 0x00, 0x00, 0x1a, 0x4a, 0x00, 0x00, 0x1a, 0x4b,
  0x00, 0x00, 0x1a, 0x4c, 0x00, 0x00, 0x1a, 0x4d, 0x00, 0x00, 0x1a, 0x4e,
  0x00, 0x00, 0x1a, 0x4f, 0x00, 0x00, 0x1a, 0x50, 0x00, 0x00, 0x1a, 0x51,
  0x00, 0x00, 0x1a, 0x52, 0x00, 0x00, 0x1a, 0x53, 0x00, 0x00, 0x1a, 0x54,
  0x00, 0x00, 0x1a, 0x55, 0x00, 0x00, 0x1a, 0x56, 0x00, 0x00, 0x1a, 0x57,
  0x00, 0x00, 0x1a, 0x58, 0x00, 0x00, 0x1a, 0x59, 0x00, 0x00, 0x1a, 0x5a,
  0x00, 0x00, 0x1a, 0x5b, 0x00, 0x00, 0x1a, 0x5c, 0x00, 0x00, 0x1a, 0x5d,
  0x00, 0x00, 0x1a, 0x5e, 0x00, 0x00, 0x1a, 0x5f, 0x00, 0x00, 0x1a, 0x60,
  0x00, 0x00, 0x1a, 0x61, 0x00, 0x00, 0x1a, 0x62, 0x00, 0x00, 0x1a, 0x63,
  0x00, 0x00, 0x1a, 0x64, 0x00, 0x00, 0x1a, 0x65, 0x00, 0x00, 0x1a, 0x66,
  0x00, 0x00, 0x1a, 0x67, 0x00, 0x00, 0x1a, 0x68, 0x00, 0x00, 0x1a, 0x69,
  0x00, 0x00, 0x1a, 0x6a, 0x00, 0x00, 0x1a, 0x6b, 0x00, 0x00, 0x1a, 0x6c,
  0x00, 0x00, 0x1a, 0x6d, 0x00, 0x00, 0x1a, 0x6e, 0x00, 0x00, 0x1a, 0x6f,
  0x00, 0x00, 0x1a, 0x70, 0x00, 0x00, 0x1a, 0x71, 0x00, 0x00, 0x1a, 0x72,
  0x00, 0x00, 0x1a, 0x73, 0x00, 0x00, 0x1a, 0x74, 0x00, 0x00, 0x1a, 0x75,
  0x00, 0x00, 0x1a, 0x76, 0x00, 0x00, 0x1a, 0x77, 0x00, 0x00, 0x1a, 0x78,
  0x00, 0x00, 0x1a, 0x79, 0x00, 0x00, 0x1a, 0x7a, 0x00, 0x00, 0x1a, 0x7b,
  0x00, 0x00, 0x1a, 0x7c, 0x00, 0x00, 0x1a, 0x7d, 0x00, 0x00, 0x1a, 0x7e,
  0x00, 0x00, 0x1a, 0x7f, 0x00, 0x00, 0x1a, 0x80, 0x00, 0x00, 0x1a, 0x81,
  0x00, 0x00, 0x1a, 0x82, 0x00, 0x00, 0x1a, 0x83, 0x00, 0x00, 0x1a, 0x84,
  0x00, 0x00, 0x1a, 0x85, 0x00, 0x00, 0x1a, 0x86, 0x00, 0x00, 0x1a, 0x87,
  0x00, 0x00, 0x1a, 0x88, 0x00, 0x00, 0x1a, 0x89, 0x00, 0x00, 0x1a, 0x8a,
  0x00, 0x00, 0x1a, 0x8b, 0x00, 0x00, 0x1a, 0x8c, 0x00, 0x00, 0x1a, 0x8d,
  0x00, 0x00, 0x1a, 0x8e, 0x00, 0x00, 0x1a, 0x8f, 0x00, 0x00, 0x1a, 0x90,
  0x00, 0x00, 0x1a, 0x91, 0x00, 0x00, 0x1a, 0x92, 0x00, 0x00, 0x1a, 0x93,
  0x00, 0x00, 0x1a, 0x94, 0x00, 0x00, 0x1a, 0x95, 0x00, 0x00, 0x1a, 0x96,
  0x00, 0x00, 0x1a, 0x97, 0x00, 0x00, 0x1a, 0x98, 0x00, 0x00, 0x1a, 0x99,
  0x00, 0x00, 0x1a, 0x9a, 0x00, 0x00, 0x1a, 0x9b, 0x00, 0x00, 0x1a, 0x9c,
  0x00, 0x00, 0x1a, 0x9d, 0x00, 0x00, 0x1a, 0x9e, 0x00, 0x00, 0x1a, 0x9f,
  0x00, 0x00, 0x1a, 0xa0, 0x00, 0x00, 0x1a, 0xa1, 0x00, 0x00, 0x1a, 0xa2,
  0x00, 0x00, 0x1a, 0xa3, 0x00, 0x00, 0x1a, 0xa4, 0x00, 0x00, 0x1a, 0xa5,
  0x00, 0x00, 0x1a, 0xa6, 0x00, 0x00, 0x1a, 0xa7, 0x00, 0x00, 0x1a, 0xa8,
  0x00, 0x00, 0x1a, 0xa9, 0x00, 0x00, 0x1a, 0xaa, 0x00, 0x00, 0x1a, 0xab,
  0x00, 0x00, 0x1a, 0xac, 0x00, 0x00, 0x1a, 0xad, 0x00, 0x00, 0x1a, 0xae,
  0x00, 0x00, 0x1a, 0xaf, 0x00, 0x00, 0x1a, 0xb0, 0x00, 0x00, 0x1a, 0xb1,
  0x00, 0x00, 0x1a, 0xb2, 0x00, 0x00, 0x1a, 0xb3, 0x00, 0x00, 0x1a, 0xb4,
  0x00, 0x00, 0x1a, 0xb5, 0x00, 0x00, 0x1a, 0xb6, 0x00, 0x00, 0x1a, 0xb7,
  0x00, 0x00, 0x1a, 0xb8, 0x00, 0x00, 0x1a, 0xb9, 0x00, 0x00, 0x1a, 0xba,
  0x00, 0x00, 0x1a, 0xbb, 0x00, 0x00, 0x1a, 0xbc, 0x00, 0x00, 0x1a, 0xbd,
  0x00, 0x00, 0x1a, 0xbe, 0x00, 0x00, 0x1a, 0xbf, 0x00, 0x00, 0x1a, 0xc0,
  0x00, 0x00, 0x1a, 0xc1, 0x00, 0x00, 0x1a, 0xc2, 0x00, 0x00, 0x1a, 0xc3,
  0x00, 0x00, 0x1a, 0xc4, 0x00, 0x00, 0x1a, 0xc5, 0x00, 0x00, 0x1a, 0xc6,
  0x00, 0x00, 0x1a, 0xc7, 0x00, 0x00, 0x1a, 0xc8, 0x00, 0x00, 0x1a, 0xc9,
  0x00, 0x00, 0x1a, 0xca, 0x00, 0x00, 0x1a, 0xcb, 0x00, 0x00, 0x1a, 0xcc,
  0x00, 0x00, 0x1a, 0xcd, 0x00, 0x00, 0x1a, 0xce, 0x00, 0x00, 0x1a, 0xcf,
  0x00, 0x00, 0x1a, 0xd0, 0x00, 0x00, 0x1a, 0xd1, 0x00, 0x00, 0x1a, 0xd2,
  0x00, 0x00, 0x1a, 0xd3, 0x00, 0x00, 0x1a, 0xd4, 0x00, 0x00, 0x1a, 0xd5,
  0x00, 0x00, 0x1a, 0xd6, 0x00, 0x00, 0x1a, 0xd7, 0x00, 0x00, 0x1a, 0xd8,
  0x00, 0x00, 0x1a, 0xd9, 0x00, 0x00, 0x1a, 0xda, 0x00, 0x00, 0x1a, 0xdb,
  0x00, 0x00, 0x1a, 0xdc, 0x00, 0x00, 0x1a, 0xdd, 0x00, 0x00, 0x1a, 0xde,
  0x00, 0x00, 0x1a, 0xdf, 0x00, 0x00, 0x1a, 0xe0, 0x00, 0x00, 0x1a, 0xe1,
  0x00, 0x00, 0x1a, 0xe2, 0x00, 0x00, 0x1a, 0xe3, 0x00, 0x00, 0x1a, 0xe4,
  0x00, 0x00, 0x1a, 0xe5, 0x00, 0x00, 0x1a, 0xe6, 0x00, 0x00, 0x1a, 0xe7,
  0x00, 0x00, 0x1a, 0xe8, 0x00, 0x00, 0x1a, 0xe9, 0x00, 0x00, 0x1a, 0xea,
  0x00, 0x00, 0x1a, 0xeb, 0x00, 0x00, 0x1a, 0xec, 0x00, 0x00, 0x1a, 0xed,
  0x00, 0x00, 0x1a, 0xee, 0x00, 0x00, 0x1a, 0xef, 0x00, 0x00, 0x1a, 0xf0,
  0x00, 0x00, 0x1a, 0xf1, 0x00, 0x00, 0x1a, 0xf2, 0x00, 0x00, 0x1a, 0xf3,
  0x00, 0x00, 0x1a, 0xf4, 0x00, 0x00, 0x1a, 0xf5, 0x00, 0x00, 0x1a, 0xf6,
  0x00, 0x00, 0x1a, 0xf7, 0x00, 0x00, 0x1a, 0xf8, 0x00, 0x00, 0x1a, 0xf9,
  0x00, 0x00, 0x1a, 0xfa, 0x00, 0x00, 0x1a, 0xfb, 0x00, 0x00, 0x1a, 0xfc,
  0x00, 0x00, 0x1a, 0xfd, 0x00, 0x00, 0x1a, 0xfe, 0x00, 0x00, 0x1a, 0xff,
  0x00, 0x00, 0x1b, 0x00, 0x00, 0x00, 0x1b, 0x01, 0x00, 0x00, 0x1b, 0x02,
  0x00, 0x00, 0x1b, 0x03, 0x00, 0x00, 0x1b, 0x04, 0x00, 0x00, 0x1b, 0x05,
  0x00, 0x00, 0x1b, 0x06, 0x00, 0x00, 0x1b, 0x07, 0x00, 0x00, 0x1b, 0x08,
  0x00, 0x00, 0x1b, 0x09, 0x00, 0x00, 0x1b, 0x0a, 0x00, 0x00, 0x1b, 0x0b,
  0x00, 0x00, 0x1b, 0x0c, 0x00, 0x00, 0x1b, 0x0d, 0x00, 0x00, 0x1b, 0x0e,
  0x00, 0x00, 0x1b, 0x0f, 0x00, 0x00, 0x1b, 0x10, 0x00, 0x00, 0x1b, 0x11,
  0x00, 0x00, 0x1b, 0x12, 0x00, 0x00, 0x1b, 0x13, 0x00, 0x00, 0x1b, 0x14,
  0x00, 0x00, 0x1b, 0x15, 0x00, 0x00, 0x1b, 0x16, 0x00, 0x00, 0x1b, 0x17,
  0x00, 0x00, 0x1b, 0x18, 0x00, 0x00, 0x1b, 0x19, 0x00, 0x00, 0x1b, 0x1a,
  0x00, 0x00, 0x1b, 0x1b, 0x00, 0x00, 0x1b, 0x1c, 0x00, 0x00, 0x1b, 0x1d,
  0x00, 0x00, 0x1b, 0x1e, 0x00, 0x00, 0x1b, 0x1f, 0x00, 0x00, 0x1b, 0x20,
  0x00, 0x00, 0x1b, 0x21, 0x00, 0x00, 0x1b, 0x22, 0x00, 0x00, 0x1b, 0x23,
  0x00, 0x00, 0x1b, 0x24, 0x00, 0x00, 0x1b, 0x25, 0x00, 0x00, 0x1b, 0x26,
  0x00, 0x00, 0x1b, 0x27, 0x00, 0x00, 0x1b, 0x28, 0x00, 0x00, 0x1b, 0x29,
  0x00, 0x00, 0x1b, 0x2a, 0x00, 0x00, 0x1b, 0x2b, 0x00, 0x00, 0x1b, 0x2c,
  0x00, 0x00, 0x1b, 0x2d, 0x00, 0x00, 0x1b, 0x2e, 0x00, 0x00, 0x1b, 0x2f,
  0x00, 0x00, 0x1b, 0x30, 0x00, 0x00, 0x1b, 0x31, 0x00, 0x00, 0x1b, 0x32,
  0x00, 0x00, 0x1b, 0x33, 0x00, 0x00, 0x1b, 0x34, 0x00, 0x00, 0x1b, 0x35,
  0x00, 0x00, 0x1b, 0x36, 0x00, 0x00, 0x1b, 0x37, 0x00, 0x00, 0x1b, 0x38,
  0x00, 0x00, 0x1b, 0x39, 0x00, 0x00, 0x1b, 0x3a, 0x00, 0x00, 0x1b, 0x3b,
  0x00, 0x00, 0x1b, 0x3c, 0x00, 0x00, 0x1b, 0x3d, 0x00, 0x00, 0x1b, 0x3e,
  0x00, 0x00, 0x1b, 0x3f, 0x00, 0x00, 0x1b, 0x40, 0x00, 0x00, 0x1b, 0x41,
  0x00, 0x00, 0x1b, 0x42, 0x00, 0x00, 0x1b, 0x43, 0x00, 0x00, 0x1b, 0x44,
  0x00, 0x00, 0x1b, 0x45, 0x00, 0x00, 0x1b, 0x46, 0x00, 0x00, 0x1b, 0x47,
  0x00, 0x00, 0x1b, 0x48, 0x00, 0x00, 0x1b, 0x49, 0x00, 0x00, 0x1b, 0x4a,
  0x00, 0x00, 0x1b, 0x4b, 0x00, 0x00, 0x1b, 0x4c, 0x00, 0x00, 0x1b, 0x4d,
  0x00, 0x00, 0x1b, 0x4e, 0x00, 0x00, 0x1b, 0x4f, 0x00, 0x00, 0x1b, 0x50,
  0x00, 0x00, 0x1b, 0x51, 0x00, 0x00, 0x1b, 0x52, 0x00, 0x00, 0x1b, 0x53,
  0x00, 0x00, 0x1b, 0x54, 0x00, 0x00, 0x1b, 0x55, 0x00, 0x00, 0x1b, 0x56,
  0x00, 0x00, 0x1b, 0x57, 0x00, 0x00, 0x1b, 0x58, 0x00, 0x00, 0x1b, 0x59,
  0x00, 0x00, 0x1b, 0x5a, 0x00, 0x00, 0x1b, 0x5b, 0x00, 0x00, 0x1b, 0x5c,
  0x00, 0x00, 0x1b, 0x5d, 0x00, 0x00, 0x1b, 0x5e, 0x00, 0x00, 0x1b, 0x5f,
  0x00, 0x00, 0x1b, 0x60, 0x00, 0x00, 0x1b, 0x61, 0x00, 0x00, 0x1b, 0x62,
  0x00, 0x00, 0x1b, 0x63, 0x00, 0x00, 0x1b, 0x64, 0x00, 0x00, 0x1b, 0x65,
  0x00, 0x00, 0x1b, 0x66, 0x00, 0x00, 0x1b, 0x67, 0x00, 0x00, 0x1b, 0x68,
  0x00, 0x00, 0x1b, 0x69, 0x00, 0x00, 0x1b, 0x6a, 0x00, 0x00, 0x1b, 0x6b,
  0x00, 0x00, 0x1b, 0x6c, 0x00, 0x00, 0x1b, 0x6d, 0x00, 0x00, 0x1b, 0x6e,
  0x00, 0x00, 0x1b, 0x6f, 0x00, 0x00, 0x1b, 0x70, 0x00, 0x00, 0x1b, 0x71,
  0x00, 0x00, 0x1b, 0x72, 0x00, 0x00, 0x1b, 0x73, 0x00, 0x00, 0x1b, 0x74,
  0x00, 0x00, 0x1b, 0x75, 0x00, 0x00, 0x1b, 0x76, 0x00, 0x00, 0x1b, 0x77,
  0x00, 0x00, 0x1b, 0x78, 0x00, 0x00, 0x1b, 0x79, 0x00, 0x00, 0x1b, 0x7a,
  0x00, 0x00, 0x1b, 0x7b, 0x00, 0x00, 0x1b, 0x7c, 0x00, 0x00, 0x1b, 0x7d,
  0x00, 0x00, 0x1b, 0x7e, 0x00, 0x00, 0x1b, 0x7f, 0x00, 0x00, 0x1b, 0x80,
  0x00, 0x00, 0x1b, 0x81, 0x00, 0x00, 0x1b, 0x82, 0x00, 0x00, 0x1b, 0x83,
  0x00, 0x00, 0x1b, 0x84, 0x00, 0x00, 0x1b, 0x85, 0x00, 0x00, 0x1b, 0x86,
  0x00, 0x00, 0x1b, 0x87, 0x00, 0x00, 0x1b, 0x88, 0x00, 0x00, 0x1b, 0x89,
  0x00, 0x00, 0x1b, 0x8a, 0x00, 0x00, 0x1b, 0x8b, 0x00, 0x00, 0x1b, 0x8c,
  0x00, 0x00, 0x1b, 0x8d, 0x00, 0x00, 0x1b, 0x8e, 0x00, 0x00, 0x1b, 0x8f,
  0x00, 0x00, 0x1b, 0x90, 0x00, 0x00, 0x1b, 0x91, 0x00, 0x00, 0x1b, 0x92,
  0x00, 0x00, 0x1b, 0x93, 0x00, 0x00, 0x1b, 0x94, 0x00, 0x00, 0x1b, 0x95,
  0x00, 0x00, 0x1b, 0x96, 0x00, 0x00, 0x1b, 0x97, 0x00, 0x00, 0x1b, 0x98,
  0x00, 0x00, 0x1b, 0x99, 0x00, 0x00, 0x1b, 0x9a, 0x00, 0x00, 0x1b, 0x9b,
  0x00, 0x00, 0x1b, 0x9c, 0x00, 0x00, 0x1b, 0x9d, 0x00, 0x00, 0x1b, 0x9e,
  0x00, 0x00, 0x1b, 0x9f, 0x00, 0x00, 0x1b, 0xa0, 0x00, 0x00, 0x1b, 0xa1,
  0x00, 0x00, 0x1b, 0xa2, 0x00, 0x00, 0x1b, 0xa3, 0x00, 0x00, 0x1b, 0xa4,
  0x00, 0x00, 0x1b, 0xa5, 0x00, 0x00, 0x1b, 0xa6, 0x00, 0x00, 0x1b, 0xa7,
  0x00, 0x00, 0x1b, 0xa8, 0x00, 0x00, 0x1b, 0xa9, 0x00, 0x00, 0x1b, 0xaa,
  0x00, 0x00, 0x1b, 0xab, 0x00, 0x00, 0x1b, 0xac, 0x00, 0x00, 0x1b, 0xad,
  0x00, 0x00, 0x1b, 0xae, 0x00, 0x00, 0x1b, 0xaf, 0x00, 0x00, 0x1b, 0xb0,
  0x00, 0x00, 0x1b, 0xb1, 0x00, 0x00, 0x1b, 0xb2, 0x00, 0x00, 0x1b, 0xb3,
  0x00, 0x00, 0x1b, 0xb4, 0x00, 0x00, 0x1b, 0xb5, 0x00, 0x00, 0x1b, 0xb6,
  0x00, 0x00, 0x1b, 0xb7, 0x00, 0x00, 0x1b, 0xb8, 0x00, 0x00, 0x1b, 0xb9,
  0x00, 0x00, 0x1b, 0xba, 0x00, 0x00, 0x1b, 0xbb, 0x00, 0x00, 0x1b, 0xbc,
  0x00, 0x00, 0x1b, 0xbd, 0x00, 0x00, 0x1b, 0xbe, 0x00, 0x00, 0x1b, 0xbf,
  0x00, 0x00, 0x1b, 0xc0, 0x00, 0x00, 0x1b, 0xc1, 0x00, 0x00, 0x1b, 0xc2,
  0x00, 0x00, 0x1b, 0xc3, 0x00, 0x00, 0x1b, 0xc4, 0x00, 0x00, 0x1b, 0xc5,
  0x00, 0x00, 0x1b, 0xc6, 0x00, 0x00, 0x1b, 0xc7, 0x00, 0x00, 0x1b, 0xc8,
  0x00, 0x00, 0x1b, 0xc9, 0x00, 0x00, 0x1b, 0xca, 0x00, 0x00, 0x1b, 0xcb,
  0x00, 0x00, 0x1b, 0xcc, 0x00, 0x00, 0x1b, 0xcd, 0x00, 0x00, 0x1b, 0xce,
  0x00, 0x00, 0x1b, 0xcf, 0x00, 0x00, 0x1b, 0xd0, 0x00, 0x00, 0x1b, 0xd1,
  0x00, 0x00, 0x1b, 0xd2, 0x00, 0x00, 0x1b, 0xd3, 0x00, 0x00, 0x1b, 0xd4,
  0x00, 0x00, 0x1b, 0xd5, 0x00, 0x00, 0x1b, 0xd6, 0x00, 0x00, 0x1b, 0xd7,
  0x00, 0x00, 0x1b, 0xd8, 0x00, 0x00, 0x1b, 0xd9, 0x00, 0x00, 0x1b, 0xda,
  0x00, 0x00, 0x1b, 0xdb, 0x00, 0x00, 0x1b, 0xdc, 0x00, 0x00, 0x1b, 0xdd,
  0x00, 0x00, 0x1b, 0xde, 0x00, 0x00, 0x1b, 0xdf, 0x00, 0x00, 0x1b, 0xe0,
  0x00, 0x00, 0x1b, 0xe1, 0x00, 0x00, 0x1b, 0xe2, 0x00, 0x00, 0x1b, 0xe3,
  0x00, 0x00, 0x1b, 0xe4, 0x00, 0x00, 0x1b, 0xe5, 0x00, 0x00, 0x1b, 0xe6,
  0x00, 0x00, 0x1b, 0xe7, 0x00, 0x00, 0x1b, 0xe8, 0x00, 0x00, 0x1b, 0xe9,
  0x00, 0x00, 0x1b, 0xea, 0x00, 0x00, 0x1b, 0xeb, 0x00, 0x00, 0x1b, 0xec,
  0x00, 0x00, 0x1b, 0xed, 0x00, 0x00, 0x1b, 0xee, 0x00, 0x00, 0x1b, 0xef,
  0x00, 0x00, 0x1b, 0xf0, 0x00, 0x00, 0x1b, 0xf1, 0x00, 0x00, 0x1b, 0xf2,
  0x00, 0x00, 0x1b, 0xf3, 0x00, 0x00, 0x1b, 0xf4, 0x00, 0x00, 0x1b, 0xf5,
  0x00, 0x00, 0x1b, 0xf6, 0x00, 0x00, 0x1b, 0xf7, 0x00, 0x00, 0x1b, 0xf8,
  0x00, 0x00, 0x1b, 0xf9, 0x00, 0x00, 0x1b, 0xfa, 0x00, 0x00, 0x1b, 0xfb,
  0x00, 0x00, 0x1b, 0xfc, 0x00, 0x00, 0x1b, 0xfd, 0x00, 0x00, 0x1b, 0xfe,
  0x00, 0x00, 0x1b, 0xff, 0x00, 0x00, 0x1c, 0x00, 0x00, 0x00, 0x1c, 0x01,
  0x00, 0x00, 0x1c, 0x02, 0x00, 0x00, 0x1c, 0x03, 0x00, 0x00, 0x1c, 0x04,
  0x00, 0x00, 0x1c, 0x05, 0x00, 0x00, 0x1c, 0x06, 0x00, 0x00, 0x1c, 0x07,
  0x00, 0x00, 0x1c, 0x08, 0x00, 0x00, 0x1c, 0x09, 0x00, 0x00, 0x1c, 0x0a,
  0x00, 0x00, 0x1c, 0x0b, 0x00, 0x00, 0x1c, 0x0c, 0x00, 0x00, 0x1c, 0x0d,
  0x00, 0x00, 0x1c, 0x0e, 0x00, 0x00, 0x1c, 0x0f, 0x00, 0x00, 0x1c, 0x10,
  0x00, 0x00, 0x1c, 0x11, 0x00, 0x00, 0x1c, 0x12, 0x00, 0x00, 0x1c, 0x13,
  0x00, 0x00, 0x1c, 0x14, 0x00, 0x00, 0x1c, 0x15, 0x00, 0x00, 0x1c, 0x16,
  0x00, 0x00, 0x1c, 0x17, 0x00, 0x00, 0x1c, 0x18, 0x00, 0x00, 0x1c, 0x19,
  0x00, 0x00, 0x1c, 0x1a, 0x00, 0x00, 0x1c, 0x1b, 0x00, 0x00, 0x1c, 0x1c,
  0x00, 0x00, 0x1c, 0x1d, 0x00, 0x00, 0x1c, 0x1e, 0x00, 0x00, 0x1c, 0x1f,
  0x00, 0x00, 0x1c, 0x20, 0x00, 0x00, 0x1c, 0x21, 0x00, 0x00, 0x1c, 0x22,
  0x00, 0x00, 0x1c, 0x23, 0x00, 0x00, 0x1c, 0x24, 0x00, 0x00, 0x1c, 0x25,
  0x00, 0x00, 0x1c, 0x26, 0x00, 0x00, 0x1c, 0x27, 0x00, 0x00, 0x1c, 0x28,
  0x00, 0x00, 0x1c, 0x29, 0x00, 0x00, 0x1c, 0x2a, 0x00, 0x00, 0x1c, 0x2b,
  0x00, 0x00, 0x1c, 0x2c, 0x00, 0x00, 0x1c, 0x2d, 0x00, 0x00, 0x1c, 0x2e,
  0x00, 0x00, 0x1c, 0x2f, 0x00, 0x00, 0x1c, 0x30, 0x00, 0x00, 0x1c, 0x31,
  0x00, 0x00, 0x1c, 0x32, 0x00, 0x00, 0x1c, 0x33, 0x00, 0x00, 0x1c, 0x34,
  0x00, 0x00, 0x1c, 0x35, 0x00, 0x00, 0x1c, 0x36, 0x00, 0x00, 0x1c, 0x37,
  0x00, 0x00, 0x1c, 0x38, 0x00, 0x00, 0x1c, 0x39, 0x00, 0x00, 0x1c, 0x3a,
  0x00, 0x00, 0x1c, 0x3b, 0x00, 0x00, 0x1c, 0x3c, 0x00, 0x00, 0x1c, 0x3d,
  0x00, 0x00, 0x1c, 0x3e, 0x00, 0x00, 0x1c, 0x3f, 0x00, 0x00, 0x1c, 0x40,
  0x00, 0x00, 0x1c, 0x41, 0x00, 0x00, 0x1c, 0x42, 0x00, 0x00, 0x1c, 0x43,
  0x00, 0x00, 0x1c, 0x44, 0x00, 0x00, 0x1c, 0x45, 0x00, 0x00, 0x1c, 0x46,
  0x00, 0x00, 0x1c, 0x47, 0x00, 0x00, 0x1c, 0x48, 0x00, 0x00, 0x1c, 0x49,
  0x00, 0x00, 0x1c, 0x4a, 0x00, 0x00, 0x1c, 0x4b, 0x00, 0x00, 0x1c, 0x4c,
  0x00, 0x00, 0x1c, 0x4d, 0x00, 0x00, 0x1c, 0x4e, 0x00, 0x00, 0x1c, 0x4f,
  0x00, 0x00, 0x1c, 0x50, 0x00, 0x00, 0x1c, 0x51, 0x00, 0x00, 0x1c, 0x52,
  0x00, 0x00, 0x1c, 0x53, 0x00, 0x00, 0x1c, 0x54, 0x00, 0x00, 0x1c, 0x55,
  0x00, 0x00, 0x1c, 0x56, 0x00, 0x00, 0x1c, 0x57, 0x00, 0x00, 0x1c, 0x58,
  0x00, 0x00, 0x1c, 0x59, 0x00, 0x00, 0x1c, 0x5a, 0x00, 0x00, 0x1c, 0x5b,
  0x00, 0x00, 0x1c, 0x5c, 0x00, 0x00, 0x1c, 0x5d, 0x00, 0x00, 0x1c, 0x5e,
  0x00, 0x00, 0x1c, 0x5f, 0x00, 0x00, 0x1c, 0x60, 0x00, 0x00, 0x1c, 0x61,
  0x00, 0x00, 0x1c, 0x62, 0x00, 0x00, 0x1c, 0x63, 0x00, 0x00, 0x1c, 0x64,
  0x00, 0x00, 0x1c, 0x65, 0x00, 0x00, 0x1c, 0x66, 0x00, 0x00, 0x1c, 0x67,
  0x00, 0x00, 0x1c, 0x68, 0x00, 0x00, 0x1c, 0x69, 0x00, 0x00, 0x1c, 0x6a,
  0x00, 0x00, 0x1c, 0x6b, 0x00, 0x00, 0x1c, 0x6c, 0x00, 0x00, 0x1c, 0x6d,
  0x00, 0x00, 0x1c, 0x6e, 0x00, 0x00, 0x1c, 0x6f, 0x00, 0x00, 0x1c, 0x70,
  0x00, 0x00, 0x1c, 0x71, 0x00, 0x00, 0x1c, 0x72, 0x00, 0x00, 0x1c, 0x73,
  0x00, 0x00, 0x1c, 0x74, 0x00, 0x00, 0x1c, 0x75, 0x00, 0x00, 0x1c, 0x76,
  0x00, 0x00, 0x1c, 0x77, 0x00, 0x00, 0x1c, 0x78, 0x00, 0x00, 0x1c, 0x79,
  0x00, 0x00, 0x1c, 0x7a, 0x00, 0x00, 0x1c, 0x7b, 0x00, 0x00, 0x1c, 0x7c,
  0x00, 0x00, 0x1c, 0x7d, 0x00, 0x00, 0x1c, 0x7e, 0x00, 0x00, 0x1c, 0x7f,
  0x00, 0x00, 0x1c, 0x80, 0x00, 0x00, 0x1c, 0x81, 0x00, 0x00, 0x1c, 0x82,
  0x00, 0x00, 0x1c, 0x83, 0x00, 0x00, 0x1c, 0x84, 0x00, 0x00, 0x1c, 0x85,
  0x00, 0x00, 0x1c, 0x86, 0x00, 0x00, 0x1c, 0x87, 0x00, 0x00, 0x1c, 0x88,
  0x00, 0x00, 0x1c, 0x89, 0x00, 0x00, 0x1c, 0x8a, 0x00, 0x00, 0x1c, 0x8b,
  0x00, 0x00, 0x1c, 0x8c, 0x00, 0x00, 0x1c, 0x8d, 0x00, 0x00, 0x1c, 0x8e,
  0x00, 0x00, 0x1c, 0x8f, 0x00, 0x00, 0x1c, 0x90, 0x00, 0x00, 0x1c, 0x91,
  0x00, 0x00, 0x1c, 0x92, 0x00, 0x00, 0x1c, 0x93, 0x00, 0x00, 0x1c, 0x94,
  0x00, 0x00, 0x1c, 0x95, 0x00, 0x00, 0x1c, 0x96, 0x00, 0x00, 0x1c, 0x97,
  0x00, 0x00, 0x1c, 0x98, 0x00, 0x00, 0x1c, 0x99, 0x00, 0x00, 0x1c, 0x9a,
  0x00, 0x00, 0x1c, 0x9b, 0x00, 0x00, 0x1c, 0x9c, 0x00, 0x00, 0x1c, 0x9d,
  0x00, 0x00, 0x1c, 0x9e, 0x00, 0x00, 0x1c, 0x9f, 0x00, 0x00, 0x1c, 0xa0,
  0x00, 0x00, 0x1c, 0xa1, 0x00, 0x00, 0x1c, 0xa2, 0x00, 0x00, 0x1c, 0xa3,
  0x00, 0x00, 0x1c, 0xa4, 0x00, 0x00, 0x1c, 0xa5, 0x00, 0x00, 0x1c, 0xa6,
  0x00, 0x00, 0x1c, 0xa7, 0x00, 0x00, 0x1c, 0xa8, 0x00, 0x00, 0x1c, 0xa9,
  0x00, 0x00, 0x1c, 0xaa, 0x00, 0x00, 0x1c, 0xab, 0x00, 0x00, 0x1c, 0xac,
  0x00, 0x00, 0x1c, 0xad, 0x00, 0x00, 0x1c, 0xae, 0x00, 0x00, 0x1c, 0xaf,
  0x00, 0x00, 0x1c, 0xb0, 0x00, 0x00, 0x1c, 0xb1, 0x00, 0x00, 0x1c, 0xb2,
  0x00, 0x00, 0x1c, 0xb3, 0x00, 0x00, 0x1c, 0xb4, 0x00, 0x00, 0x1c, 0xb5,
  0x00, 0x00, 0x1c, 0xb6, 0x00, 0x00, 0x1c, 0xb7, 0x00, 0x00, 0x1c, 0xb8,
  0x00, 0x00, 0x1c, 0xb9, 0x00, 0x00, 0x1c, 0xba, 0x00, 0x00, 0x1c, 0xbb,
  0x00, 0x00, 0x1c, 0xbc, 0x00, 0x00, 0x1c, 0xbd, 0x00, 0x00, 0x1c, 0xbe,
  0x00, 0x00, 0x1c, 0xbf, 0x00, 0x00, 0x1c, 0xc0, 0x00, 0x00, 0x1c, 0xc1,
  0x00, 0x00, 0x1c, 0xc2, 0x00, 0x00, 0x1c, 0xc3, 0x00, 0x00, 0x1c, 0xc4,
  0x00, 0x00, 0x1c, 0xc5, 0x00, 0x00, 0x1c, 0xc6, 0x00, 0x00, 0x1c, 0xc7,
  0x00, 0x00, 0x1c, 0xc8, 0x00, 0x00, 0x1c, 0xc9, 0x00, 0x00, 0x1c, 0xca,
  0x00, 0x00, 0x1c, 0xcb, 0x00, 0x00, 0x1c, 0xcc, 0x00, 0x00, 0x1c, 0xcd,
  0x00, 0x00, 0x1c, 0xce, 0x00, 0x00, 0x1c, 0xcf, 0x00, 0x00, 0x1c, 0xd0,
  0x00, 0x00, 0x1c, 0xd1, 0x00, 0x00, 0x1c, 0xd2, 0x00, 0x00, 0x1c, 0xd3,
  0x00, 0x00, 0x1c, 0xd4, 0x00, 0x00, 0x1c, 0xd5, 0x00, 0x00, 0x1c, 0xd6,
  0x00, 0x00, 0x1c, 0xd7, 0x00, 0x00, 0x1c, 0xd8, 0x00, 0x00, 0x1c, 0xd9,
  0x00, 0x00, 0x1c, 0xda, 0x00, 0x00, 0x1c, 0xdb, 0x00, 0x00, 0x1c, 0xdc,
  0x00, 0x00, 0x1c, 0xdd, 0x00, 0x00, 0x1c, 0xde, 0x00, 0x00, 0x1c, 0xdf,
  0x00, 0x00, 0x1c, 0xe0, 0x00, 0x00, 0x1c, 0xe1, 0x00, 0x00, 0x1c, 0xe2,
  0x00, 0x00, 0x1c, 0xe3, 0x00, 0x00, 0x1c, 0xe4, 0x00, 0x00, 0x1c, 0xe5,
  0x00, 0x00, 0x1c, 0xe6, 0x00, 0x00, 0x1c, 0xe7, 0x00, 0x00, 0x1c, 0xe8,
  0x00, 0x00, 0x1c, 0xe9, 0x00, 0x00, 0x1c, 0xea, 0x00, 0x00, 0x1c, 0xeb,
  0x00, 0x00, 0x1c, 0xec, 0x00, 0x00, 0x1c, 0xed, 0x00, 0x00, 0x1c, 0xee,
  0x00, 0x00, 0x1c, 0xef, 0x00, 0x00, 0x1c, 0xf0, 0x00, 0x00, 0x1c, 0xf1,
  0x00, 0x00, 0x1c, 0xf2, 0x00, 0x00, 0x1c, 0xf3, 0x00, 0x00, 0x1c, 0xf4,
  0x00, 0x00, 0x1c, 0xf5, 0x00, 0x00, 0x1c, 0xf6, 0x00, 0x00, 0x1c, 0xf7,
  0x00, 0x00, 0x1c, 0xf8, 0x00, 0x00, 0x1c, 0xf9, 0x00, 0x00, 0x1c, 0xfa,
  0x00, 0x00, 0x1c, 0xfb, 0x00, 0x00, 0x1c, 0xfc, 0x00, 0x00, 0x1c, 0xfd,
  0x00, 0x00, 0x1c, 0xfe, 0x00, 0x00, 0x1c, 0xff, 0x00, 0x00, 0x1d, 0x00,
  0x00, 0x00, 0x1d, 0x01, 0x00, 0x00, 0x1d, 0x02, 0x00, 0x00, 0x1d, 0x03,
  0x00, 0x00, 0x1d, 0x04, 0x00, 0x00, 0x1d, 0x05, 0x00, 0x00, 0x1d, 0x06,
  0x00, 0x00, 0x1d, 0x07, 0x00, 0x00, 0x1d, 0x08, 0x00, 0x00, 0x1d, 0x09,
  0x00, 0x00, 0x1d, 0x0a, 0x00, 0x00, 0x1d, 0x0b, 0x00, 0x00, 0x1d, 0x0c,
  0x00, 0x00, 0x1d, 0x0d, 0x00, 0x00, 0x1d, 0x0e, 0x00, 0x00, 0x1d, 0x0f,
  0x00, 0x00, 0x1d, 0x10, 0x00, 0x00, 0x1d, 0x11, 0x00, 0x00, 0x1d, 0x12,
  0x00, 0x00, 0x1d, 0x13, 0x00, 0x00, 0x1d, 0x14, 0x00, 0x00, 0x1d, 0x15,
  0x00, 0x00, 0x1d, 0x16, 0x00, 0x00, 0x1d, 0x17, 0x00, 0x00, 0x1d, 0x18,
  0x00, 0x00, 0x1d, 0x19, 0x00, 0x00, 0x1d, 0x1a, 0x00, 0x00, 0x1d, 0x1b,
  0x00, 0x00, 0x1d, 0x1c, 0x00, 0x00, 0x1d, 0x1d, 0x00, 0x00, 0x1d, 0x1e,
  0x00, 0x00, 0x1d, 0x1f, 0x00, 0x00, 0x1d, 0x20, 0x00, 0x00, 0x1d, 0x21,
  0x00, 0x00, 0x1d, 0x22, 0x00, 0x00, 0x1d, 0x23, 0x00, 0x00, 0x1d, 0x24,
  0x00, 0x00, 0x1d, 0x25, 0x00, 0x00, 0x1d, 0x26, 0x00, 0x00, 0x1d, 0x27,
  0x00, 0x00, 0x1d, 0x28, 0x00, 0x00, 0x1d, 0x29, 0x00, 0x00, 0x1d, 0x2a,
  0x00, 0x00, 0x1d, 0x2b, 0x00, 0x00, 0x1d, 0x2c, 0x00, 0x00, 0x1d, 0x2d,
  0x00, 0x00, 0x1d, 0x2e, 0x00, 0x00, 0x1d, 0x2f, 0x00, 0x00, 0x1d, 0x30,
  0x00, 0x00, 0x1d, 0x31, 0x00, 0x00, 0x1d, 0x32, 0x00, 0x00, 0x1d, 0x33,
  0x00, 0x00, 0x1d, 0x34, 0x00, 0x00, 0x1d, 0x35, 0x00, 0x00, 0x1d, 0x36,
  0x00, 0x00, 0x1d, 0x37, 0x00, 0x00, 0x1d, 0x38, 0x00, 0x00, 0x1d, 0x39,
  0x00, 0x00, 0x1d, 0x3a, 0x00, 0x00, 0x1d, 0x3b, 0x00, 0x00, 0x1d, 0x3c,
  0x00, 0x00, 0x1d, 0x3d, 0x00, 0x00, 0x1d, 0x3e, 0x00, 0x00, 0x1d, 0x3f,
  0x00, 0x00, 0x1d, 0x40, 0x00, 0x00, 0x1d, 0x41, 0x00, 0x00, 0x1d, 0x42,
  0x00, 0x00, 0x1d, 0x43, 0x00, 0x00, 0x1d, 0x44, 0x00, 0x00, 0x1d, 0x45,
  0x00, 0x00, 0x1d, 0x46, 0x00, 0x00, 0x1d, 0x47, 0x00, 0x00, 0x1d, 0x48,
  0x00, 0x00, 0x1d, 0x49, 0x00, 0x00, 0x1d, 0x4a, 0x00, 0x00, 0x1d, 0x4b,
  0x00, 0x00, 0x1d, 0x4c, 0x00, 0x00, 0x1d, 0x4d, 0x00, 0x00, 0x1d, 0x4e,
  0x00, 0x00, 0x1d, 0x4f, 0x00, 0x00, 0x1d, 0x50, 0x00, 0x00, 0x1d, 0x51,
  0x00, 0x00, 0x1d, 0x52, 0x00, 0x00, 0x1d, 0x53, 0x00, 0x00, 0x1d, 0x54,
  0x00, 0x00, 0x1d, 0x55, 0x00, 0x00, 0x1d, 0x56, 0x00, 0x00, 0x1d, 0x57,
  0x00, 0x00, 0x1d, 0x58, 0x00, 0x00, 0x1d, 0x59, 0x00, 0x00, 0x1d, 0x5a,
  0x00, 0x00, 0x1d, 0x5b, 0x00, 0x00, 0x1d, 0x5c, 0x00, 0x00, 0x1d, 0x5d,
  0x00, 0x00, 0x1d, 0x5e, 0x00, 0x00, 0x1d, 0x5f, 0x00, 0x00, 0x1d, 0x60,
  0x00, 0x00, 0x1d, 0x61, 0x00, 0x00, 0x1d, 0x62, 0x00, 0x00, 0x1d, 0x63,
  0x00, 0x00, 0x1d, 0x64, 0x00, 0x00, 0x1d, 0x65, 0x00, 0x00, 0x1d, 0x66,
  0x00, 0x00, 0x1d, 0x67, 0x00, 0x00, 0x1d, 0x68, 0x00, 0x00, 0x1d, 0x69,
  0x00, 0x00, 0x1d, 0x6a, 0x00, 0x00, 0x1d, 0x6b, 0x00, 0x00, 0x1d, 0x6c,
  0x00, 0x00, 0x1d, 0x6d, 0x00, 0x00, 0x1d, 0x6e, 0x00, 0x00, 0x1d, 0x6f,
  0x00, 0x00, 0x1d, 0x70, 0x00, 0x00, 0x1d, 0x71, 0x00, 0x00, 0x1d, 0x72,
  0x00, 0x00, 0x1d, 0x73, 0x00, 0x00, 0x1d, 0x74, 0x00, 0x00, 0x1d, 0x75,
  0x00, 0x00, 0x1d, 0x76, 0x00, 0x00, 0x1d, 0x77, 0x00, 0x00, 0x1d, 0x78,
  0x00, 0x00, 0x1d, 0x79, 0x00, 0x00, 0x1d, 0x7a, 0x00, 0x00, 0x1d, 0x7b,
  0x00, 0x00, 0x1d, 0x7c, 0x00, 0x00, 0x1d, 0x7d, 0x00, 0x00, 0x1d, 0x7e,
  0x00, 0x00, 0x1d, 0x7f, 0x00, 0x00, 0x1d, 0x80, 0x00, 0x00, 0x1d, 0x81,
  0x00, 0x00, 0x1d, 0x82, 0x00, 0x00, 0x1d, 0x83, 0x00, 0x00, 0x1d, 0x84,
  0x00, 0x00, 0x1d, 0x85, 0x00, 0x00, 0x1d, 0x86, 0x00, 0x00, 0x1d, 0x87,
  0x00, 0x00, 0x1d, 0x88, 0x00, 0x00, 0x1d, 0x89, 0x00, 0x00, 0x1d, 0x8a,
  0x00, 0x00, 0x1d, 0x8b, 0x00, 0x00, 0x1d, 0x8c, 0x00, 0x00, 0x1d, 0x8d,
  0x00, 0x00, 0x1d, 0x8e, 0x00, 0x00, 0x1d, 0x8f, 0x00, 0x00, 0x1d, 0x90,
  0x00, 0x00, 0x1d, 0x91, 0x00, 0x00, 0x1d, 0x92, 0x00, 0x00, 0x1d, 0x93,
  0x00, 0x00, 0x1d, 0x94, 0x00, 0x00, 0x1d, 0x95, 0x00, 0x00, 0x1d, 0x96,
  0x00, 0x00, 0x1d, 0x97, 0x00, 0x00, 0x1d, 0x98, 0x00, 0x00, 0x1d, 0x99,
  0x00, 0x00, 0x1d, 0x9a, 0x00, 0x00, 0x1d, 0x9b, 0x00, 0x00, 0x1d, 0x9c,
  0x00, 0x00, 0x1d, 0x9d, 0x00, 0x00, 0x1d, 0x9e, 0x00, 0x00, 0x1d, 0x9f,
  0x00, 0x00, 0x1d, 0xa0, 0x00, 0x00, 0x1d, 0xa1, 0x00, 0x00, 0x1d, 0xa2,
  0x00, 0x00, 0x1d, 0xa3, 0x00, 0x00, 0x1d, 0xa4, 0x00, 0x00, 0x1d, 0xa5,
  0x00, 0x00, 0x1d, 0xa6, 0x00, 0x00, 0x1d, 0xa7, 0x00, 0x00, 0x1d, 0xa8,
  0x00, 0x00, 0x1d, 0xa9, 0x00, 0x00, 0x1d, 0xaa, 0x00, 0x00, 0x1d, 0xab,
  0x00, 0x00, 0x1d, 0xac, 0x00, 0x00, 0x1d, 0xad, 0x00, 0x00, 0x1d, 0xae,
  0x00, 0x00, 0x1d, 0xaf, 0x00, 0x00, 0x1d, 0xb0, 0x00, 0x00, 0x1d, 0xb1,
  0x00, 0x00, 0x1d, 0xb2, 0x00, 0x00, 0x1d, 0xb3, 0x00, 0x00, 0x1d, 0xb4,
  0x00, 0x00, 0x1d, 0xb5, 0x00, 0x00, 0x1d, 0xb6, 0x00, 0x00, 0x1d, 0xb7,
  0x00, 0x00, 0x1d, 0xb8, 0x00, 0x00, 0x1d, 0xb9, 0x00, 0x00, 0x1d, 0xba,
  0x00, 0x00, 0x1d, 0xbb, 0x00, 0x00, 0x1d, 0xbc, 0x00, 0x00, 0x1d, 0xbd,
  0x00, 0x00, 0x1d, 0xbe, 0x00, 0x00, 0x1d, 0xbf, 0x00, 0x00, 0x1d, 0xc0,
  0x00, 0x00, 0x1d, 0xc1, 0x00, 0x00, 0x1d, 0xc2, 0x00, 0x00, 0x1d, 0xc3,
  0x00, 0x00, 0x1d, 0xc4, 0x00, 0x00, 0x1d, 0xc5, 0x00, 0x00, 0x1d, 0xc6,
  0x00, 0x00, 0x1d, 0xc7, 0x00, 0x00, 0x1d, 0xc8, 0x00, 0x00, 0x1d, 0xc9,
  0x00, 0x00, 0x1d, 0xca, 0x00, 0x00, 0x1d, 0xcb, 0x00, 0x00, 0x1d, 0xcc,
  0x00, 0x00, 0x1d, 0xcd, 0x00, 0x00, 0x1d, 0xce, 0x00, 0x00, 0x1d, 0xcf,
  0x00, 0x00, 0x1d, 0xd0, 0x00, 0x00, 0x1d, 0xd1, 0x00, 0x00, 0x1d, 0xd2,
  0x00, 0x00, 0x1d, 0xd3, 0x00, 0x00, 0x1d, 0xd4, 0x00, 0x00, 0x1d, 0xd5,
  0x00, 0x00, 0x1d, 0xd6, 0x00, 0x00, 0x1d, 0xd7, 0x00, 0x00, 0x1d, 0xd8,
  0x00, 0x00, 0x1d, 0xd9, 0x00, 0x00, 0x1d, 0xda, 0x00, 0x00, 0x1d, 0xdb,
  0x00, 0x00, 0x1d, 0xdc, 0x00, 0x00, 0x1d, 0xdd, 0x00, 0x00, 0x1d, 0xde,
  0x00, 0x00, 0x1d, 0xdf, 0x00, 0x00, 0x1d, 0xe0, 0x00, 0x00, 0x1d, 0xe1,
  0x00, 0x00, 0x1d, 0xe2, 0x00, 0x00, 0x1d, 0xe3, 0x00, 0x00, 0x1d, 0xe4,
  0x00, 0x00, 0x1d, 0xe5, 0x00, 0x00, 0x1d, 0xe6, 0x00, 0x00, 0x1d, 0xe7,
  0x00, 0x00, 0x1d, 0xe8, 0x00, 0x00, 0x1d, 0xe9, 0x00, 0x00, 0x1d, 0xea,
  0x00, 0x00, 0x1d, 0xeb, 0x00, 0x00, 0x1d, 0xec, 0x00, 0x00, 0x1d, 0xed,
  0x00, 0x00, 0x1d, 0xee, 0x00, 0x00, 0x1d, 0xef, 0x00, 0x00, 0x1d, 0xf0,
  0x00, 0x00, 0x1d, 0xf1, 0x00, 0x00, 0x1d, 0xf2, 0x00, 0x00, 0x1d, 0xf3,
  0x00, 0x00, 0x1d, 0xf4, 0x00, 0x00, 0x1d, 0xf5, 0x00, 0x00, 0x1d, 0xf6,
  0x00, 0x00, 0x1d, 0xf7, 0x00, 0x00, 0x1d, 0xf8, 0x00, 0x00, 0x1d, 0xf9,
  0x00, 0x00, 0x1d, 0xfa, 0x00, 0x00, 0x1d, 0xfb, 0x00, 0x00, 0x1d, 0xfc,
  0x00, 0x00, 0x1d, 0xfd, 0x00, 0x00, 0x1d, 0xfe, 0x00, 0x00, 0x1d, 0xff,
  0x00, 0x00, 0x1e, 0x00, 0x00, 0x00, 0x1e, 0x01, 0x00, 0x00, 0x1e, 0x02,
  0x00, 0x00, 0x1e, 0x03, 0x00, 0x00, 0x1e, 0x04, 0x00, 0x00, 0x1e, 0x05,
  0x00, 0x00, 0x1e, 0x06, 0x00, 0x00, 0x1e, 0x07, 0x00, 0x00, 0x1e, 0x08,
  0x00, 0x00, 0x1e, 0x09, 0x00, 0x00, 0x1e, 0x0a, 0x00, 0x00, 0x1e, 0x0b,
  0x00, 0x00, 0x1e, 0x0c, 0x00, 0x00, 0x1e, 0x0d, 0x00, 0x00, 0x1e, 0x0e,
  0x00, 0x00, 0x1e, 0x0f, 0x00, 0x00, 0x1e, 0x10, 0x00, 0x00, 0x1e, 0x11,
  0x00, 0x00, 0x1e, 0x12, 0x00, 0x00, 0x1e, 0x13, 0x00, 0x00, 0x1e, 0x14,
  0x00, 0x00, 0x1e, 0x15, 0x00, 0x00, 0x1e, 0x16, 0x00, 0x00, 0x1e, 0x17,
  0x00, 0x00, 0x1e, 0x18, 0x00, 0x00, 0x1e, 0x19, 0x00, 0x00, 0x1e, 0x1a,
  0x00, 0x00, 0x1e, 0x1b, 0x00, 0x00, 0x1e, 0x1c, 0x00, 0x00, 0x1e, 0x1d,
  0x00, 0x00, 0x1e, 0x1e, 0x00, 0x00, 0x1e, 0x1f, 0x00, 0x00, 0x1e, 0x20,
  0x00, 0x00, 0x1e, 0x21, 0x00, 0x00, 0x1e, 0x22, 0x00, 0x00, 0x1e, 0x23,
  0x00, 0x00, 0x1e, 0x24, 0x00, 0x00, 0x1e, 0x25, 0x00, 0x00, 0x1e, 0x26,
  0x00, 0x00, 0x1e, 0x27, 0x00, 0x00, 0x1e, 0x28, 0x00, 0x00, 0x1e, 0x29,
  0x00, 0x00, 0x1e, 0x2a, 0x00, 0x00, 0x1e, 0x2b, 0x00, 0x00, 0x1e, 0x2c,
  0x00, 0x00, 0x1e, 0x2d, 0x00, 0x00, 0x1e, 0x2e, 0x00, 0x00, 0x1e, 0x2f,
  0x00, 0x00, 0x1e, 0x30, 0x00, 0x00, 0x1e, 0x31, 0x00, 0x00, 0x1e, 0x32,
  0x00, 0x00, 0x1e, 0x33, 0x00, 0x00, 0x1e, 0x34, 0x00, 0x00, 0x1e, 0x35,
  0x00, 0x00, 0x1e, 0x36, 0x00, 0x00, 0x1e, 0x37, 0x00, 0x00, 0x1e, 0x38,
  0x00, 0x00, 0x1e, 0x39, 0x00, 0x00, 0x1e, 0x3a, 0x00, 0x00, 0x1e, 0x3b,
  0x00, 0x00, 0x1e, 0x3c, 0x00, 0x00, 0x1e, 0x3d, 0x00, 0x00, 0x1e, 0x3e,
  0x00, 0x00, 0x1e, 0x3f, 0x00, 0x00, 0x1e, 0x40, 0x00, 0x00, 0x1e, 0x41,
  0x00, 0x00, 0x1e, 0x42, 0x00, 0x00, 0x1e, 0x43, 0x00, 0x00, 0x1e, 0x44,
  0x00, 0x00, 0x1e, 0x45, 0x00, 0x00, 0x1e, 0x46, 0x00, 0x00, 0x1e, 0x47,
  0x00, 0x00, 0x1e, 0x48, 0x00, 0x00, 0x1e, 0x49, 0x00, 0x00, 0x1e, 0x4a,
  0x00, 0x00, 0x1e, 0x4b, 0x00, 0x00, 0x1e, 0x4c, 0x00, 0x00, 0x1e, 0x4d,
  0x00, 0x00, 0x1e, 0x4e, 0x00, 0x00, 0x1e, 0x4f, 0x00, 0x00, 0x1e, 0x50,
  0x00, 0x00, 0x1e, 0x51, 0x00, 0x00, 0x1e, 0x52, 0x00, 0x00, 0x1e, 0x53,
  0x00, 0x00, 0x1e, 0x54, 0x00, 0x00, 0x1e, 0x55, 0x00, 0x00, 0x1e, 0x56,
  0x00, 0x00, 0x1e, 0x57, 0x00, 0x00, 0x1e, 0x58, 0x00, 0x00, 0x1e, 0x59,
  0x00, 0x00, 0x1e, 0x5a, 0x00, 0x00, 0x1e, 0x5b, 0x00, 0x00, 0x1e, 0x5c,
  0x00, 0x00, 0x1e, 0x5d, 0x00, 0x00, 0x1e, 0x5e, 0x00, 0x00, 0x1e, 0x5f,
  0x00, 0x00, 0x1e, 0x60, 0x00, 0x00, 0x1e, 0x61, 0x00, 0x00, 0x1e, 0x62,
  0x00, 0x00, 0x1e, 0x63, 0x00, 0x00, 0x1e, 0x64, 0x00, 0x00, 0x1e, 0x65,
  0x00, 0x00, 0x1e, 0x66, 0x00, 0x00, 0x1e, 0x67, 0x00, 0x00, 0x1e, 0x68,
  0x00, 0x00, 0x1e, 0x69, 0x00, 0x00, 0x1e, 0x6a, 0x00, 0x00, 0x1e, 0x6b,
  0x00, 0x00, 0x1e, 0x6c, 0x00, 0x00, 0x1e, 0x6d, 0x00, 0x00, 0x1e, 0x6e,
  0x00, 0x00, 0x1e, 0x6f, 0x00, 0x00, 0x1e, 0x70, 0x00, 0x00, 0x1e, 0x71,
  0x00, 0x00, 0x1e, 0x72, 0x00, 0x00, 0x1e, 0x73, 0x00, 0x00, 0x1e, 0x74,
  0x00, 0x00, 0x1e, 0x75, 0x00, 0x00, 0x1e, 0x76, 0x00, 0x00, 0x1e, 0x77,
  0x00, 0x00, 0x1e, 0x78, 0x00, 0x00, 0x1e, 0x79, 0x00, 0x00, 0x1e, 0x7a,
  0x00, 0x00, 0x1e, 0x7b, 0x00, 0x00, 0x1e, 0x7c, 0x00, 0x00, 0x1e, 0x7d,
  0x00, 0x00, 0x1e, 0x7e, 0x00, 0x00, 0x1e, 0x7f, 0x00, 0x00, 0x1e, 0x80,
  0x00, 0x00, 0x1e, 0x81, 0x00, 0x00, 0x1e, 0x82, 0x00, 0x00, 0x1e, 0x83,
  0x00, 0x00, 0x1e, 0x84, 0x00, 0x00, 0x1e, 0x85, 0x00, 0x00, 0x1e, 0x86,
  0x00, 0x00, 0x1e, 0x87, 0x00, 0x00, 0x1e, 0x88, 0x00, 0x00, 0x1e, 0x89,
  0x00, 0x00, 0x1e, 0x8a, 0x00, 0x00, 0x1e, 0x8b, 0x00, 0x00, 0x1e, 0x8c,
  0x00, 0x00, 0x1e, 0x8d, 0x00, 0x00, 0x1e, 0x8e, 0x00, 0x00, 0x1e, 0x8f,
  0x00, 0x00, 0x1e, 0x90, 0x00, 0x00, 0x1e, 0x91, 0x00, 0x00, 0x1e, 0x92,
  0x00, 0x00, 0x1e, 0x93, 0x00, 0x00, 0x1e, 0x94, 0x00, 0x00, 0x1e, 0x95,
  0x00, 0x00, 0x1e, 0x96, 0x00, 0x00, 0x1e, 0x97, 0x00, 0x00, 0x1e, 0x98,
  0x00, 0x00, 0x1e, 0x99, 0x00, 0x00, 0x1e, 0x9a, 0x00, 0x00, 0x1e, 0x9b,
  0x00, 0x00, 0x1e, 0x9c, 0x00, 0x00, 0x1e, 0x9d, 0x00, 0x00, 0x1e, 0x9e,
  0x00, 0x00, 0x1e, 0x9f, 0x00, 0x00, 0x1e, 0xa0, 0x00, 0x00, 0x1e, 0xa1,
  0x00, 0x00, 0x1e, 0xa2, 0x00, 0x00, 0x1e, 0xa3, 0x00, 0x00, 0x1e, 0xa4,
  0x00, 0x00, 0x1e, 0xa5, 0x00, 0x00, 0x1e, 0xa6, 0x00, 0x00, 0x1e, 0xa7,
  0x00, 0x00, 0x1e, 0xa8, 0x00, 0x00, 0x1e, 0xa9, 0x00, 0x00, 0x1e, 0xaa,
  0x00, 0x00, 0x1e, 0xab, 0x00, 0x00, 0x1e, 0xac, 0x00, 0x00, 0x1e, 0xad,
  0x00, 0x00, 0x1e, 0xae, 0x00, 0x00, 0x1e, 0xaf, 0x00, 0x00, 0x1e, 0xb0,
  0x00, 0x00, 0x1e, 0xb1, 0x00, 0x00, 0x1e, 0xb2, 0x00, 0x00, 0x1e, 0xb3,
  0x00, 0x00, 0x1e, 0xb4, 0x00, 0x00, 0x1e, 0xb5, 0x00, 0x00, 0x1e, 0xb6,
  0x00, 0x00, 0x1e, 0xb7, 0x00, 0x00, 0x1e, 0xb8, 0x00, 0x00, 0x1e, 0xb9,
  0x00, 0x00, 0x1e, 0xba, 0x00, 0x00, 0x1e, 0xbb, 0x00, 0x00, 0x1e, 0xbc,
  0x00, 0x00, 0x1e, 0xbd, 0x00, 0x00, 0x1e, 0xbe, 0x00, 0x00, 0x1e, 0xbf,
  0x00, 0x00, 0x1e, 0xc0, 0x00, 0x00, 0x1e, 0xc1, 0x00, 0x00, 0x1e, 0xc2,
  0x00, 0x00, 0x1e, 0xc3, 0x00, 0x00, 0x1e, 0xc4, 0x00, 0x00, 0x1e, 0xc5,
  0x00, 0x00, 0x1e, 0xc6, 0x00, 0x00, 0x1e, 0xc7, 0x00, 0x00, 0x1e, 0xc8,
  0x00, 0x00, 0x1e, 0xc9, 0x00, 0x00, 0x1e, 0xca, 0x00, 0x00, 0x1e, 0xcb,
  0x00, 0x00, 0x1e, 0xcc, 0x00, 0x00, 0x1e, 0xcd, 0x00, 0x00, 0x1e, 0xce,
  0x00, 0x00, 0x1e, 0xcf, 0x00, 0x00, 0x1e, 0xd0, 0x00, 0x00, 0x1e, 0xd1,
  0x00, 0x00, 0x1e, 0xd2, 0x00, 0x00, 0x1e, 0xd3, 0x00, 0x00, 0x1e, 0xd4,
  0x00, 0x00, 0x1e, 0xd5, 0x00, 0x00, 0x1e, 0xd6, 0x00, 0x00, 0x1e, 0xd7,
  0x00, 0x00, 0x1e, 0xd8, 0x00, 0x00, 0x1e, 0xd9, 0x00, 0x00, 0x1e, 0xda,
  0x00, 0x00, 0x1e, 0xdb, 0x00, 0x00, 0x1e, 0xdc, 0x00, 0x00, 0x1e, 0xdd,
  0x00, 0x00, 0x1e, 0xde, 0x00, 0x00, 0x1e, 0xdf, 0x00, 0x00, 0x1e, 0xe0,
  0x00, 0x00, 0x1e, 0xe1, 0x00, 0x00, 0x1e, 0xe2, 0x00, 0x00, 0x1e, 0xe3,
  0x00, 0x00, 0x1e, 0xe4, 0x00, 0x00, 0x1e, 0xe5, 0x00, 0x00, 0x1e, 0xe6,
  0x00, 0x00, 0x1e, 0xe7, 0x00, 0x00, 0x1e, 0xe8, 0x00, 0x00, 0x1e, 0xe9,
  0x00, 0x00, 0x1e, 0xea, 0x00, 0x00, 0x1e, 0xeb, 0x00, 0x00, 0x1e, 0xec,
  0x00, 0x00, 0x1e, 0xed, 0x00, 0x00, 0x1e, 0xee, 0x00, 0x00, 0x1e, 0xef,
  0x00, 0x00, 0x1e, 0xf0, 0x00, 0x00, 0x1e, 0xf1, 0x00, 0x00, 0x1e, 0xf2,
  0x00, 0x00, 0x1e, 0xf3, 0x00, 0x00, 0x1e, 0xf4, 0x00, 0x00, 0x1e, 0xf5,
  0x00, 0x00, 0x1e, 0xf6, 0x00, 0x00, 0x1e, 0xf7, 0x00, 0x00, 0x1e, 0xf8,
  0x00, 0x00, 0x1e, 0xf9, 0x00, 0x00, 0x1e, 0xfa, 0x00, 0x00, 0x1e, 0xfb,
  0x00, 0x00, 0x1e, 0xfc, 0x00, 0x00, 0x1e, 0xfd, 0x00, 0x00, 0x1e, 0xfe,
  0x00, 0x00, 0x1e, 0xff, 0x00, 0x00, 0x1f, 0x00, 0x00, 0x00, 0x1f, 0x01,
  0x00, 0x00, 0x1f, 0x02, 0x00, 0x00, 0x1f, 0x03, 0x00, 0x00, 0x1f, 0x04,
  0x00, 0x00, 0x1f, 0x05, 0x00, 0x00, 0x1f, 0x06, 0x00, 0x00, 0x1f, 0x07,
  0x00, 0x00, 0x1f, 0x08, 0x00, 0x00, 0x1f, 0x09, 0x00, 0x00, 0x1f, 0x0a,
  0x00, 0x00, 0x1f, 0x0b, 0x00, 0x00, 0x1f, 0x0c, 0x00, 0x00, 0x1f, 0x0d,
  0x00, 0x00, 0x1f, 0x0e, 0x00, 0x00, 0x1f, 0x0f, 0x00, 0x00, 0x1f, 0x10,
  0x00, 0x00, 0x1f, 0x11, 0x00, 0x00, 0x1f, 0x12, 0x00, 0x00, 0x1f, 0x13,
  0x00, 0x00, 0x1f, 0x14, 0x00, 0x00, 0x1f, 0x15, 0x00, 0x00, 0x1f, 0x16,
  0x00, 0x00, 0x1f, 0x17, 0x00, 0x00, 0x1f, 0x18, 0x00, 0x00, 0x1f, 0x19,
  0x00, 0x00, 0x1f, 0x1a, 0x00, 0x00, 0x1f, 0x1b, 0x00, 0x00, 0x1f, 0x1c,
  0x00, 0x00, 0x1f, 0x1d, 0x00, 0x00, 0x1f, 0x1e, 0x00, 0x00, 0x1f, 0x1f,
  0x00, 0x00, 0x1f, 0x20, 0x00, 0x00, 0x1f, 0x21, 0x00, 0x00, 0x1f, 0x22,
  0x00, 0x00, 0x1f, 0x23, 0x00, 0x00, 0x1f, 0x24, 0x00, 0x00, 0x1f, 0x25,
  0x00, 0x00, 0x1f, 0x26, 0x00, 0x00, 0x1f, 0x27, 0x00, 0x00, 0x1f, 0x28,
  0x00, 0x00, 0x1f, 0x29, 0x00, 0x00, 0x1f, 0x2a, 0x00, 0x00, 0x1f, 0x2b,
  0x00, 0x00, 0x1f, 0x2c, 0x00, 0x00, 0x1f, 0x2d, 0x00, 0x00, 0x1f, 0x2e,
  0x00, 0x00, 0x1f, 0x2f, 0x00, 0x00, 0x1f, 0x30, 0x00, 0x00, 0x1f, 0x31,
  0x00, 0x00, 0x1f, 0x32, 0x00, 0x00, 0x1f, 0x33, 0x00, 0x00, 0x1f, 0x34,
  0x00, 0x00, 0x1f, 0x35, 0x00, 0x00, 0x1f, 0x36, 0x00, 0x00, 0x1f, 0x37,
  0x00, 0x00, 0x1f, 0x38, 0x00, 0x00, 0x1f, 0x39, 0x00, 0x00, 0x1f, 0x3a,
  0x00, 0x00, 0x1f, 0x3b, 0x00, 0x00, 0x1f, 0x3c, 0x00, 0x00, 0x1f, 0x3d,
  0x00, 0x00, 0x1f, 0x3e, 0x00, 0x00, 0x1f, 0x3f, 0x00, 0x00, 0x1f, 0x40,
  0x00, 0x00, 0x1f, 0x41, 0x00, 0x00, 0x1f, 0x42, 0x00, 0x00, 0x1f, 0x43,
  0x00, 0x00, 0x1f, 0x44, 0x00, 0x00, 0x1f, 0x45, 0x00, 0x00, 0x1f, 0x46,
  0x00, 0x00, 0x1f, 0x47, 0x00, 0x00, 0x1f, 0x48, 0x00, 0x00, 0x1f, 0x49,
  0x00, 0x00, 0x1f, 0x4a, 0x00, 0x00, 0x1f, 0x4b, 0x00, 0x00, 0x1f, 0x4c,
  0x00, 0x00, 0x1f, 0x4d, 0x00, 0x00, 0x1f, 0x4e, 0x00, 0x00, 0x1f, 0x4f,
  0x00, 0x00, 0x1f, 0x50, 0x00, 0x00, 0x1f, 0x51, 0x00, 0x00, 0x1f, 0x52,
  0x00, 0x00, 0x1f, 0x53, 0x00, 0x00, 0x1f, 0x54, 0x00, 0x00, 0x1f, 0x55,
  0x00, 0x00, 0x1f, 0x56, 0x00, 0x00, 0x1f, 0x57, 0x00, 0x00, 0x1f, 0x58,
  0x00, 0x00, 0x1f, 0x59, 0x00, 0x00, 0x1f, 0x5a, 0x00, 0x00, 0x1f, 0x5b,
  0x00, 0x00, 0x1f, 0x5c, 0x00, 0x00, 0x1f, 0x5d, 0x00, 0x00, 0x1f, 0x5e,
  0x00, 0x00, 0x1f, 0x5f, 0x00, 0x00, 0x1f, 0x60, 0x00, 0x00, 0x1f, 0x61,
  0x00, 0x00, 0x1f, 0x62, 0x00, 0x00, 0x1f, 0x63, 0x00, 0x00, 0x1f, 0x64,
  0x00, 0x00, 0x1f, 0x65, 0x00, 0x00, 0x1f, 0x66, 0x00, 0x00, 0x1f, 0x67,
  0x00, 0x00, 0x1f, 0x68, 0x00, 0x00, 0x1f, 0x69, 0x00, 0x00, 0x1f, 0x6a,
  0x00, 0x00, 0x1f, 0x6b, 0x00, 0x00, 0x1f, 0x6c, 0x00, 0x00, 0x1f, 0x6d,
  0x00, 0x00, 0x1f, 0x6e, 0x00, 0x00, 0x1f, 0x6f, 0x00, 0x00, 0x1f, 0x70,
  0x00, 0x00, 0x1f, 0x71, 0x00, 0x00, 0x1f, 0x72, 0x00, 0x00, 0x1f, 0x73,
  0x00, 0x00, 0x1f, 0x74, 0x00, 0x00, 0x1f, 0x75, 0x00, 0x00, 0x1f, 0x76,
  0x00, 0x00, 0x1f, 0x77, 0x00, 0x00, 0x1f, 0x78, 0x00, 0x00, 0x1f, 0x79,
  0x00, 0x00, 0x1f, 0x7a, 0x00, 0x00, 0x1f, 0x7b, 0x00, 0x00, 0x1f, 0x7c,
  0x00, 0x00, 0x1f, 0x7d, 0x00, 0x00, 0x1f, 0x7e, 0x00, 0x00, 0x1f, 0x7f,
  0x00, 0x00, 0x1f, 0x80, 0x00, 0x00, 0x1f, 0x81, 0x00, 0x00, 0x1f, 0x82,
  0x00, 0x00, 0x1f, 0x83, 0x00, 0x00, 0x1f, 0x84, 0x00, 0x00, 0x1f, 0x85,
  0x00, 0x00, 0x1f, 0x86, 0x00, 0x00, 0x1f, 0x87, 0x00, 0x00, 0x1f, 0x88,
  0x00, 0x00, 0x1f, 0x89, 0x00, 0x00, 0x1f, 0x8a, 0x00, 0x00, 0x1f, 0x8b,
  0x00, 0x00, 0x1f, 0x8c, 0x00, 0x00, 0x1f, 0x8d, 0x00, 0x00, 0x1f, 0x8e,
  0x00, 0x00, 0x1f, 0x8f, 0x00, 0x00, 0x1f, 0x90, 0x00, 0x00, 0x1f, 0x91,
  0x00, 0x00, 0x1f, 0x92, 0x00, 0x00, 0x1f, 0x93, 0x00, 0x00, 0x1f, 0x94,
  0x00, 0x00, 0x1f, 0x95, 0x00, 0x00, 0x1f, 0x96, 0x00, 0x00, 0x1f, 0x97,
  0x00, 0x00, 0x1f, 0x98, 0x00, 0x00, 0x1f, 0x99, 0x00, 0x00, 0x1f, 0x9a,
  0x00, 0x00, 0x1f, 0x9b, 0x00, 0x00, 0x1f, 0x9c, 0x00, 0x00, 0x1f, 0x9d,
  0x00, 0x00, 0x1f, 0x9e, 0x00, 0x00, 0x1f, 0x9f, 0x00, 0x00, 0x1f, 0xa0,
  0x00, 0x00, 0x1f, 0xa1, 0x00, 0x00, 0x1f, 0xa2, 0x00, 0x00, 0x1f, 0xa3,
  0x00, 0x00, 0x1f, 0xa4, 0x00, 0x00, 0x1f, 0xa5, 0x00, 0x00, 0x1f, 0xa6,
  0x00, 0x00, 0x1f, 0xa7, 0x00, 0x00, 0x1f, 0xa8, 0x00, 0x00, 0x1f, 0xa9,
  0x00, 0x00, 0x1f, 0xaa, 0x00, 0x00, 0x1f, 0xab, 0x00, 0x00, 0x1f, 0xac,
  0x00, 0x00, 0x1f, 0xad, 0x00, 0x00, 0x1f, 0xae, 0x00, 0x00, 0x1f, 0xaf,
  0x00, 0x00, 0x1f, 0xb0, 0x00, 0x00, 0x1f, 0xb1, 0x00, 0x00, 0x1f, 0xb2,
  0x00, 0x00, 0x1f, 0xb3, 0x00, 0x00, 0x1f, 0xb4, 0x00, 0x00, 0x1f, 0xb5,
  0x00, 0x00, 0x1f, 0xb6, 0x00, 0x00, 0x1f, 0xb7, 0x00, 0x00, 0x1f, 0xb8,
  0x00, 0x00, 0x1f, 0xb9, 0x00, 0x00, 0x1f, 0xba, 0x00, 0x00, 0x1f, 0xbb,
  0x00, 0x00, 0x1f, 0xbc, 0x00, 0x00, 0x1f, 0xbd, 0x00, 0x00, 0x1f, 0xbe,
  0x00, 0x00, 0x1f, 0xbf, 0x00, 0x00, 0x1f, 0xc0, 0x00, 0x00, 0x1f, 0xc1,
  0x00, 0x00, 0x1f, 0xc2, 0x00, 0x00, 0x1f, 0xc3, 0x00, 0x00, 0x1f, 0xc4,
  0x00, 0x00, 0x1f, 0xc5, 0x00, 0x00, 0x1f, 0xc6, 0x00, 0x00, 0x1f, 0xc7,
  0x00, 0x00, 0x1f, 0xc8, 0x00, 0x00, 0x1f, 0xc9, 0x00, 0x00, 0x1f, 0xca,
  0x00, 0x00, 0x1f, 0xcb, 0x00, 0x00, 0x1f, 0xcc, 0x00, 0x00, 0x1f, 0xcd,
  0x00, 0x00, 0x1f, 0xce, 0x00, 0x00, 0x1f, 0xcf, 0x00, 0x00, 0x1f, 0xd0,
  0x00, 0x00, 0x1f, 0xd1, 0x00, 0x00, 0x1f, 0xd2, 0x00, 0x00, 0x1f, 0xd3,
  0x00, 0x00, 0x1f, 0xd4, 0x00, 0x00, 0x1f, 0xd5, 0x00, 0x00, 0x1f, 0xd6,
  0x00, 0x00, 0x1f, 0xd7, 0x00, 0x00, 0x1f, 0xd8, 0x00, 0x00, 0x1f, 0xd9,
  0x00, 0x00, 0x1f, 0xda, 0x00, 0x00, 0x1f, 0xdb, 0x00, 0x00, 0x1f, 0xdc,
  0x00, 0x00, 0x1f, 0xdd, 0x00, 0x00, 0x1f, 0xde, 0x00, 0x00, 0x1f, 0xdf,
  0x00, 0x00, 0x1f, 0xe0, 0x00, 0x00, 0x1f, 0xe1, 0x00, 0x00, 0x1f, 0xe2,
  0x00, 0x00, 0x1f, 0xe3, 0x00, 0x00, 0x1f, 0xe4, 0x00, 0x00, 0x1f, 0xe5,
  0x00, 0x00, 0x1f, 0xe6, 0x00, 0x00, 0x1f, 0xe7, 0x00, 0x00, 0x1f, 0xe8,
  0x00, 0x00, 0x1f, 0xe9, 0x00, 0x00, 0x1f, 0xea, 0x00, 0x00, 0x1f, 0xeb,
  0x00, 0x00, 0x1f, 0xec, 0x00, 0x00, 0x1f, 0xed, 0x00, 0x00, 0x1f, 0xee,
  0x00, 0x00, 0x1f, 0xef, 0x00, 0x00, 0x1f, 0xf0, 0x00, 0x00, 0x1f, 0xf1,
  0x00, 0x00, 0x1f, 0xf2, 0x00, 0x00, 0x1f, 0xf3, 0x00, 0x00, 0x1f, 0xf4,
  0x00, 0x00, 0x1f, 0xf5, 0x00, 0x00, 0x1f, 0xf6, 0x00, 0x00, 0x1f, 0xf7,
  0x00, 0x00, 0x1f, 0xf8, 0x00, 0x00, 0x1f, 0xf9, 0x00, 0x00, 0x1f, 0xfa,
  0x00, 0x00, 0x1f, 0xfb, 0x00, 0x00, 0x1f, 0xfc, 0x00, 0x00, 0x1f, 0xfd,
  0x00, 0x00, 0x1f, 0xfe, 0x00, 0x00, 0x1f, 0xff, 0x00, 0x00, 0x20, 0x00,
  0x00, 0x00, 0x20, 0x01, 0x00, 0x00, 0x20, 0x02, 0x00, 0x00, 0x20, 0x03,
  0x00, 0x00, 0x20, 0x04, 0x00, 0x00, 0x20, 0x05, 0x00, 0x00, 0x20, 0x06,
  0x00, 0x00, 0x20, 0x07, 0x00, 0x00, 0x20, 0x08, 0x00, 0x00, 0x20, 0x09,
  0x00, 0x00, 0x20, 0x0a, 0x00, 0x00, 0x20, 0x0b, 0x00, 0x00, 0x20, 0x0c,
  0x00, 0x00, 0x20, 0x0d, 0x00, 0x00, 0x20, 0x0e, 0x00, 0x00, 0x20, 0x0f,
  0x00, 0x00, 0x20, 0x10, 0x00, 0x00, 0x20, 0x11, 0x00, 0x00, 0x20, 0x12,
  0x00, 0x00, 0x20, 0x13, 0x00, 0x00, 0x20, 0x14, 0x00, 0x00, 0x20, 0x15,
  0x00, 0x00, 0x20, 0x16, 0x00, 0x00, 0x20, 0x17, 0x00, 0x00, 0x20, 0x18,
  0x00, 0x00, 0x20, 0x19, 0x00, 0x00, 0x20, 0x1a, 0x00, 0x00, 0x20, 0x1b,
  0x00, 0x00, 0x20, 0x1c, 0x00, 0x00, 0x20, 0x1d, 0x00, 0x00, 0x20, 0x1e,
  0x00, 0x00, 0x20, 0x1f, 0x00, 0x00, 0x20, 0x20, 0x00, 0x00, 0x20, 0x21,
  0x00, 0x00, 0x20, 0x22, 0x00, 0x00, 0x20, 0x23, 0x00, 0x00, 0x20, 0x24,
  0x00, 0x00, 0x20, 0x25, 0x00, 0x00, 0x20, 0x26, 0x00, 0x00, 0x20, 0x27,
  0x00, 0x00, 0x20, 0x28, 0x00, 0x00, 0x20, 0x29, 0x00, 0x00, 0x20, 0x2a,
  0x00, 0x00, 0x20, 0x2b, 0x00, 0x00, 0x20, 0x2c, 0x00, 0x00, 0x20, 0x2d,
  0x00, 0x00, 0x20, 0x2e, 0x00, 0x00, 0x20, 0x2f, 0x00, 0x00, 0x20, 0x30,
  0x00, 0x00, 0x20, 0x31, 0x00, 0x00, 0x20, 0x32, 0x00, 0x00, 0x20, 0x33,
  0x00, 0x00, 0x20, 0x34, 0x00, 0x00, 0x20, 0x35, 0x00, 0x00, 0x20, 0x36,
  0x00, 0x00, 0x20, 0x37, 0x00, 0x00, 0x20, 0x38, 0x00, 0x00, 0x20, 0x39,
  0x00, 0x00, 0x20, 0x3a, 0x00, 0x00, 0x20, 0x3b, 0x00, 0x00, 0x20, 0x3c,
  0x00, 0x00, 0x20, 0x3d, 0x00, 0x00, 0x20, 0x3e, 0x00, 0x00, 0x20, 0x3f,
  0x00, 0x00, 0x20, 0x40, 0x00, 0x00, 0x20, 0x41, 0x00, 0x00, 0x20, 0x42,
  0x00, 0x00, 0x20, 0x43, 0x00, 0x00, 0x20, 0x44, 0x00, 0x00, 0x20, 0x45,
  0x00, 0x00, 0x20, 0x46, 0x00, 0x00, 0x20, 0x47, 0x00, 0x00, 0x20, 0x48,
  0x00, 0x00, 0x20, 0x49, 0x00, 0x00, 0x20, 0x4a, 0x00, 0x00, 0x20, 0x4b,
  0x00, 0x00, 0x20, 0x4c, 0x00, 0x00, 0x20, 0x4d, 0x00, 0x00, 0x20, 0x4e,
  0x00, 0x00, 0x20, 0x4f, 0x00, 0x00, 0x20, 0x50, 0x00, 0x00, 0x20, 0x51,
  0x00, 0x00, 0x20, 0x52, 0x00, 0x00, 0x20, 0x53, 0x00, 0x00, 0x20, 0x54,
  0x00, 0x00, 0x20, 0x55, 0x00, 0x00, 0x20, 0x56, 0x00, 0x00, 0x20, 0x57,
  0x00, 0x00, 0x20, 0x58, 0x00, 0x00, 0x20, 0x59, 0x00, 0x00, 0x20, 0x5a,
  0x00, 0x00, 0x20, 0x5b, 0x00, 0x00, 0x20, 0x5c, 0x00, 0x00, 0x20, 0x5d,
  0x00, 0x00, 0x20, 0x5e, 0x00, 0x00, 0x20, 0x5f, 0x00, 0x00, 0x20, 0x60,
  0x00, 0x00, 0x20, 0x61, 0x00, 0x00, 0x20, 0x62, 0x00, 0x00, 0x20, 0x63,
  0x00, 0x00, 0x20, 0x64, 0x00, 0x00, 0x20, 0x65, 0x00, 0x00, 0x20, 0x66,
  0x00, 0x00, 0x20, 0x67, 0x00, 0x00, 0x20, 0x68, 0x00, 0x00, 0x20, 0x69,
  0x00, 0x00, 0x20, 0x6a, 0x00, 0x00, 0x20, 0x6b, 0x00, 0x00, 0x20, 0x6c,
  0x00, 0x00, 0x20, 0x6d, 0x00, 0x00, 0x20, 0x6e, 0x00, 0x00, 0x20, 0x6f,
  0x00, 0x00, 0x20, 0x70, 0x00, 0x00, 0x20, 0x71, 0x00, 0x00, 0x20, 0x72,
  0x00, 0x00, 0x20, 0x73, 0x00, 0x00, 0x20, 0x74, 0x00, 0x00, 0x20, 0x75,
  0x00, 0x00, 0x20, 0x76, 0x00, 0x00, 0x20, 0x77, 0x00, 0x00, 0x20, 0x78,
  0x00, 0x00, 0x20, 0x79, 0x00, 0x00, 0x20, 0x7a, 0x00, 0x00, 0x20, 0x7b,
  0x00, 0x00, 0x20, 0x7c, 0x00, 0x00, 0x20, 0x7d, 0x00, 0x00, 0x20, 0x7e,
  0x00, 0x00, 0x20, 0x7f, 0x00, 0x00, 0x20, 0x80, 0x00, 0x00, 0x20, 0x81,
  0x00, 0x00, 0x20, 0x82, 0x00, 0x00, 0x20, 0x83, 0x00, 0x00, 0x20, 0x84,
  0x00, 0x00, 0x20, 0x85, 0x00, 0x00, 0x20, 0x86, 0x00, 0x00, 0x20, 0x87,
  0x00, 0x00, 0x20, 0x88, 0x00, 0x00, 0x20, 0x89, 0x00, 0x00, 0x20, 0x8a,
  0x00, 0x00, 0x20, 0x8b, 0x00, 0x00, 0x20, 0x8c, 0x00, 0x00, 0x20, 0x8d,
  0x00, 0x00, 0x20, 0x8e, 0x00, 0x00, 0x20, 0x8f, 0x00, 0x00, 0x20, 0x90,
  0x00, 0x00, 0x20, 0x91, 0x00, 0x00, 0x20, 0x92, 0x00, 0x00, 0x20, 0x93,
  0x00, 0x00, 0x20, 0x94, 0x00, 0x00, 0x20, 0x95, 0x00, 0x00, 0x20, 0x96,
  0x00, 0x00, 0x20, 0x97, 0x00, 0x00, 0x20, 0x98, 0x00, 0x00, 0x20, 0x99,
  0x00, 0x00, 0x20, 0x9a, 0x00, 0x00, 0x20, 0x9b, 0x00, 0x00, 0x20, 0x9c,
  0x00, 0x00, 0x20, 0x9d, 0x00, 0x00, 0x20, 0x9e, 0x00, 0x00, 0x20, 0x9f,
  0x00, 0x00, 0x20, 0xa0, 0x00, 0x00, 0x20, 0xa1, 0x00, 0x00, 0x20, 0xa2,
  0x00, 0x00, 0x20, 0xa3, 0x00, 0x00, 0x20, 0xa4, 0x00, 0x00, 0x20, 0xa5,
  0x00, 0x00, 0x20, 0xa6, 0x00, 0x00, 0x20, 0xa7, 0x00, 0x00, 0x20, 0xa8,
  0x00, 0x00, 0x20, 0xa9, 0x00, 0x00, 0x20, 0xaa, 0x00, 0x00, 0x20, 0xab,
  0x00, 0x00, 0x20, 0xac, 0x00, 0x00, 0x20, 0xad, 0x00, 0x00, 0x20, 0xae,
  0x00, 0x00, 0x20, 0xaf, 0x00, 0x00, 0x20, 0xb0, 0x00, 0x00, 0x20, 0xb1,
  0x00, 0x00, 0x20, 0xb2, 0x00, 0x00, 0x20, 0xb3, 0x00, 0x00, 0x20, 0xb4,
  0x00, 0x00, 0x20, 0xb5, 0x00, 0x00, 0x20, 0xb6, 0x00, 0x00, 0x20, 0xb7,
  0x00, 0x00, 0x20, 0xb8, 0x00, 0x00, 0x20, 0xb9, 0x00, 0x00, 0x20, 0xba,
  0x00, 0x00, 0x20, 0xbb, 0x00, 0x00, 0x20, 0xbc, 0x00, 0x00, 0x20, 0xbd,
  0x00, 0x00, 0x20, 0xbe, 0x00, 0x00, 0x20, 0xbf, 0x00, 0x00, 0x20, 0xc0,
  0x00, 0x00, 0x20, 0xc1, 0x00, 0x00, 0x20, 0xc2, 0x00, 0x00, 0x20, 0xc3,
  0x00, 0x00, 0x20, 0xc4, 0x00, 0x00, 0x20, 0xc5, 0x00, 0x00, 0x20, 0xc6,
  0x00, 0x00, 0x20, 0xc7, 0x00, 0x00, 0x20, 0xc8, 0x00, 0x00, 0x20, 0xc9,
  0x00, 0x00, 0x20, 0xca, 0x00, 0x00, 0x20, 0xcb, 0x00, 0x00, 0x20, 0xcc,
  0x00, 0x00, 0x20, 0xcd, 0x00, 0x00, 0x20, 0xce, 0x00, 0x00, 0x20, 0xcf,
  0x00, 0x00, 0x20, 0xd0, 0x00, 0x00, 0x20, 0xd1, 0x00, 0x00, 0x20, 0xd2,
  0x00, 0x00, 0x20, 0xd3, 0x00, 0x00, 0x20, 0xd4, 0x00, 0x00, 0x20, 0xd5,
  0x00, 0x00, 0x20, 0xd6, 0x00, 0x00, 0x20, 0xd7, 0x00, 0x00, 0x20, 0xd8,
  0x00, 0x00, 0x20, 0xd9, 0x00, 0x00, 0x20, 0xda, 0x00, 0x00, 0x20, 0xdb,
  0x00, 0x00, 0x20, 0xdc, 0x00, 0x00, 0x20, 0xdd, 0x00, 0x00, 0x20, 0xde,
  0x00, 0x00, 0x20, 0xdf, 0x00, 0x00, 0x20, 0xe0, 0x00, 0x00, 0x20, 0xe1,
  0x00, 0x00, 0x20, 0xe2, 0x00, 0x00, 0x20, 0xe3, 0x00, 0x00, 0x20, 0xe4,
  0x00, 0x00, 0x20, 0xe5, 0x00, 0x00, 0x20, 0xe6, 0x00, 0x00, 0x20, 0xe7,
  0x00, 0x00, 0x20, 0xe8, 0x00, 0x00, 0x20, 0xe9, 0x00, 0x00, 0x20, 0xea,
  0x00, 0x00, 0x20, 0xeb, 0x00, 0x00, 0x20, 0xec, 0x00, 0x00, 0x20, 0xed,
  0x00, 0x00, 0x20, 0xee, 0x00, 0x00, 0x20, 0xef, 0x00, 0x00, 0x20, 0xf0,
  0x00, 0x00, 0x20, 0xf1, 0x00, 0x00, 0x20, 0xf2, 0x00, 0x00, 0x20, 0xf3,
  0x00, 0x00, 0x20, 0xf4, 0x00, 0x00, 0x20, 0xf5, 0x00, 0x00, 0x20, 0xf6,
  0x00, 0x00, 0x20, 0xf7, 0x00, 0x00, 0x20, 0xf8, 0x00, 0x00, 0x20, 0xf9,
  0x00, 0x00, 0x20, 0xfa, 0x00, 0x00, 0x20, 0xfb, 0x00, 0x00, 0x20, 0xfc,
  0x00, 0x00, 0x20, 0xfd, 0x00, 0x00, 0x20, 0xfe, 0x00, 0x00, 0x20, 0xff,
  0x00, 0x00, 0x21, 0x00, 0x00, 0x00, 0x21, 0x01, 0x00, 0x00, 0x21, 0x02,
  0x00, 0x00, 0x21, 0x03, 0x00, 0x00, 0x21, 0x04, 0x00, 0x00, 0x21, 0x05,
  0x00, 0x00, 0x21, 0x06, 0x00, 0x00, 0x21, 0x07, 0x00, 0x00, 0x21, 0x08,
  0x00, 0x00, 0x21, 0x09, 0x00, 0x00, 0x21, 0x0a, 0x00, 0x00, 0x21, 0x0b,
  0x00, 0x00, 0x21, 0x0c, 0x00, 0x00, 0x21, 0x0d, 0x00, 0x00, 0x21, 0x0e,
  0x00, 0x00, 0x21, 0x0f, 0x00, 0x00, 0x21, 0x10, 0x00, 0x00, 0x21, 0x11,
  0x00, 0x00, 0x21, 0x12, 0x00, 0x00, 0x21, 0x13, 0x00, 0x00, 0x21, 0x14,
  0x00, 0x00, 0x21, 0x15, 0x00, 0x00, 0x21, 0x16, 0x00, 0x00, 0x21, 0x17,
  0x00, 0x00, 0x21, 0x18, 0x00, 0x00, 0x21, 0x19, 0x00, 0x00, 0x21, 0x1a,
  0x00, 0x00, 0x21, 0x1b, 0x00, 0x00, 0x21, 0x1c, 0x00, 0x00, 0x21, 0x1d,
  0x00, 0x00, 0x21, 0x1e, 0x00, 0x00, 0x21, 0x1f, 0x00, 0x00, 0x21, 0x20,
  0x00, 0x00, 0x21, 0x21, 0x00, 0x00, 0x21, 0x22, 0x00, 0x00, 0x21, 0x23,
  0x00, 0x00, 0x21, 0x24, 0x00, 0x00, 0x21, 0x25, 0x00, 0x00, 0x21, 0x26,
  0x00, 0x00, 0x21, 0x27, 0x00, 0x00, 0x21, 0x28, 0x00, 0x00, 0x21, 0x29,
  0x00, 0x00, 0x21, 0x2a, 0x00, 0x00, 0x21, 0x2b, 0x00, 0x00, 0x21, 0x2c,
  0x00, 0x00, 0x21, 0x2d, 0x00, 0x00, 0x21, 0x2e, 0x00, 0x00, 0x21, 0x2f,
  0x00, 0x00, 0x21, 0x30, 0x00, 0x00, 0x21, 0x31, 0x00, 0x00, 0x21, 0x32,
  0x00, 0x00, 0x21, 0x33, 0x00, 0x00, 0x21, 0x34, 0x00, 0x00, 0x21, 0x35,
  0x00, 0x00, 0x21, 0x36, 0x00, 0x00, 0x21, 0x37, 0x00, 0x00, 0x21, 0x38,
  0x00, 0x00, 0x21, 0x39, 0x00, 0x00, 0x21, 0x3a, 0x00, 0x00, 0x21, 0x3b,
  0x00, 0x00, 0x21, 0x3c, 0x00, 0x00, 0x21, 0x3d, 0x00, 0x00, 0x21, 0x3e,
  0x00, 0x00, 0x21, 0x3f, 0x00, 0x00, 0x21, 0x40, 0x00, 0x00, 0x21, 0x41,
  0x00, 0x00, 0x21, 0x42, 0x00, 0x00, 0x21, 0x43, 0x00, 0x00, 0x21, 0x44,
  0x00, 0x00, 0x21, 0x45, 0x00, 0x00, 0x21, 0x46, 0x00, 0x00, 0x21, 0x47,
  0x00, 0x00, 0x21, 0x48, 0x00, 0x00, 0x21, 0x49, 0x00, 0x00, 0x21, 0x4a,
  0x00, 0x00, 0x21, 0x4b, 0x00, 0x00, 0x21, 0x4c, 0x00, 0x00, 0x21, 0x4d,
  0x00, 0x00, 0x21, 0x4e, 0x00, 0x00, 0x21, 0x4f, 0x00, 0x00, 0x21, 0x50,
  0x00, 0x00, 0x21, 0x51, 0x00, 0x00, 0x21, 0x52, 0x00, 0x00, 0x21, 0x53,
  0x00, 0x00, 0x21, 0x54, 0x00, 0x00, 0x21, 0x55, 0x00, 0x00, 0x21, 0x56,
  0x00, 0x00, 0x21, 0x57, 0x00, 0x00, 0x21, 0x58, 0x00, 0x00, 0x21, 0x59,
  0x00, 0x00, 0x21, 0x5a, 0x00, 0x00, 0x21, 0x5b, 0x00, 0x00, 0x21, 0x5c,
  0x00, 0x00, 0x21, 0x5d, 0x00, 0x00, 0x21, 0x5e, 0x00, 0x00, 0x21, 0x5f,
  0x00, 0x00, 0x21, 0x60, 0x00, 0x00, 0x21, 0x61, 0x00, 0x00, 0x21, 0x62,
  0x00, 0x00, 0x21, 0x63, 0x00, 0x00, 0x21, 0x64, 0x00, 0x00, 0x21, 0x65,
  0x00, 0x00, 0x21, 0x66, 0x00, 0x00, 0x21, 0x67, 0x00, 0x00, 0x21, 0x68,
  0x00, 0x00, 0x21, 0x69, 0x00, 0x00, 0x21, 0x6a, 0x00, 0x00, 0x21, 0x6b,
  0x00, 0x00, 0x21, 0x6c, 0x00, 0x00, 0x21, 0x6d, 0x00, 0x00, 0x21, 0x6e,
  0x00, 0x00, 0x21, 0x6f, 0x00, 0x00, 0x21, 0x70, 0x00, 0x00, 0x21, 0x71,
  0x00, 0x00, 0x21, 0x72, 0x00, 0x00, 0x21, 0x73, 0x00, 0x00, 0x21, 0x74,
  0x00, 0x00, 0x21, 0x75, 0x00, 0x00, 0x21, 0x76, 0x00, 0x00, 0x21, 0x77,
  0x00, 0x00, 0x21, 0x78, 0x00, 0x00, 0x21, 0x79, 0x00, 0x00, 0x21, 0x7a,
  0x00, 0x00, 0x21, 0x7b, 0x00, 0x00, 0x21, 0x7c, 0x00, 0x00, 0x21, 0x7d,
  0x00, 0x00, 0x21, 0x7e, 0x00, 0x00, 0x21, 0x7f, 0x00, 0x00, 0x21, 0x80,
  0x00, 0x00, 0x21, 0x81, 0x00, 0x00, 0x21, 0x82, 0x00, 0x00, 0x21, 0x83,
  0x00, 0x00, 0x21, 0x84, 0x00, 0x00, 0x21, 0x85, 0x00, 0x00, 0x21, 0x86,
  0x00, 0x00, 0x21, 0x87, 0x00, 0x00, 0x21, 0x88, 0x00, 0x00, 0x21, 0x89,
  0x00, 0x00, 0x21, 0x8a, 0x00, 0x00, 0x21, 0x8b, 0x00, 0x00, 0x21, 0x8c,
  0x00, 0x00, 0x21, 0x8d, 0x00, 0x00, 0x21, 0x8e, 0x00, 0x00, 0x21, 0x8f,
  0x00, 0x00, 0x21, 0x90, 0x00, 0x00, 0x21, 0x91, 0x00, 0x00, 0x21, 0x92,
  0x00, 0x00, 0x21, 0x93, 0x00, 0x00, 0x21, 0x94, 0x00, 0x00, 0x21, 0x95,
  0x00, 0x00, 0x21, 0x96, 0x00, 0x00, 0x21, 0x97, 0x00, 0x00, 0x21, 0x98,
  0x00, 0x00, 0x21, 0x99, 0x00, 0x00, 0x21, 0x9a, 0x00, 0x00, 0x21, 0x9b,
  0x00, 0x00, 0x21, 0x9c, 0x00, 0x00, 0x21, 0x9d, 0x00, 0x00, 0x21, 0x9e,
  0x00, 0x00, 0x21, 0x9f, 0x00, 0x00, 0x21, 0xa0, 0x00, 0x00, 0x21, 0xa1,
  0x00, 0x00, 0x21, 0xa2, 0x00, 0x00, 0x21, 0xa3, 0x00, 0x00, 0x21, 0xa4,
  0x00, 0x00, 0x21, 0xa5, 0x00, 0x00, 0x21, 0xa6, 0x00, 0x00, 0x21, 0xa7,
  0x00, 0x00, 0x21, 0xa8, 0x00, 0x00, 0x21, 0xa9, 0x00, 0x00, 0x21, 0xaa,
  0x00, 0x00, 0x21, 0xab, 0x00, 0x00, 0x21, 0xac, 0x00, 0x00, 0x21, 0xad,
  0x00, 0x00, 0x21, 0xae, 0x00, 0x00, 0x21, 0xaf, 0x00, 0x00, 0x21, 0xb0,
  0x00, 0x00, 0x21, 0xb1, 0x00, 0x00, 0x21, 0xb2, 0x00, 0x00, 0x21, 0xb3,
  0x00, 0x00, 0x21, 0xb4, 0x00, 0x00, 0x21, 0xb5, 0x00, 0x00, 0x21, 0xb6,
  0x00, 0x00, 0x21, 0xb7, 0x00, 0x00, 0x21, 0xb8, 0x00, 0x00, 0x21, 0xb9,
  0x00, 0x00, 0x21, 0xba, 0x00, 0x00, 0x21, 0xbb, 0x00, 0x00, 0x21, 0xbc,
  0x00, 0x00, 0x21, 0xbd, 0x00, 0x00, 0x21, 0xbe, 0x00, 0x00, 0x21, 0xbf,
  0x00, 0x00, 0x21, 0xc0, 0x00, 0x00, 0x21, 0xc1, 0x00, 0x00, 0x21, 0xc2,
  0x00, 0x00, 0x21, 0xc3, 0x00, 0x00, 0x21, 0xc4, 0x00, 0x00, 0x21, 0xc5,
  0x00, 0x00, 0x21, 0xc6, 0x00, 0x00, 0x21, 0xc7, 0x00, 0x00, 0x21, 0xc8,
  0x00, 0x00, 0x21, 0xc9, 0x00, 0x00, 0x21, 0xca, 0x00, 0x00, 0x21, 0xcb,
  0x00, 0x00, 0x21, 0xcc, 0x00, 0x00, 0x21, 0xcd, 0x00, 0x00, 0x21, 0xce,
  0x00, 0x00, 0x21, 0xcf, 0x00, 0x00, 0x21, 0xd0, 0x00, 0x00, 0x21, 0xd1,
  0x00, 0x00, 0x21, 0xd2, 0x00, 0x00, 0x21, 0xd3, 0x00, 0x00, 0x21, 0xd4,
  0x00, 0x00, 0x21, 0xd5, 0x00, 0x00, 0x21, 0xd6, 0x00, 0x00, 0x21, 0xd7,
  0x00, 0x00, 0x21, 0xd8, 0x00, 0x00, 0x21, 0xd9, 0x00, 0x00, 0x21, 0xda,
  0x00, 0x00, 0x21, 0xdb, 0x00, 0x00, 0x21, 0xdc, 0x00, 0x00, 0x21, 0xdd,
  0x00, 0x00, 0x21, 0xde, 0x00, 0x00, 0x21, 0xdf, 0x00, 0x00, 0x21, 0xe0,
  0x00, 0x00, 0x21, 0xe1, 0x00, 0x00, 0x21, 0xe2, 0x00, 0x00, 0x21, 0xe3,
  0x00, 0x00, 0x21, 0xe4, 0x00, 0x00, 0x21, 0xe5, 0x00, 0x00, 0x21, 0xe6,
  0x00, 0x00, 0x21, 0xe7, 0x00, 0x00, 0x21, 0xe8, 0x00, 0x00, 0x21, 0xe9,
  0x00, 0x00, 0x21, 0xea, 0x00, 0x00, 0x21, 0xeb, 0x00, 0x00, 0x21, 0xec,
  0x00, 0x00, 0x21, 0xed, 0x00, 0x00, 0x21, 0xee, 0x00, 0x00, 0x21, 0xef,
  0x00, 0x00, 0x21, 0xf0, 0x00, 0x00, 0x21, 0xf1, 0x00, 0x00, 0x21, 0xf2,
  0x00, 0x00, 0x21, 0xf3, 0x00, 0x00, 0x21, 0xf4, 0x00, 0x00, 0x21, 0xf5,
  0x00, 0x00, 0x21, 0xf6, 0x00, 0x00, 0x21, 0xf7, 0x00, 0x00, 0x21, 0xf8,
  0x00, 0x00, 0x21, 0xf9, 0x00, 0x00, 0x21, 0xfa, 0x00, 0x00, 0x21, 0xfb,
  0x00, 0x00, 0x21, 0xfc, 0x00, 0x00, 0x21, 0xfd, 0x00, 0x00, 0x21, 0xfe,
  0x00, 0x00, 0x21, 0xff, 0x00, 0x00, 0x22, 0x00, 0x00, 0x00, 0x22, 0x01,
  0x00, 0x00, 0x22, 0x02, 0x00, 0x00, 0x22, 0x03, 0x00, 0x00, 0x22, 0x04,
  0x00, 0x00, 0x22, 0x05, 0x00, 0x00, 0x22, 0x06, 0x00, 0x00, 0x22, 0x07,
  0x00, 0x00, 0x22, 0x08, 0x00, 0x00, 0x22, 0x09, 0x00, 0x00, 0x22, 0x0a,
  0x00, 0x00, 0x22, 0x0b, 0x00, 0x00, 0x22, 0x0c, 0x00, 0x00, 0x22, 0x0d,
  0x00, 0x00, 0x22, 0x0e, 0x00, 0x00, 0x22, 0x0f, 0x00, 0x00, 0x22, 0x10,
  0x00, 0x00, 0x22, 0x11, 0x00, 0x00, 0x22, 0x12, 0x00, 0x00, 0x22, 0x13,
  0x00, 0x00, 0x22, 0x14, 0x00, 0x00, 0x22, 0x15, 0x00, 0x00, 0x22, 0x16,
  0x00, 0x00, 0x22, 0x17, 0x00, 0x00, 0x22, 0x18, 0x00, 0x00, 0x22, 0x19,
  0x00, 0x00, 0x22, 0x1a, 0x00, 0x00, 0x22, 0x1b, 0x00, 0x00, 0x22, 0x1c,
  0x00, 0x00, 0x22, 0x1d, 0x00, 0x00, 0x22, 0x1e, 0x00, 0x00, 0x22, 0x1f,
  0x00, 0x00, 0x22, 0x20, 0x00, 0x00, 0x22, 0x21, 0x00, 0x00, 0x22, 0x22,
  0x00, 0x00, 0x22, 0x23, 0x00, 0x00, 0x22, 0x24, 0x00, 0x00, 0x22, 0x25,
  0x00, 0x00, 0x22, 0x26, 0x00, 0x00, 0x22, 0x27, 0x00, 0x00, 0x22, 0x28,
  0x00, 0x00, 0x22, 0x29, 0x00, 0x00, 0x22, 0x2a, 0x00, 0x00, 0x22, 0x2b,
  0x00, 0x00, 0x22, 0x2c, 0x00, 0x00, 0x22, 0x2d, 0x00, 0x00, 0x22, 0x2e,
  0x00, 0x00, 0x22, 0x2f, 0x00, 0x00, 0x22, 0x30, 0x00, 0x00, 0x22, 0x31,
  0x00, 0x00, 0x22, 0x32, 0x00, 0x00, 0x22, 0x33, 0x00, 0x00, 0x22, 0x34,
  0x00, 0x00, 0x22, 0x35, 0x00, 0x00, 0x22, 0x36, 0x00, 0x00, 0x22, 0x37,
  0x00, 0x00, 0x22, 0x38, 0x00, 0x00, 0x22, 0x39, 0x00, 0x00, 0x22, 0x3a,
  0x00, 0x00, 0x22, 0x3b, 0x00, 0x00, 0x22, 0x3c, 0x00, 0x00, 0x22, 0x3d,
  0x00, 0x00, 0x22, 0x3e, 0x00, 0x00, 0x22, 0x3f, 0x00, 0x00, 0x22, 0x40,
  0x00, 0x00, 0x22, 0x41, 0x00, 0x00, 0x22, 0x42, 0x00, 0x00, 0x22, 0x43,
  0x00, 0x00, 0x22, 0x44, 0x00, 0x00, 0x22, 0x45, 0x00, 0x00, 0x22, 0x46,
  0x00, 0x00, 0x22, 0x47, 0x00, 0x00, 0x22, 0x48, 0x00, 0x00, 0x22, 0x49,
  0x00, 0x00, 0x22, 0x4a, 0x00, 0x00, 0x22, 0x4b, 0x00, 0x00, 0x22, 0x4c,
  0x00, 0x00, 0x22, 0x4d, 0x00, 0x00, 0x22, 0x4e, 0x00, 0x00, 0x22, 0x4f,
  0x00, 0x00, 0x22, 0x50, 0x00, 0x00, 0x22, 0x51, 0x00, 0x00, 0x22, 0x52,
  0x00, 0x00, 0x22, 0x53, 0x00, 0x00, 0x22, 0x54, 0x00, 0x00, 0x22, 0x55,
  0x00, 0x00, 0x22, 0x56, 0x00, 0x00, 0x22, 0x57, 0x00, 0x00, 0x22, 0x58,
  0x00, 0x00, 0x22, 0x59, 0x00, 0x00, 0x22, 0x5a, 0x00, 0x00, 0x22, 0x5b,
  0x00, 0x00, 0x22, 0x5c, 0x00, 0x00, 0x22, 0x5d, 0x00, 0x00, 0x22, 0x5e,
  0x00, 0x00, 0x22, 0x5f, 0x00, 0x00, 0x22, 0x60, 0x00, 0x00, 0x22, 0x61,
  0x00, 0x00, 0x22, 0x62, 0x00, 0x00, 0x22, 0x63, 0x00, 0x00, 0x22, 0x64,
  0x00, 0x00, 0x22, 0x65, 0x00, 0x00, 0x22, 0x66, 0x00, 0x00, 0x22, 0x67,
  0x00, 0x00, 0x22, 0x68, 0x00, 0x00, 0x22, 0x69, 0x00, 0x00, 0x22, 0x6a,
  0x00, 0x00, 0x22, 0x6b, 0x00, 0x00, 0x22, 0x6c, 0x00, 0x00, 0x22, 0x6d,
  0x00, 0x00, 0x22, 0x6e, 0x00, 0x00, 0x22, 0x6f, 0x00, 0x00, 0x22, 0x70,
  0x00, 0x00, 0x22, 0x71, 0x00, 0x00, 0x22, 0x72, 0x00, 0x00, 0x22, 0x73,
  0x00, 0x00, 0x22, 0x74, 0x00, 0x00, 0x22, 0x75, 0x00, 0x00, 0x22, 0x76,
  0x00, 0x00, 0x22, 0x77, 0x00, 0x00, 0x22, 0x78, 0x00, 0x00, 0x22, 0x79,
  0x00, 0x00, 0x22, 0x7a, 0x00, 0x00, 0x22, 0x7b, 0x00, 0x00, 0x22, 0x7c,
  0x00, 0x00, 0x22, 0x7d, 0x00, 0x00, 0x22, 0x7e, 0x00, 0x00, 0x22, 0x7f,
  0x00, 0x00, 0x22, 0x80, 0x00, 0x00, 0x22, 0x81, 0x00, 0x00, 0x22, 0x82,
  0x00, 0x00, 0x22, 0x83, 0x00, 0x00, 0x22, 0x84, 0x00, 0x00, 0x22, 0x85,
  0x00, 0x00, 0x22, 0x86, 0x00, 0x00, 0x22, 0x87, 0x00, 0x00, 0x22, 0x88,
  0x00, 0x00, 0x22, 0x89, 0x00, 0x00, 0x22, 0x8a, 0x00, 0x00, 0x22, 0x8b,
  0x00, 0x00, 0x22, 0x8c, 0x00, 0x00, 0x22, 0x8d, 0x00, 0x00, 0x22, 0x8e,
  0x00, 0x00, 0x22, 0x8f, 0x00, 0x00, 0x22, 0x90, 0x00, 0x00, 0x22, 0x91,
  0x00, 0x00, 0x22, 0x92, 0x00, 0x00, 0x22, 0x93, 0x00, 0x00, 0x22, 0x94,
  0x00, 0x00, 0x22, 0x95, 0x00, 0x00, 0x22, 0x96, 0x00, 0x00, 0x22, 0x97,
  0x00, 0x00, 0x22, 0x98, 0x00, 0x00, 0x22, 0x99, 0x00, 0x00, 0x22, 0x9a,
  0x00, 0x00, 0x22, 0x9b, 0x00, 0x00, 0x22, 0x9c, 0x00, 0x00, 0x22, 0x9d,
  0x00, 0x00, 0x22, 0x9e, 0x00, 0x00, 0x22, 0x9f, 0x00, 0x00, 0x22, 0xa0,
  0x00, 0x00, 0x22, 0xa1, 0x00, 0x00, 0x22, 0xa2, 0x00, 0x00, 0x22, 0xa3,
  0x00, 0x00, 0x22, 0xa4, 0x00, 0x00, 0x22, 0xa5, 0x00, 0x00, 0x22, 0xa6,
  0x00, 0x00, 0x22, 0xa7, 0x00, 0x00, 0x22, 0xa8, 0x00, 0x00, 0x22, 0xa9,
  0x00, 0x00, 0x22, 0xaa, 0x00, 0x00, 0x22, 0xab, 0x00, 0x00, 0x22, 0xac,
  0x00, 0x00, 0x22, 0xad, 0x00, 0x00, 0x22, 0xae, 0x00, 0x00, 0x22, 0xaf,
  0x00, 0x00, 0x22, 0xb0, 0x00, 0x00, 0x22, 0xb1, 0x00, 0x00, 0x22, 0xb2,
  0x00, 0x00, 0x22, 0xb3, 0x00, 0x00, 0x22, 0xb4, 0x00, 0x00, 0x22, 0xb5,
  0x00, 0x00, 0x22, 0xb6, 0x00, 0x00, 0x22, 0xb7, 0x00, 0x00, 0x22, 0xb8,
  0x00, 0x00, 0x22, 0xb9, 0x00, 0x00, 0x22, 0xba, 0x00, 0x00, 0x22, 0xbb,
  0x00, 0x00, 0x22, 0xbc, 0x00, 0x00, 0x22, 0xbd, 0x00, 0x00, 0x22, 0xbe,
  0x00, 0x00, 0x22, 0xbf, 0x00, 0x00, 0x22, 0xc0, 0x00, 0x00, 0x22, 0xc1,
  0x00, 0x00, 0x22, 0xc2, 0x00, 0x00, 0x22, 0xc3, 0x00, 0x00, 0x22, 0xc4,
  0x00, 0x00, 0x22, 0xc5, 0x00, 0x00, 0x22, 0xc6, 0x00, 0x00, 0x22, 0xc7,
  0x00, 0x00, 0x22, 0xc8, 0x00, 0x00, 0x22, 0xc9, 0x00, 0x00, 0x22, 0xca,
  0x00, 0x00, 0x22, 0xcb, 0x00, 0x00, 0x22, 0xcc, 0x00, 0x00, 0x22, 0xcd,
  0x00, 0x00, 0x22, 0xce, 0x00, 0x00, 0x22, 0xcf, 0x00, 0x00, 0x22, 0xd0,
  0x00, 0x00, 0x22, 0xd1, 0x00, 0x00, 0x22, 0xd2, 0x00, 0x00, 0x22, 0xd3,
  0x00, 0x00, 0x22, 0xd4, 0x00, 0x00, 0x22, 0xd5, 0x00, 0x00, 0x22, 0xd6,
  0x00, 0x00, 0x22, 0xd7, 0x00, 0x00, 0x22, 0xd8, 0x00, 0x00, 0x22, 0xd9,
  0x00, 0x00, 0x22, 0xda, 0x00, 0x00, 0x22, 0xdb, 0x00, 0x00, 0x22, 0xdc,
  0x00, 0x00, 0x22, 0xdd, 0x00, 0x00, 0x22, 0xde, 0x00, 0x00, 0x22, 0xdf,
  0x00, 0x00, 0x22, 0xe0, 0x00, 0x00, 0x22, 0xe1, 0x00, 0x00, 0x22, 0xe2,
  0x00, 0x00, 0x22, 0xe3, 0x00, 0x00, 0x22, 0xe4, 0x00, 0x00, 0x22, 0xe5,
  0x00, 0x00, 0x22, 0xe6, 0x00, 0x00, 0x22, 0xe7, 0x00, 0x00, 0x22, 0xe8,
  0x00, 0x00, 0x22, 0xe9, 0x00, 0x00, 0x22, 0xea, 0x00, 0x00, 0x22, 0xeb,
  0x00, 0x00, 0x22, 0xec, 0x00, 0x00, 0x22, 0xed, 0x00, 0x00, 0x22, 0xee,
  0x00, 0x00, 0x22, 0xef, 0x00, 0x00, 0x22, 0xf0, 0x00, 0x00, 0x22, 0xf1,
  0x00, 0x00, 0x22, 0xf2, 0x00, 0x00, 0x22, 0xf3, 0x00, 0x00, 0x22, 0xf4,
  0x00, 0x00, 0x22, 0xf5, 0x00, 0x00, 0x22, 0xf6, 0x00, 0x00, 0x22, 0xf7,
  0x00, 0x00, 0x22, 0xf8, 0x00, 0x00, 0x22, 0xf9, 0x00, 0x00, 0x22, 0xfa,
  0x00, 0x00, 0x22, 0xfb, 0x00, 0x00, 0x22, 0xfc, 0x00, 0x00, 0x22, 0xfd,
  0x00, 0x00, 0x22, 0xfe, 0x00, 0x00, 0x22, 0xff, 0x00, 0x00, 0x23, 0x00,
  0x00, 0x00, 0x23, 0x01, 0x00, 0x00, 0x23, 0x02, 0x00, 0x00, 0x23, 0x03,
  0x00, 0x00, 0x23, 0x04, 0x00, 0x00, 0x23, 0x05, 0x00, 0x00, 0x23, 0x06,
  0x00, 0x00, 0x23, 0x07, 0x00, 0x00, 0x23, 0x08, 0x00, 0x00, 0x23, 0x09,
  0x00, 0x00, 0x23, 0x0a, 0x00, 0x00, 0x23, 0x0b, 0x00, 0x00, 0x23, 0x0c,
  0x00, 0x00, 0x23, 0x0d, 0x00, 0x00, 0x23, 0x0e, 0x00, 0x00, 0x23, 0x0f,
  0x00, 0x00, 0x23, 0x10, 0x00, 0x00, 0x23, 0x11, 0x00, 0x00, 0x23, 0x12,
  0x00, 0x00, 0x23, 0x13, 0x00, 0x00, 0x23, 0x14, 0x00, 0x00, 0x23, 0x15,
  0x00, 0x00, 0x23, 0x16, 0x00, 0x00, 0x23, 0x17, 0x00, 0x00, 0x23, 0x18,
  0x00, 0x00, 0x23, 0x19, 0x00, 0x00, 0x23, 0x1a, 0x00, 0x00, 0x23, 0x1b,
  0x00, 0x00, 0x23, 0x1c, 0x00, 0x00, 0x23, 0x1d, 0x00, 0x00, 0x23, 0x1e,
  0x00, 0x00, 0x23, 0x1f, 0x00, 0x00, 0x23, 0x20, 0x00, 0x00, 0x23, 0x21,
  0x00, 0x00, 0x23, 0x22, 0x00, 0x00, 0x23, 0x23, 0x00, 0x00, 0x23, 0x24,
  0x00, 0x00, 0x23, 0x25, 0x00, 0x00, 0x23, 0x26, 0x00, 0x00, 0x23, 0x27,
  0x00, 0x00, 0x23, 0x28, 0x00, 0x00, 0x23, 0x29, 0x00, 0x00, 0x23, 0x2a,
  0x00, 0x00, 0x23, 0x2b, 0x00, 0x00, 0x23, 0x2c, 0x00, 0x00, 0x23, 0x2d,
  0x00, 0x00, 0x23, 0x2e, 0x00, 0x00, 0x23, 0x2f, 0x00, 0x00, 0x23, 0x30,
  0x00, 0x00, 0x23, 0x31, 0x00, 0x00, 0x23, 0x32, 0x00, 0x00, 0x23, 0x33,
  0x00, 0x00, 0x23, 0x34, 0x00, 0x00, 0x23, 0x35, 0x00, 0x00, 0x23, 0x36,
  0x00, 0x00, 0x23, 0x37, 0x00, 0x00, 0x23, 0x38, 0x00, 0x00, 0x23, 0x39,
  0x00, 0x00, 0x23, 0x3a, 0x00, 0x00, 0x23, 0x3b, 0x00, 0x00, 0x23, 0x3c,
  0x00, 0x00, 0x23, 0x3d, 0x00, 0x00, 0x23, 0x3e, 0x00, 0x00, 0x23, 0x3f,
  0x00, 0x00, 0x23, 0x40, 0x00, 0x00, 0x23, 0x41, 0x00, 0x00, 0x23, 0x42,
  0x00, 0x00, 0x23, 0x43, 0x00, 0x00, 0x23, 0x44, 0x00, 0x00, 0x23, 0x45,
  0x00, 0x00, 0x23, 0x46, 0x00, 0x00, 0x23, 0x47, 0x00, 0x00, 0x23, 0x48,
  0x00, 0x00, 0x23, 0x49, 0x00, 0x00, 0x23, 0x4a, 0x00, 0x00, 0x23, 0x4b,
  0x00, 0x00, 0x23, 0x4c, 0x00, 0x00, 0x23, 0x4d, 0x00, 0x00, 0x23, 0x4e,
  0x00, 0x00, 0x23, 0x4f, 0x00, 0x00, 0x23, 0x50, 0x00, 0x00, 0x23, 0x51,
  0x00, 0x00, 0x23, 0x52, 0x00, 0x00, 0x23, 0x53, 0x00, 0x00, 0x23, 0x54,
  0x00, 0x00, 0x23, 0x55, 0x00, 0x00, 0x23, 0x56, 0x00, 0x00, 0x23, 0x57,
  0x00, 0x00, 0x23, 0x58, 0x00, 0x00, 0x23, 0x59, 0x00, 0x00, 0x23, 0x5a,
  0x00, 0x00, 0x23, 0x5b, 0x00, 0x00, 0x23, 0x5c, 0x00, 0x00, 0x23, 0x5d,
  0x00, 0x00, 0x23, 0x5e, 0x00, 0x00, 0x23, 0x5f, 0x00, 0x00, 0x23, 0x60,
  0x00, 0x00, 0x23, 0x61, 0x00, 0x00, 0x23, 0x62, 0x00, 0x00, 0x23, 0x63,
  0x00, 0x00, 0x23, 0x64, 0x00, 0x00, 0x23, 0x65, 0x00, 0x00, 0x23, 0x66,
  0x00, 0x00, 0x23, 0x67, 0x00, 0x00, 0x23, 0x68, 0x00, 0x00, 0x23, 0x69,
  0x00, 0x00, 0x23, 0x6a, 0x00, 0x00, 0x23, 0x6b, 0x00, 0x00, 0x23, 0x6c,
  0x00, 0x00, 0x23, 0x6d, 0x00, 0x00, 0x23, 0x6e, 0x00, 0x00, 0x23, 0x6f,
  0x00, 0x00, 0x23, 0x70, 0x00, 0x00, 0x23, 0x71, 0x00, 0x00, 0x23, 0x72,
  0x00, 0x00, 0x23, 0x73, 0x00, 0x00, 0x23, 0x74, 0x00, 0x00, 0x23, 0x75,
  0x00, 0x00, 0x23, 0x76, 0x00, 0x00, 0x23, 0x77, 0x00, 0x00, 0x23, 0x78,
  0x00, 0x00, 0x23, 0x79, 0x00, 0x00, 0x23, 0x7a, 0x00, 0x00, 0x23, 0x7b,
  0x00, 0x00, 0x23, 0x7c, 0x00, 0x00, 0x23, 0x7d, 0x00, 0x00, 0x23, 0x7e,
  0x00, 0x00, 0x23, 0x7f, 0x00, 0x00, 0x23, 0x80, 0x00, 0x00, 0x23, 0x81,
  0x00, 0x00, 0x23, 0x82, 0x00, 0x00, 0x23, 0x83, 0x00, 0x00, 0x23, 0x84,
  0x00, 0x00, 0x23, 0x85, 0x00, 0x00, 0x23, 0x86, 0x00, 0x00, 0x23, 0x87,
  0x00, 0x00, 0x23, 0x88, 0x00, 0x00, 0x23, 0x89, 0x00, 0x00, 0x23, 0x8a,
  0x00, 0x00, 0x23, 0x8b, 0x00, 0x00, 0x23, 0x8c, 0x00, 0x00, 0x23, 0x8d,
  0x00, 0x00, 0x23, 0x8e, 0x00, 0x00, 0x23, 0x8f, 0x00, 0x00, 0x23, 0x90,
  0x00, 0x00, 0x23, 0x91, 0x00, 0x00, 0x23, 0x92, 0x00, 0x00, 0x23, 0x93,
  0x00, 0x00, 0x23, 0x94, 0x00, 0x00, 0x23, 0x95, 0x00, 0x00, 0x23, 0x96,
  0x00, 0x00, 0x23, 0x97, 0x00, 0x00, 0x23, 0x98, 0x00, 0x00, 0x23, 0x99,
  0x00, 0x00, 0x23, 0x9a, 0x00, 0x00, 0x23, 0x9b, 0x00, 0x00, 0x23, 0x9c,
  0x00, 0x00, 0x23, 0x9d, 0x00, 0x00, 0x23, 0x9e, 0x00, 0x00, 0x23, 0x9f,
  0x00, 0x00, 0x23, 0xa0, 0x00, 0x00, 0x23, 0xa1, 0x00, 0x00, 0x23, 0xa2,
  0x00, 0x00, 0x23, 0xa3, 0x00, 0x00, 0x23, 0xa4, 0x00, 0x00, 0x23, 0xa5,
  0x00, 0x00, 0x23, 0xa6, 0x00, 0x00, 0x23, 0xa7, 0x00, 0x00, 0x23, 0xa8,
  0x00, 0x00, 0x23, 0xa9, 0x00, 0x00, 0x23, 0xaa, 0x00, 0x00, 0x23, 0xab,
  0x00, 0x00, 0x23, 0xac, 0x00, 0x00, 0x23, 0xad, 0x00, 0x00, 0x23, 0xae,
  0x00, 0x00, 0x23, 0xaf, 0x00, 0x00, 0x23, 0xb0, 0x00, 0x00, 0x23, 0xb1,
  0x00, 0x00, 0x23, 0xb2, 0x00, 0x00, 0x23, 0xb3, 0x00, 0x00, 0x23, 0xb4,
  0x00, 0x00, 0x23, 0xb5, 0x00, 0x00, 0x23, 0xb6, 0x00, 0x00, 0x23, 0xb7,
  0x00, 0x00, 0x23, 0xb8, 0x00, 0x00, 0x23, 0xb9, 0x00, 0x00, 0x23, 0xba,
  0x00, 0x00, 0x23, 0xbb, 0x00, 0x00, 0x23, 0xbc, 0x00, 0x00, 0x23, 0xbd,
  0x00, 0x00, 0x23, 0xbe, 0x00, 0x00, 0x23, 0xbf, 0x00, 0x00, 0x23, 0xc0,
  0x00, 0x00, 0x23, 0xc1, 0x00, 0x00, 0x23, 0xc2, 0x00, 0x00, 0x23, 0xc3,
  0x00, 0x00, 0x23, 0xc4, 0x00, 0x00, 0x23, 0xc5, 0x00, 0x00, 0x23, 0xc6,
  0x00, 0x00, 0x23, 0xc7, 0x00, 0x00, 0x23, 0xc8, 0x00, 0x00, 0x23, 0xc9,
  0x00, 0x00, 0x23, 0xca, 0x00, 0x00, 0x23, 0xcb, 0x00, 0x00, 0x23, 0xcc,
  0x00, 0x00, 0x23, 0xcd, 0x00, 0x00, 0x23, 0xce, 0x00, 0x00, 0x23, 0xcf,
  0x00, 0x00, 0x23, 0xd0, 0x00, 0x00, 0x23, 0xd1, 0x00, 0x00, 0x23, 0xd2,
  0x00, 0x00, 0x23, 0xd3, 0x00, 0x00, 0x23, 0xd4, 0x00, 0x00, 0x23, 0xd5,
  0x00, 0x00, 0x23, 0xd6, 0x00, 0x00, 0x23, 0xd7, 0x00, 0x00, 0x23, 0xd8,
  0x00, 0x00, 0x23, 0xd9, 0x00, 0x00, 0x23, 0xda, 0x00, 0x00, 0x23, 0xdb,
  0x00, 0x00, 0x23, 0xdc, 0x00, 0x00, 0x23, 0xdd, 0x00, 0x00, 0x23, 0xde,
  0x00, 0x00, 0x23, 0xdf, 0x00, 0x00, 0x23, 0xe0, 0x00, 0x00, 0x23, 0xe1,
  0x00, 0x00, 0x23, 0xe2, 0x00, 0x00, 0x23, 0xe3, 0x00, 0x00, 0x23, 0xe4,
  0x00, 0x00, 0x23, 0xe5, 0x00, 0x00, 0x23, 0xe6, 0x00, 0x00, 0x23, 0xe7,
  0x00, 0x00, 0x23, 0xe8, 0x00, 0x00, 0x23, 0xe9, 0x00, 0x00, 0x23, 0xea,
  0x00, 0x00, 0x23, 0xeb, 0x00, 0x00, 0x23, 0xec, 0x00, 0x00, 0x23, 0xed,
  0x00, 0x00, 0x23, 0xee, 0x00, 0x00, 0x23, 0xef, 0x00, 0x00, 0x23, 0xf0,
  0x00, 0x00, 0x23, 0xf1, 0x00, 0x00, 0x23, 0xf2, 0x00, 0x00, 0x23, 0xf3,
  0x00, 0x00, 0x23, 0xf4, 0x00, 0x00, 0x23, 0xf5, 0x00, 0x00, 0x23, 0xf6,
  0x00, 0x00, 0x23, 0xf7, 0x00, 0x00, 0x23, 0xf8, 0x00, 0x00, 0x23, 0xf9,
  0x00, 0x00, 0x23, 0xfa, 0x00, 0x00, 0x23, 0xfb, 0x00, 0x00, 0x23, 0xfc,
  0x00, 0x00, 0x23, 0xfd, 0x00, 0x00, 0x23, 0xfe, 0x00, 0x00, 0x23, 0xff,
  0x00, 0x00, 0x24, 0x00, 0x00, 0x00, 0x24, 0x01, 0x00, 0x00, 0x24, 0x02,
  0x00, 0x00, 0x24, 0x03, 0x00, 0x00, 0x24, 0x04, 0x00, 0x00, 0x24, 0x05,
  0x00, 0x00, 0x24, 0x06, 0x00, 0x00, 0x24, 0x07, 0x00, 0x00, 0x24, 0x08,
  0x00, 0x00, 0x24, 0x09, 0x00, 0x00, 0x24, 0x0a, 0x00, 0x00, 0x24, 0x0b,
  0x00, 0x00, 0x24, 0x0c, 0x00, 0x00, 0x24, 0x0d, 0x00, 0x00, 0x24, 0x0e,
  0x00, 0x00, 0x24, 0x0f, 0x00, 0x00, 0x24, 0x10, 0x00, 0x00, 0x24, 0x11,
  0x00, 0x00, 0x24, 0x12, 0x00, 0x00, 0x24, 0x13, 0x00, 0x00, 0x24, 0x14,
  0x00, 0x00, 0x24, 0x15, 0x00, 0x00, 0x24, 0x16, 0x00, 0x00, 0x24, 0x17,
  0x00, 0x00, 0x24, 0x18, 0x00, 0x00, 0x24, 0x19, 0x00, 0x00, 0x24, 0x1a,
  0x00, 0x00, 0x24, 0x1b, 0x00, 0x00, 0x24, 0x1c, 0x00, 0x00, 0x24, 0x1d,
  0x00, 0x00, 0x24, 0x1e, 0x00, 0x00, 0x24, 0x1f, 0x00, 0x00, 0x24, 0x20,
  0x00, 0x00, 0x24, 0x21, 0x00, 0x00, 0x24, 0x22, 0x00, 0x00, 0x24, 0x23,
  0x00, 0x00, 0x24, 0x24, 0x00, 0x00, 0x24, 0x25, 0x00, 0x00, 0x24, 0x26,
  0x00, 0x00, 0x24, 0x27, 0x00, 0x00, 0x24, 0x28, 0x00, 0x00, 0x24, 0x29,
  0x00, 0x00, 0x24, 0x2a, 0x00, 0x00, 0x24, 0x2b, 0x00, 0x00, 0x24, 0x2c,
  0x00, 0x00, 0x24, 0x2d, 0x00, 0x00, 0x24, 0x2e, 0x00, 0x00, 0x24, 0x2f,
  0x00, 0x00, 0x24, 0x30, 0x00, 0x00, 0x24, 0x31, 0x00, 0x00, 0x24, 0x32,
  0x00, 0x00, 0x24, 0x33, 0x00, 0x00, 0x24, 0x34, 0x00, 0x00, 0x24, 0x35,
  0x00, 0x00, 0x24, 0x36, 0x00, 0x00, 0x24, 0x37, 0x00, 0x00, 0x24, 0x38,
  0x00, 0x00, 0x24, 0x39, 0x00, 0x00, 0x24, 0x3a, 0x00, 0x00, 0x24, 0x3b,
  0x00, 0x00, 0x24, 0x3c, 0x00, 0x00, 0x24, 0x3d, 0x00, 0x00, 0x24, 0x3e,
  0x00, 0x00, 0x24, 0x3f, 0x00, 0x00, 0x24, 0x40, 0x00, 0x00, 0x24, 0x41,
  0x00, 0x00, 0x24, 0x42, 0x00, 0x00, 0x24, 0x43, 0x00, 0x00, 0x24, 0x44,
  0x00, 0x00, 0x24, 0x45, 0x00, 0x00, 0x24, 0x46, 0x00, 0x00, 0x24, 0x47,
  0x00, 0x00, 0x24, 0x48, 0x00, 0x00, 0x24, 0x49, 0x00, 0x00, 0x24, 0x4a,
  0x00, 0x00, 0x24, 0x4b, 0x00, 0x00, 0x24, 0x4c, 0x00, 0x00, 0x24, 0x4d,
  0x00, 0x00, 0x24, 0x4e, 0x00, 0x00, 0x24, 0x4f, 0x00, 0x00, 0x24, 0x50,
  0x00, 0x00, 0x24, 0x51, 0x00, 0x00, 0x24, 0x52, 0x00, 0x00, 0x24, 0x53,
  0x00, 0x00, 0x24, 0x54, 0x00, 0x00, 0x24, 0x55, 0x00, 0x00, 0x24, 0x56,
  0x00, 0x00, 0x24, 0x57, 0x00, 0x00, 0x24, 0x58, 0x00, 0x00, 0x24, 0x59,
  0x00, 0x00, 0x24, 0x5a, 0x00, 0x00, 0x24, 0x5b, 0x00, 0x00, 0x24, 0x5c,
  0x00, 0x00, 0x24, 0x5d, 0x00, 0x00, 0x24, 0x5e, 0x00, 0x00, 0x24, 0x5f,
  0x00, 0x00, 0x24, 0x60, 0x00, 0x00, 0x24, 0x61, 0x00, 0x00, 0x24, 0x62,
  0x00, 0x00, 0x24, 0x63, 0x00, 0x00, 0x24, 0x64, 0x00, 0x00, 0x24, 0x65,
  0x00, 0x00, 0x24, 0x66, 0x00, 0x00, 0x24, 0x67, 0x00, 0x00, 0x24, 0x68,
  0x00, 0x00, 0x24, 0x69, 0x00, 0x00, 0x24, 0x6a, 0x00, 0x00, 0x24, 0x6b,
  0x00, 0x00, 0x24, 0x6c, 0x00, 0x00, 0x24, 0x6d, 0x00, 0x00, 0x24, 0x6e,
  0x00, 0x00, 0x24, 0x6f, 0x00, 0x00, 0x24, 0x70, 0x00, 0x00, 0x24, 0x71,
  0x00, 0x00, 0x24, 0x72, 0x00, 0x00, 0x24, 0x73, 0x00, 0x00, 0x24, 0x74,
  0x00, 0x00, 0x24, 0x75, 0x00, 0x00, 0x24, 0x76, 0x00, 0x00, 0x24, 0x77,
  0x00, 0x00, 0x24, 0x78, 0x00, 0x00, 0x24, 0x79, 0x00, 0x00, 0x24, 0x7a,
  0x00, 0x00, 0x24, 0x7b, 0x00, 0x00, 0x24, 0x7c, 0x00, 0x00, 0x24, 0x7d,
  0x00, 0x00, 0x24, 0x7e, 0x00, 0x00, 0x24, 0x7f, 0x00, 0x00, 0x24, 0x80,
  0x00, 0x00, 0x24, 0x81, 0x00, 0x00, 0x24, 0x82, 0x00, 0x00, 0x24, 0x83,
  0x00, 0x00, 0x24, 0x84, 0x00, 0x00, 0x24, 0x85, 0x00, 0x00, 0x24, 0x86,
  0x00, 0x00, 0x24, 0x87, 0x00, 0x00, 0x24, 0x88, 0x00, 0x00, 0x24, 0x89,
  0x00, 0x00, 0x24, 0x8a, 0x00, 0x00, 0x24, 0x8b, 0x00, 0x00, 0x24, 0x8c,
  0x00, 0x00, 0x24, 0x8d, 0x00, 0x00, 0x24, 0x8e, 0x00, 0x00, 0x24, 0x8f,
  0x00, 0x00, 0x24, 0x90, 0x00, 0x00, 0x24, 0x91, 0x00, 0x00, 0x24, 0x92,
  0x00, 0x00, 0x24, 0x93, 0x00, 0x00, 0x24, 0x94, 0x00, 0x00, 0x24, 0x95,
  0x00, 0x00, 0x24, 0x96, 0x00, 0x00, 0x24, 0x97, 0x00, 0x00, 0x24, 0x98,
  0x00, 0x00, 0x24, 0x99, 0x00, 0x00, 0x24, 0x9a, 0x00, 0x00, 0x24, 0x9b,
  0x00, 0x00, 0x24, 0x9c, 0x00, 0x00, 0x24, 0x9d, 0x00, 0x00, 0x24, 0x9e,
  0x00, 0x00, 0x24, 0x9f, 0x00, 0x00, 0x24, 0xa0, 0x00, 0x00, 0x24, 0xa1,
  0x00, 0x00, 0x24, 0xa2, 0x00, 0x00, 0x24, 0xa3, 0x00, 0x00, 0x24, 0xa4,
  0x00, 0x00, 0x24, 0xa5, 0x00, 0x00, 0x24, 0xa6, 0x00, 0x00, 0x24, 0xa7,
  0x00, 0x00, 0x24, 0xa8, 0x00, 0x00, 0x24, 0xa9, 0x00, 0x00, 0x24, 0xaa,
  0x00, 0x00, 0x24, 0xab, 0x00, 0x00, 0x24, 0xac, 0x00, 0x00, 0x24, 0xad,
  0x00, 0x00, 0x24, 0xae, 0x00, 0x00, 0x24, 0xaf, 0x00, 0x00, 0x24, 0xb0,
  0x00, 0x00, 0x24, 0xb1, 0x00, 0x00, 0x24, 0xb2, 0x00, 0x00, 0x24, 0xb3,
  0x00, 0x00, 0x24, 0xb4, 0x00, 0x00, 0x24, 0xb5, 0x00, 0x00, 0x24, 0xb6,
  0x00, 0x00, 0x24, 0xb7, 0x00, 0x00, 0x24, 0xb8, 0x00, 0x00, 0x24, 0xb9,
  0x00, 0x00, 0x24, 0xba, 0x00, 0x00, 0x24, 0xbb, 0x00, 0x00, 0x24, 0xbc,
  0x00, 0x00, 0x24, 0xbd, 0x00, 0x00, 0x24, 0xbe, 0x00, 0x00, 0x24, 0xbf,
  0x00, 0x00, 0x24, 0xc0, 0x00, 0x00, 0x24, 0xc1, 0x00, 0x00, 0x24, 0xc2,
  0x00, 0x00, 0x24, 0xc3, 0x00, 0x00, 0x24, 0xc4, 0x00, 0x00, 0x24, 0xc5,
  0x00, 0x00, 0x24, 0xc6, 0x00, 0x00, 0x24, 0xc7, 0x00, 0x00, 0x24, 0xc8,
  0x00, 0x00, 0x24, 0xc9, 0x00, 0x00, 0x24, 0xca, 0x00, 0x00, 0x24, 0xcb,
  0x00, 0x00, 0x24, 0xcc, 0x00, 0x00, 0x24, 0xcd, 0x00, 0x00, 0x24, 0xce,
  0x00, 0x00, 0x24, 0xcf, 0x00, 0x00, 0x24, 0xd0, 0x00, 0x00, 0x24, 0xd1,
  0x00, 0x00, 0x24, 0xd2, 0x00, 0x00, 0x24, 0xd3, 0x00, 0x00, 0x24, 0xd4,
  0x00, 0x00, 0x24, 0xd5, 0x00, 0x00, 0x24, 0xd6, 0x00, 0x00, 0x24, 0xd7,
  0x00, 0x00, 0x24, 0xd8, 0x00, 0x00, 0x24, 0xd9, 0x00, 0x00, 0x24, 0xda,
  0x00, 0x00, 0x24, 0xdb, 0x00, 0x00, 0x24, 0xdc, 0x00, 0x00, 0x24, 0xdd,
  0x00, 0x00, 0x24, 0xde, 0x00, 0x00, 0x24, 0xdf, 0x00, 0x00, 0x24, 0xe0,
  0x00, 0x00, 0x24, 0xe1, 0x00, 0x00, 0x24, 0xe2, 0x00, 0x00, 0x24, 0xe3,
  0x00, 0x00, 0x24, 0xe4, 0x00, 0x00, 0x24, 0xe5, 0x00, 0x00, 0x24, 0xe6,
  0x00, 0x00, 0x24, 0xe7, 0x00, 0x00, 0x24, 0xe8, 0x00, 0x00, 0x24, 0xe9,
  0x00, 0x00, 0x24, 0xea, 0x00, 0x00, 0x24, 0xeb, 0x00, 0x00, 0x24, 0xec,
  0x00, 0x00, 0x24, 0xed, 0x00, 0x00, 0x24, 0xee, 0x00, 0x00, 0x24, 0xef,
  0x00, 0x00, 0x24, 0xf0, 0x00, 0x00, 0x24, 0xf1, 0x00, 0x00, 0x24, 0xf2,
  0x00, 0x00, 0x24, 0xf3, 0x00, 0x00, 0x24, 0xf4, 0x00, 0x00, 0x24, 0xf5,
  0x00, 0x00, 0x24, 0xf6, 0x00, 0x00, 0x24, 0xf7, 0x00, 0x00, 0x24, 0xf8,
  0x00, 0x00, 0x24, 0xf9, 0x00, 0x00, 0x24, 0xfa, 0x00, 0x00, 0x24, 0xfb,
  0x00, 0x00, 0x24, 0xfc, 0x00, 0x00, 0x24, 0xfd, 0x00, 0x00, 0x24, 0xfe,
  0x00, 0x00, 0x24, 0xff, 0x00, 0x00, 0x25, 0x00, 0x00, 0x00, 0x25, 0x01,
  0x00, 0x00, 0x25, 0x02, 0x00, 0x00, 0x25, 0x03, 0x00, 0x00, 0x25, 0x04,
  0x00, 0x00, 0x25, 0x05, 0x00, 0x00, 0x25, 0x06, 0x00, 0x00, 0x25, 0x07,
  0x00, 0x00, 0x25, 0x08, 0x00, 0x00, 0x25, 0x09, 0x00, 0x00, 0x25, 0x0a,
  0x00, 0x00, 0x25, 0x0b, 0x00, 0x00, 0x25, 0x0c, 0x00, 0x00, 0x25, 0x0d,
  0x00, 0x00, 0x25, 0x0e, 0x00, 0x00, 0x25, 0x0f, 0x00, 0x00, 0x25, 0x10,
  0x00, 0x00, 0x25, 0x11, 0x00, 0x00, 0x25, 0x12, 0x00, 0x00, 0x25, 0x13,
  0x00, 0x00, 0x25, 0x14, 0x00, 0x00, 0x25, 0x15, 0x00, 0x00, 0x25, 0x16,
  0x00, 0x00, 0x25, 0x17, 0x00, 0x00, 0x25, 0x18, 0x00, 0x00, 0x25, 0x19,
  0x00, 0x00, 0x25, 0x1a, 0x00, 0x00, 0x25, 0x1b, 0x00, 0x00, 0x25, 0x1c,
  0x00, 0x00, 0x25, 0x1d, 0x00, 0x00, 0x25, 0x1e, 0x00, 0x00, 0x25, 0x1f,
  0x00, 0x00, 0x25, 0x20, 0x00, 0x00, 0x25, 0x21, 0x00, 0x00, 0x25, 0x22,
  0x00, 0x00, 0x25, 0x23, 0x00, 0x00, 0x25, 0x24, 0x00, 0x00, 0x25, 0x25,
  0x00, 0x00, 0x25, 0x26, 0x00, 0x00, 0x25, 0x27, 0x00, 0x00, 0x25, 0x28,
  0x00, 0x00, 0x25, 0x29, 0x00, 0x00, 0x25, 0x2a, 0x00, 0x00, 0x25, 0x2b,
  0x00, 0x00, 0x25, 0x2c, 0x00, 0x00, 0x25, 0x2d, 0x00, 0x00, 0x25, 0x2e,
  0x00, 0x00, 0x25, 0x2f, 0x00, 0x00, 0x25, 0x30, 0x00, 0x00, 0x25, 0x31,
  0x00, 0x00, 0x25, 0x32, 0x00, 0x00, 0x25, 0x33, 0x00, 0x00, 0x25, 0x34,
  0x00, 0x00, 0x25, 0x35, 0x00, 0x00, 0x25, 0x36, 0x00, 0x00, 0x25, 0x37,
  0x00, 0x00, 0x25, 0x38, 0x00, 0x00, 0x25, 0x39, 0x00, 0x00, 0x25, 0x3a,
  0x00, 0x00, 0x25, 0x3b, 0x00, 0x00, 0x25, 0x3c, 0x00, 0x00, 0x25, 0x3d,
  0x00, 0x00, 0x25, 0x3e, 0x00, 0x00, 0x25, 0x3f, 0x00, 0x00, 0x25, 0x40,
  0x00, 0x00, 0x25, 0x41, 0x00, 0x00, 0x25, 0x42, 0x00, 0x00, 0x25, 0x43,
  0x00, 0x00, 0x25, 0x44, 0x00, 0x00, 0x25, 0x45, 0x00, 0x00, 0x25, 0x46,
  0x00, 0x00, 0x25, 0x47, 0x00, 0x00, 0x25, 0x48, 0x00, 0x00, 0x25, 0x49,
  0x00, 0x00, 0x25, 0x4a, 0x00, 0x00, 0x25, 0x4b, 0x00, 0x00, 0x25, 0x4c,
  0x00, 0x00, 0x25, 0x4d, 0x00, 0x00, 0x25, 0x4e, 0x00, 0x00, 0x25, 0x4f,
  0x00, 0x00, 0x25, 0x50, 0x00, 0x00, 0x25, 0x51, 0x00, 0x00, 0x25, 0x52,
  0x00, 0x00, 0x25, 0x53, 0x00, 0x00, 0x25, 0x54, 0x00, 0x00, 0x25, 0x55,
  0x00, 0x00, 0x25, 0x56, 0x00, 0x00, 0x25, 0x57, 0x00, 0x00, 0x25, 0x58,
  0x00, 0x00, 0x25, 0x59, 0x00, 0x00, 0x25, 0x5a, 0x00, 0x00, 0x25, 0x5b,
  0x00, 0x00, 0x25, 0x5c, 0x00, 0x00, 0x25, 0x5d, 0x00, 0x00, 0x25, 0x5e,
  0x00, 0x00, 0x25, 0x5f, 0x00, 0x00, 0x25, 0x60, 0x00, 0x00, 0x25, 0x61,
  0x00, 0x00, 0x25, 0x62, 0x00, 0x00, 0x25, 0x63, 0x00, 0x00, 0x25, 0x64,
  0x00, 0x00, 0x25, 0x65, 0x00, 0x00, 0x25, 0x66, 0x00, 0x00, 0x25, 0x67,
  0x00, 0x00, 0x25, 0x68, 0x00, 0x00, 0x25, 0x69, 0x00, 0x00, 0x25, 0x6a,
  0x00, 0x00, 0x25, 0x6b, 0x00, 0x00, 0x25, 0x6c, 0x00, 0x00, 0x25, 0x6d,
  0x00, 0x00, 0x25, 0x6e, 0x00, 0x00, 0x25, 0x6f, 0x00, 0x00, 0x25, 0x70,
  0x00, 0x00, 0x25, 0x71, 0x00, 0x00, 0x25, 0x72, 0x00, 0x00, 0x25, 0x73,
  0x00, 0x00, 0x25, 0x74, 0x00, 0x00, 0x25, 0x75, 0x00, 0x00, 0x25, 0x76,
  0x00, 0x00, 0x25, 0x77, 0x00, 0x00, 0x25, 0x78, 0x00, 0x00, 0x25, 0x79,
  0x00, 0x00, 0x25, 0x7a, 0x00, 0x00, 0x25, 0x7b, 0x00, 0x00, 0x25, 0x7c,
  0x00, 0x00, 0x25, 0x7d, 0x00, 0x00, 0x25, 0x7e, 0x00, 0x00, 0x25, 0x7f,
  0x00, 0x00, 0x25, 0x80, 0x00, 0x00, 0x25, 0x81, 0x00, 0x00, 0x25, 0x82,
  0x00, 0x00, 0x25, 0x83, 0x00, 0x00, 0x25, 0x84, 0x00, 0x00, 0x25, 0x85,
  0x00, 0x00, 0x25, 0x86, 0x00, 0x00, 0x25, 0x87, 0x00, 0x00, 0x25, 0x88,
  0x00, 0x00, 0x25, 0x89, 0x00, 0x00, 0x25, 0x8a, 0x00, 0x00, 0x25, 0x8b,
  0x00, 0x00, 0x25, 0x8c, 0x00, 0x00, 0x25, 0x8d, 0x00, 0x00, 0x25, 0x8e,
  0x00, 0x00, 0x25, 0x8f, 0x00, 0x00, 0x25, 0x90, 0x00, 0x00, 0x25, 0x91,
  0x00, 0x00, 0x25, 0x92, 0x00, 0x00, 0x25, 0x93, 0x00, 0x00, 0x25, 0x94,
  0x00, 0x00, 0x25, 0x95, 0x00, 0x00, 0x25, 0x96, 0x00, 0x00, 0x25, 0x97,
  0x00, 0x00, 0x25, 0x98, 0x00, 0x00, 0x25, 0x99, 0x00, 0x00, 0x25, 0x9a,
  0x00, 0x00, 0x25, 0x9b, 0x00, 0x00, 0x25, 0x9c, 0x00, 0x00, 0x25, 0x9d,
  0x00, 0x00, 0x25, 0x9e, 0x00, 0x00, 0x25, 0x9f, 0x00, 0x00, 0x25, 0xa0,
  0x00, 0x00, 0x25, 0xa1, 0x00, 0x00, 0x25, 0xa2, 0x00, 0x00, 0x25, 0xa3,
  0x00, 0x00, 0x25, 0xa4, 0x00, 0x00, 0x25, 0xa5, 0x00, 0x00, 0x25, 0xa6,
  0x00, 0x00, 0x25, 0xa7, 0x00, 0x00, 0x25, 0xa8, 0x00, 0x00, 0x25, 0xa9,
  0x00, 0x00, 0x25, 0xaa, 0x00, 0x00, 0x25, 0xab, 0x00, 0x00, 0x25, 0xac,
  0x00, 0x00, 0x25, 0xad, 0x00, 0x00, 0x25, 0xae, 0x00, 0x00, 0x25, 0xaf,
  0x00, 0x00, 0x25, 0xb0, 0x00, 0x00, 0x25, 0xb1, 0x00, 0x00, 0x25, 0xb2,
  0x00, 0x00, 0x25, 0xb3, 0x00, 0x00, 0x25, 0xb4, 0x00, 0x00, 0x25, 0xb5,
  0x00, 0x00, 0x25, 0xb6, 0x00, 0x00, 0x25, 0xb7, 0x00, 0x00, 0x25, 0xb8,
  0x00, 0x00, 0x25, 0xb9, 0x00, 0x00, 0x25, 0xba, 0x00, 0x00, 0x25, 0xbb,
  0x00, 0x00, 0x25, 0xbc, 0x00, 0x00, 0x25, 0xbd, 0x00, 0x00, 0x25, 0xbe,
  0x00, 0x00, 0x25, 0xbf, 0x00, 0x00, 0x25, 0xc0, 0x00, 0x00, 0x25, 0xc1,
  0x00, 0x00, 0x25, 0xc2, 0x00, 0x00, 0x25, 0xc3, 0x00, 0x00, 0x25, 0xc4,
  0x00, 0x00, 0x25, 0xc5, 0x00, 0x00, 0x25, 0xc6, 0x00, 0x00, 0x25, 0xc7,
  0x00, 0x00, 0x25, 0xc8, 0x00, 0x00, 0x25, 0xc9, 0x00, 0x00, 0x25, 0xca,
  0x00, 0x00, 0x25, 0xcb, 0x00, 0x00, 0x25, 0xcc, 0x00, 0x00, 0x25, 0xcd,
  0x00, 0x00, 0x25, 0xce, 0x00, 0x00, 0x25, 0xcf, 0x00, 0x00, 0x25, 0xd0,
  0x00, 0x00, 0x25, 0xd1, 0x00, 0x00, 0x25, 0xd2, 0x00, 0x00, 0x25, 0xd3,
  0x00, 0x00, 0x25, 0xd4, 0x00, 0x00, 0x25, 0xd5, 0x00, 0x00, 0x25, 0xd6,
  0x00, 0x00, 0x25, 0xd7, 0x00, 0x00, 0x25, 0xd8, 0x00, 0x00, 0x25, 0xd9,
  0x00, 0x00, 0x25, 0xda, 0x00, 0x00, 0x25, 0xdb, 0x00, 0x00, 0x25, 0xdc,
  0x00, 0x00, 0x25, 0xdd, 0x00, 0x00, 0x25, 0xde, 0x00, 0x00, 0x25, 0xdf,
  0x00, 0x00, 0x25, 0xe0, 0x00, 0x00, 0x25, 0xe1, 0x00, 0x00, 0x25, 0xe2,
  0x00, 0x00, 0x25, 0xe3, 0x00, 0x00, 0x25, 0xe4, 0x00, 0x00, 0x25, 0xe5,
  0x00, 0x00, 0x25, 0xe6, 0x00, 0x00, 0x25, 0xe7, 0x00, 0x00, 0x25, 0xe8,
  0x00, 0x00, 0x25, 0xe9, 0x00, 0x00, 0x25, 0xea, 0x00, 0x00, 0x25, 0xeb,
  0x00, 0x00, 0x25, 0xec, 0x00, 0x00, 0x25, 0xed, 0x00, 0x00, 0x25, 0xee,
  0x00, 0x00, 0x25, 0xef, 0x00, 0x00, 0x25, 0xf0, 0x00, 0x00, 0x25, 0xf1,
  0x00, 0x00, 0x25, 0xf2, 0x00, 0x00, 0x25, 0xf3, 0x00, 0x00, 0x25, 0xf4,
  0x00, 0x00, 0x25, 0xf5, 0x00, 0x00, 0x25, 0xf6, 0x00, 0x00, 0x25, 0xf7,
  0x00, 0x00, 0x25, 0xf8, 0x00, 0x00, 0x25, 0xf9, 0x00, 0x00, 0x25, 0xfa,
  0x00, 0x00, 0x25, 0xfb, 0x00, 0x00, 0x25, 0xfc, 0x00, 0x00, 0x25, 0xfd,
  0x00, 0x00, 0x25, 0xfe, 0x00, 0x00, 0x25, 0xff, 0x00, 0x00, 0x26, 0x00,
  0x00, 0x00, 0x26, 0x01, 0x00, 0x00, 0x26, 0x02, 0x00, 0x00, 0x26, 0x03,
  0x00, 0x00, 0x26, 0x04, 0x00, 0x00, 0x26, 0x05, 0x00, 0x00, 0x26, 0x06,
  0x00, 0x00, 0x26, 0x07, 0x00, 0x00, 0x26, 0x08, 0x00, 0x00, 0x26, 0x09,
  0x00, 0x00, 0x26, 0x0a, 0x00, 0x00, 0x26, 0x0b, 0x00, 0x00, 0x26, 0x0c,
  0x00, 0x00, 0x26, 0x0d, 0x00, 0x00, 0x26, 0x0e, 0x00, 0x00, 0x26, 0x0f,
  0x00, 0x00, 0x26, 0x10, 0x00, 0x00, 0x26, 0x11, 0x00, 0x00, 0x26, 0x12,
  0x00, 0x00, 0x26, 0x13, 0x00, 0x00, 0x26, 0x14, 0x00, 0x00, 0x26, 0x15,
  0x00, 0x00, 0x26, 0x16, 0x00, 0x00, 0x26, 0x17, 0x00, 0x00, 0x26, 0x18,
  0x00, 0x00, 0x26, 0x19, 0x00, 0x00, 0x26, 0x1a, 0x00, 0x00, 0x26, 0x1b,
  0x00, 0x00, 0x26, 0x1c, 0x00, 0x00, 0x26, 0x1d, 0x00, 0x00, 0x26, 0x1e,
  0x00, 0x00, 0x26, 0x1f, 0x00, 0x00, 0x26, 0x20, 0x00, 0x00, 0x26, 0x21,
  0x00, 0x00, 0x26, 0x22, 0x00, 0x00, 0x26, 0x23, 0x00, 0x00, 0x26, 0x24,
  0x00, 0x00, 0x26, 0x25, 0x00, 0x00, 0x26, 0x26, 0x00, 0x00, 0x26, 0x27,
  0x00, 0x00, 0x26, 0x28, 0x00, 0x00, 0x26, 0x29, 0x00, 0x00, 0x26, 0x2a,
  0x00, 0x00, 0x26, 0x2b, 0x00, 0x00, 0x26, 0x2c, 0x00, 0x00, 0x26, 0x2d,
  0x00, 0x00, 0x26, 0x2e, 0x00, 0x00, 0x26, 0x2f, 0x00, 0x00, 0x26, 0x30,
  0x00, 0x00, 0x26, 0x31, 0x00, 0x00, 0x26, 0x32, 0x00, 0x00, 0x26, 0x33,
  0x00, 0x00, 0x26, 0x34, 0x00, 0x00, 0x26, 0x35, 0x00, 0x00, 0x26, 0x36,
  0x00, 0x00, 0x26, 0x37, 0x00, 0x00, 0x26, 0x38, 0x00, 0x00, 0x26, 0x39,
  0x00, 0x00, 0x26, 0x3a, 0x00, 0x00, 0x26, 0x3b, 0x00, 0x00, 0x26, 0x3c,
  0x00, 0x00, 0x26, 0x3d, 0x00, 0x00, 0x26, 0x3e, 0x00, 0x00, 0x26, 0x3f,
  0x00, 0x00, 0x26, 0x40, 0x00, 0x00, 0x26, 0x41, 0x00, 0x00, 0x26, 0x42,
  0x00, 0x00, 0x26, 0x43, 0x00, 0x00, 0x26, 0x44, 0x00, 0x00, 0x26, 0x45,
  0x00, 0x00, 0x26, 0x46, 0x00, 0x00, 0x26, 0x47, 0x00, 0x00, 0x26, 0x48,
  0x00, 0x00, 0x26, 0x49, 0x00, 0x00, 0x26, 0x4a, 0x00, 0x00, 0x26, 0x4b,
  0x00, 0x00, 0x26, 0x4c, 0x00, 0x00, 0x26, 0x4d, 0x00, 0x00, 0x26, 0x4e,
  0x00, 0x00, 0x26, 0x4f, 0x00, 0x00, 0x26, 0x50, 0x00, 0x00, 0x26, 0x51,
  0x00, 0x00, 0x26, 0x52, 0x00, 0x00, 0x26, 0x53, 0x00, 0x00, 0x26, 0x54,
  0x00, 0x00, 0x26, 0x55, 0x00, 0x00, 0x26, 0x56, 0x00, 0x00, 0x26, 0x57,
  0x00, 0x00, 0x26, 0x58, 0x00, 0x00, 0x26, 0x59, 0x00, 0x00, 0x26, 0x5a,
  0x00, 0x00, 0x26, 0x5b, 0x00, 0x00, 0x26, 0x5c, 0x00, 0x00, 0x26, 0x5d,
  0x00, 0x00, 0x26, 0x5e, 0x00, 0x00, 0x26, 0x5f, 0x00, 0x00, 0x26, 0x60,
  0x00, 0x00, 0x26, 0x61, 0x00, 0x00, 0x26, 0x62, 0x00, 0x00, 0x26, 0x63,
  0x00, 0x00, 0x26, 0x64, 0x00, 0x00, 0x26, 0x65, 0x00, 0x00, 0x26, 0x66,
  0x00, 0x00, 0x26, 0x67, 0x00, 0x00, 0x26, 0x68, 0x00, 0x00, 0x26, 0x69,
  0x00, 0x00, 0x26, 0x6a, 0x00, 0x00, 0x26, 0x6b, 0x00, 0x00, 0x26, 0x6c,
  0x00, 0x00, 0x26, 0x6d, 0x00, 0x00, 0x26, 0x6e, 0x00, 0x00, 0x26, 0x6f,
  0x00, 0x00, 0x26, 0x70, 0x00, 0x00, 0x26, 0x71, 0x00, 0x00, 0x26, 0x72,
  0x00, 0x00, 0x26, 0x73, 0x00, 0x00, 0x26, 0x74, 0x00, 0x00, 0x26, 0x75,
  0x00, 0x00, 0x26, 0x76, 0x00, 0x00, 0x26, 0x77, 0x00, 0x00, 0x26, 0x78,
  0x00, 0x00, 0x26, 0x79, 0x00, 0x00, 0x26, 0x7a, 0x00, 0x00, 0x26, 0x7b,
  0x00, 0x00, 0x26, 0x7c, 0x00, 0x00, 0x26, 0x7d, 0x00, 0x00, 0x26, 0x7e,
  0x00, 0x00, 0x26, 0x7f, 0x00, 0x00, 0x26, 0x80, 0x00, 0x00, 0x26, 0x81,
  0x00, 0x00, 0x26, 0x82, 0x00, 0x00, 0x26, 0x83, 0x00, 0x00, 0x26, 0x84,
  0x00, 0x00, 0x26, 0x85, 0x00, 0x00, 0x26, 0x86, 0x00, 0x00, 0x26, 0x87,
  0x00, 0x00, 0x26, 0x88, 0x00, 0x00, 0x26, 0x89, 0x00, 0x00, 0x26, 0x8a,
  0x00, 0x00, 0x26, 0x8b, 0x00, 0x00, 0x26, 0x8c, 0x00, 0x00, 0x26, 0x8d,
  0x00, 0x00, 0x26, 0x8e, 0x00, 0x00, 0x26, 0x8f, 0x00, 0x00, 0x26, 0x90,
  0x00, 0x00, 0x26, 0x91, 0x00, 0x00, 0x26, 0x92, 0x00, 0x00, 0x26, 0x93,
  0x00, 0x00, 0x26, 0x94, 0x00, 0x00, 0x26, 0x95, 0x00, 0x00, 0x26, 0x96,
  0x00, 0x00, 0x26, 0x97, 0x00, 0x00, 0x26, 0x98, 0x00, 0x00, 0x26, 0x99,
  0x00, 0x00, 0x26, 0x9a, 0x00, 0x00, 0x26, 0x9b, 0x00, 0x00, 0x26, 0x9c,
  0x00, 0x00, 0x26, 0x9d, 0x00, 0x00, 0x26, 0x9e, 0x00, 0x00, 0x26, 0x9f,
  0x00, 0x00, 0x26, 0xa0, 0x00, 0x00, 0x26, 0xa1, 0x00, 0x00, 0x26, 0xa2,
  0x00, 0x00, 0x26, 0xa3, 0x00, 0x00, 0x26, 0xa4, 0x00, 0x00, 0x26, 0xa5,
  0x00, 0x00, 0x26, 0xa6, 0x00, 0x00, 0x26, 0xa7, 0x00, 0x00, 0x26, 0xa8,
  0x00, 0x00, 0x26, 0xa9, 0x00, 0x00, 0x26, 0xaa, 0x00, 0x00, 0x26, 0xab,
  0x00, 0x00, 0x26, 0xac, 0x00, 0x00, 0x26, 0xad, 0x00, 0x00, 0x26, 0xae,
  0x00, 0x00, 0x26, 0xaf, 0x00, 0x00, 0x26, 0xb0, 0x00, 0x00, 0x26, 0xb1,
  0x00, 0x00, 0x26, 0xb2, 0x00, 0x00, 0x26, 0xb3, 0x00, 0x00, 0x26, 0xb4,
  0x00, 0x00, 0x26, 0xb5, 0x00, 0x00, 0x26, 0xb6, 0x00, 0x00, 0x26, 0xb7,
  0x00, 0x00, 0x26, 0xb8, 0x00, 0x00, 0x26, 0xb9, 0x00, 0x00, 0x26, 0xba,
  0x00, 0x00, 0x26, 0xbb, 0x00, 0x00, 0x26, 0xbc, 0x00, 0x00, 0x26, 0xbd,
  0x00, 0x00, 0x26, 0xbe, 0x00, 0x00, 0x26, 0xbf, 0x00, 0x00, 0x26, 0xc0,
  0x00, 0x00, 0x26, 0xc1, 0x00, 0x00, 0x26, 0xc2, 0x00, 0x00, 0x26, 0xc3,
  0x00, 0x00, 0x26, 0xc4, 0x00, 0x00, 0x26, 0xc5, 0x00, 0x00, 0x26, 0xc6,
  0x00, 0x00, 0x26, 0xc7, 0x00, 0x00, 0x26, 0xc8, 0x00, 0x00, 0x26, 0xc9,
  0x00, 0x00, 0x26, 0xca, 0x00, 0x00, 0x26, 0xcb, 0x00, 0x00, 0x26, 0xcc,
  0x00, 0x00, 0x26, 0xcd, 0x00, 0x00, 0x26, 0xce, 0x00, 0x00, 0x26, 0xcf,
  0x00, 0x00, 0x26, 0xd0, 0x00, 0x00, 0x26, 0xd1, 0x00, 0x00, 0x26, 0xd2,
  0x00, 0x00, 0x26, 0xd3, 0x00, 0x00, 0x26, 0xd4, 0x00, 0x00, 0x26, 0xd5,
  0x00, 0x00, 0x26, 0xd6, 0x00, 0x00, 0x26, 0xd7, 0x00, 0x00, 0x26, 0xd8,
  0x00, 0x00, 0x26, 0xd9, 0x00, 0x00, 0x26, 0xda, 0x00, 0x00, 0x26, 0xdb,
  0x00, 0x00, 0x26, 0xdc, 0x00, 0x00, 0x26, 0xdd, 0x00, 0x00, 0x26, 0xde,
  0x00, 0x00, 0x26, 0xdf, 0x00, 0x00, 0x26, 0xe0, 0x00, 0x00, 0x26, 0xe1,
  0x00, 0x00, 0x26, 0xe2, 0x00, 0x00, 0x26, 0xe3, 0x00, 0x00, 0x26, 0xe4,
  0x00, 0x00, 0x26, 0xe5, 0x00, 0x00, 0x26, 0xe6, 0x00, 0x00, 0x26, 0xe7,
  0x00, 0x00, 0x26, 0xe8, 0x00, 0x00, 0x26, 0xe9, 0x00, 0x00, 0x26, 0xea,
  0x00, 0x00, 0x26, 0xeb, 0x00, 0x00, 0x26, 0xec, 0x00, 0x00, 0x26, 0xed,
  0x00, 0x00, 0x26, 0xee, 0x00, 0x00, 0x26, 0xef, 0x00, 0x00, 0x26, 0xf0,
  0x00, 0x00, 0x26, 0xf1, 0x00, 0x00, 0x26, 0xf2, 0x00, 0x00, 0x26, 0xf3,
  0x00, 0x00, 0x26, 0xf4, 0x00, 0x00, 0x26, 0xf5, 0x00, 0x00, 0x26, 0xf6,
  0x00, 0x00, 0x26, 0xf7, 0x00, 0x00, 0x26, 0xf8, 0x00, 0x00, 0x26, 0xf9,
  0x00, 0x00, 0x26, 0xfa, 0x00, 0x00, 0x26, 0xfb, 0x00, 0x00, 0x26, 0xfc,
  0x00, 0x00, 0x26, 0xfd, 0x00, 0x00, 0x26, 0xfe, 0x00, 0x00, 0x26, 0xff,
  0x00, 0x00, 0x27, 0x00, 0x00, 0x00, 0x27, 0x01, 0x00, 0x00, 0x27, 0x02,
  0x00, 0x00, 0x27, 0x03, 0x00, 0x00, 0x27, 0x04, 0x00, 0x00, 0x27, 0x05,
  0x00, 0x00, 0x27, 0x06, 0x00, 0x00, 0x27, 0x07, 0x00, 0x00, 0x27, 0x08,
  0x00, 0x00, 0x27, 0x09, 0x00, 0x00, 0x27, 0x0a, 0x00, 0x00, 0x27, 0x0b,
  0x00, 0x00, 0x27, 0x0c, 0x00, 0x00, 0x27, 0x0d, 0x00, 0x00, 0x27, 0x0e,
  0x00, 0x00, 0x27, 0x0f, 0x00, 0x00, 0x27, 0x10, 0x00, 0x00, 0x27, 0x11,
  0x00, 0x00, 0x27, 0x12, 0x00, 0x00, 0x27, 0x13, 0x00, 0x00, 0x27, 0x14,
  0x00, 0x00, 0x27, 0x15, 0x00, 0x00, 0x27, 0x16, 0x00, 0x00, 0x27, 0x17,
  0x00, 0x00, 0x27, 0x18, 0x00, 0x00, 0x27, 0x19, 0x00, 0x00, 0x27, 0x1a,
  0x00, 0x00, 0x27, 0x1b, 0x00, 0x00, 0x27, 0x1c, 0x00, 0x00, 0x27, 0x1d,
  0x00, 0x00, 0x27, 0x1e, 0x00, 0x00, 0x27, 0x1f, 0x00, 0x00, 0x27, 0x20,
  0x00, 0x00, 0x27, 0x21, 0x00, 0x00, 0x27, 0x22, 0x00, 0x00, 0x27, 0x23,
  0x00, 0x00, 0x27, 0x24, 0x00, 0x00, 0x27, 0x25, 0x00, 0x00, 0x27, 0x26,
  0x00, 0x00, 0x27, 0x27, 0x00, 0x00, 0x27, 0x28, 0x00, 0x00, 0x27, 0x29,
  0x00, 0x00, 0x27, 0x2a, 0x00, 0x00, 0x27, 0x2b, 0x00, 0x00, 0x27, 0x2c,
  0x00, 0x00, 0x27, 0x2d, 0x00, 0x00, 0x27, 0x2e, 0x00, 0x00, 0x27, 0x2f,
  0x00, 0x00, 0x27, 0x30, 0x00, 0x00, 0x27, 0x31, 0x00, 0x00, 0x27, 0x32,
  0x00, 0x00, 0x27, 0x33, 0x00, 0x00, 0x27, 0x34, 0x00, 0x00, 0x27, 0x35,
  0x00, 0x00, 0x27, 0x36, 0x00, 0x00, 0x27, 0x37, 0x00, 0x00, 0x27, 0x38,
  0x00, 0x00, 0x27, 0x39, 0x00, 0x00, 0x27, 0x3a, 0x00, 0x00, 0x27, 0x3b,
  0x00, 0x00, 0x27, 0x3c, 0x00, 0x00, 0x27, 0x3d, 0x00, 0x00, 0x27, 0x3e,
  0x00, 0x00, 0x27, 0x3f, 0x00, 0x00, 0x27, 0x40, 0x00, 0x00, 0x27, 0x41,
  0x00, 0x00, 0x27, 0x42, 0x00, 0x00, 0x27, 0x43, 0x00, 0x00, 0x27, 0x44,
  0x00, 0x00, 0x27, 0x45, 0x00, 0x00, 0x27, 0x46, 0x00, 0x00, 0x27, 0x47,
  0x00, 0x00, 0x27, 0x48, 0x00, 0x00, 0x27, 0x49, 0x00, 0x00, 0x27, 0x4a,
  0x00, 0x00, 0x27, 0x4b, 0x00, 0x00, 0x27, 0x4c, 0x00, 0x00, 0x27, 0x4d,
  0x00, 0x00, 0x27, 0x4e, 0x00, 0x00, 0x27, 0x4f, 0x00, 0x00, 0x27, 0x50,
  0x00, 0x00, 0x27, 0x51, 0x00, 0x00, 0x27, 0x52, 0x00, 0x00, 0x27, 0x53,
  0x00, 0x00, 0x27, 0x54, 0x00, 0x00, 0x27, 0x55, 0x00, 0x00, 0x27, 0x56,
  0x00, 0x00, 0x27, 0x57, 0x00, 0x00, 0x27, 0x58, 0x00, 0x00, 0x27, 0x59,
  0x00, 0x00, 0x27, 0x5a, 0x00, 0x00, 0x27, 0x5b, 0x00, 0x00, 0x27, 0x5c,
  0x00, 0x00, 0x27, 0x5d, 0x00, 0x00, 0x27, 0x5e, 0x00, 0x00, 0x27, 0x5f,
  0x00, 0x00, 0x27, 0x60, 0x00, 0x00, 0x27, 0x61, 0x00, 0x00, 0x27, 0x62,
  0x00, 0x00, 0x27, 0x63, 0x00, 0x00, 0x27, 0x64, 0x00, 0x00, 0x27, 0x65,
  0x00, 0x00, 0x27, 0x66, 0x00, 0x00, 0x27, 0x67, 0x00, 0x00, 0x27, 0x68,
  0x00, 0x00, 0x27, 0x69, 0x00, 0x00, 0x27, 0x6a, 0x00, 0x00, 0x27, 0x6b,
  0x00, 0x00, 0x27, 0x6c, 0x00, 0x00, 0x27, 0x6d, 0x00, 0x00, 0x27, 0x6e,
  0x00, 0x00, 0x27, 0x6f, 0x00, 0x00, 0x27, 0x70, 0x00, 0x00, 0x27, 0x71,
  0x00, 0x00, 0x27, 0x72, 0x00, 0x00, 0x27, 0x73, 0x00, 0x00, 0x27, 0x74,
  0x00, 0x00, 0x27, 0x75, 0x00, 0x00, 0x27, 0x76, 0x00, 0x00, 0x27, 0x77,
  0x00, 0x00, 0x27, 0x78, 0x00, 0x00, 0x27, 0x79, 0x00, 0x00, 0x27, 0x7a,
  0x00, 0x00, 0x27, 0x7b, 0x00, 0x00, 0x27, 0x7c, 0x00, 0x00, 0x27, 0x7d,
  0x00, 0x00, 0x27, 0x7e, 0x00, 0x00, 0x27, 0x7f, 0x00, 0x00, 0x27, 0x80,
  0x00, 0x00, 0x27, 0x81, 0x00, 0x00, 0x27, 0x82, 0x00, 0x00, 0x27, 0x83,
  0x00, 0x00, 0x27, 0x84, 0x00, 0x00, 0x27, 0x85, 0x00, 0x00, 0x27, 0x86,
  0x00, 0x00, 0x27, 0x87, 0x00, 0x00, 0x27, 0x88, 0x00, 0x00, 0x27, 0x89,
  0x00, 0x00, 0x27, 0x8a, 0x00, 0x00, 0x27, 0x8b, 0x00, 0x00, 0x27, 0x8c,
  0x00, 0x00, 0x27, 0x8d, 0x00, 0x00, 0x27, 0x8e, 0x00, 0x00, 0x27, 0x8f,
  0x00, 0x00, 0x27, 0x90, 0x00, 0x00, 0x27, 0x91, 0x00, 0x00, 0x27, 0x92,
  0x00, 0x00, 0x27, 0x93, 0x00, 0x00, 0x27, 0x94, 0x00, 0x00, 0x27, 0x95,
  0x00, 0x00, 0x27, 0x96, 0x00, 0x00, 0x27, 0x97, 0x00, 0x00, 0x27, 0x98,
  0x00, 0x00, 0x27, 0x99, 0x00, 0x00, 0x27, 0x9a, 0x00, 0x00, 0x27, 0x9b,
  0x00, 0x00, 0x27, 0x9c, 0x00, 0x00, 0x27, 0x9d, 0x00, 0x00, 0x27, 0x9e,
  0x00, 0x00, 0x27, 0x9f, 0x00, 0x00, 0x27, 0xa0, 0x00, 0x00, 0x27, 0xa1,
  0x00, 0x00, 0x27, 0xa2, 0x00, 0x00, 0x27, 0xa3, 0x00, 0x00, 0x27, 0xa4,
  0x00, 0x00, 0x27, 0xa5, 0x00, 0x00, 0x27, 0xa6, 0x00, 0x00, 0x27, 0xa7,
  0x00, 0x00, 0x27, 0xa8, 0x00, 0x00, 0x27, 0xa9, 0x00, 0x00, 0x27, 0xaa,
  0x00, 0x00, 0x27, 0xab, 0x00, 0x00, 0x27, 0xac, 0x00, 0x00, 0x27, 0xad,
  0x00, 0x00, 0x27, 0xae, 0x00, 0x00, 0x27, 0xaf, 0x00, 0x00, 0x27, 0xb0,
  0x00, 0x00, 0x27, 0xb1, 0x00, 0x00, 0x27, 0xb2, 0x00, 0x00, 0x27, 0xb3,
  0x00, 0x00, 0x27, 0xb4, 0x00, 0x00, 0x27, 0xb5, 0x00, 0x00, 0x27, 0xb6,
  0x00, 0x00, 0x27, 0xb7, 0x00, 0x00, 0x27, 0xb8, 0x00, 0x00, 0x27, 0xb9,
  0x00, 0x00, 0x27, 0xba, 0x00, 0x00, 0x27, 0xbb, 0x00, 0x00, 0x27, 0xbc,
  0x00, 0x00, 0x27, 0xbd, 0x00, 0x00, 0x27, 0xbe, 0x00, 0x00, 0x27, 0xbf,
  0x00, 0x00, 0x27, 0xc0, 0x00, 0x00, 0x27, 0xc1, 0x00, 0x00, 0x27, 0xc2,
  0x00, 0x00, 0x27, 0xc3, 0x00, 0x00, 0x27, 0xc4, 0x00, 0x00, 0x27, 0xc5,
  0x00, 0x00, 0x27, 0xc6, 0x00, 0x00, 0x27, 0xc7, 0x00, 0x00, 0x27, 0xc8,
  0x00, 0x00, 0x27, 0xc9, 0x00, 0x00, 0x27, 0xca, 0x00, 0x00, 0x27, 0xcb,
  0x00, 0x00, 0x27, 0xcc, 0x00, 0x00, 0x27, 0xcd, 0x00, 0x00, 0x27, 0xce,
  0x00, 0x00, 0x27, 0xcf, 0x00, 0x00, 0x27, 0xd0, 0x00, 0x00, 0x27, 0xd1,
  0x00, 0x00, 0x27, 0xd2, 0x00, 0x00, 0x27, 0xd3, 0x00, 0x00, 0x27, 0xd4,
  0x00, 0x00, 0x27, 0xd5, 0x00, 0x00, 0x27, 0xd6, 0x00, 0x00, 0x27, 0xd7,
  0x00, 0x00, 0x27, 0xd8, 0x00, 0x00, 0x27, 0xd9, 0x00, 0x00, 0x27, 0xda,
  0x00, 0x00, 0x27, 0xdb, 0x00, 0x00, 0x27, 0xdc, 0x00, 0x00, 0x27, 0xdd,
  0x00, 0x00, 0x27, 0xde, 0x00, 0x00, 0x27, 0xdf, 0x00, 0x00, 0x27, 0xe0,
  0x00, 0x00, 0x27, 0xe1, 0x00, 0x00, 0x27, 0xe2, 0x00, 0x00, 0x27, 0xe3,
  0x00, 0x00, 0x27, 0xe4, 0x00, 0x00, 0x27, 0xe5, 0x00, 0x00, 0x27, 0xe6,
  0x00, 0x00, 0x27, 0xe7, 0x00, 0x00, 0x27, 0xe8, 0x00, 0x00, 0x27, 0xe9,
  0x00, 0x00, 0x27, 0xea, 0x00, 0x00, 0x27, 0xeb, 0x00, 0x00, 0x27, 0xec,
  0x00, 0x00, 0x27, 0xed, 0x00, 0x00, 0x27, 0xee, 0x00, 0x00, 0x27, 0xef,
  0x00, 0x00, 0x27, 0xf0, 0x00, 0x00, 0x27, 0xf1, 0x00, 0x00, 0x27, 0xf2,
  0x00, 0x00, 0x27, 0xf3, 0x00, 0x00, 0x27, 0xf4, 0x00, 0x00, 0x27, 0xf5,
  0x00, 0x00, 0x27, 0xf6, 0x00, 0x00, 0x27, 0xf7, 0x00, 0x00, 0x27, 0xf8,
  0x00, 0x00, 0x27, 0xf9, 0x00, 0x00, 0x27, 0xfa, 0x00, 0x00, 0x27, 0xfb,
  0x00, 0x00, 0x27, 0xfc, 0x00, 0x00, 0x27, 0xfd, 0x00, 0x00, 0x27, 0xfe,
  0x00, 0x00, 0x27, 0xff, 0x00, 0x00, 0x28, 0x00, 0x00, 0x00, 0x28, 0x01,
  0x00, 0x00, 0x28, 0x02, 0x00, 0x00, 0x28, 0x03, 0x00, 0x00, 0x28, 0x04,
  0x00, 0x00, 0x28, 0x05, 0x00, 0x00, 0x28, 0x06, 0x00, 0x00, 0x28, 0x07,
  0x00, 0x00, 0x28, 0x08, 0x00, 0x00, 0x28, 0x09, 0x00, 0x00, 0x28, 0x0a,
  0x00, 0x00, 0x28, 0x0b, 0x00, 0x00, 0x28, 0x0c, 0x00, 0x00, 0x28, 0x0d,
  0x00, 0x00, 0x28, 0x0e, 0x00, 0x00, 0x28, 0x0f, 0x00, 0x00, 0x28, 0x10,
  0x00, 0x00, 0x28, 0x11, 0x00, 0x00, 0x28, 0x12, 0x00, 0x00, 0x28, 0x13,
  0x00, 0x00, 0x28, 0x14, 0x00, 0x00, 0x28, 0x15, 0x00, 0x00, 0x28, 0x16,
  0x00, 0x00, 0x28, 0x17, 0x00, 0x00, 0x28, 0x18, 0x00, 0x00, 0x28, 0x19,
  0x00, 0x00, 0x28, 0x1a, 0x00, 0x00, 0x28, 0x1b, 0x00, 0x00, 0x28, 0x1c,
  0x00, 0x00, 0x28, 0x1d, 0x00, 0x00, 0x28, 0x1e, 0x00, 0x00, 0x28, 0x1f,
  0x00, 0x00, 0x28, 0x20, 0x00, 0x00, 0x28, 0x21, 0x00, 0x00, 0x28, 0x22,
  0x00, 0x00, 0x28, 0x23, 0x00, 0x00, 0x28, 0x24, 0x00, 0x00, 0x28, 0x25,
  0x00, 0x00, 0x28, 0x26, 0x00, 0x00, 0x28, 0x27, 0x00, 0x00, 0x28, 0x28,
  0x00, 0x00, 0x28, 0x29, 0x00, 0x00, 0x28, 0x2a, 0x00, 0x00, 0x28, 0x2b,
  0x00, 0x00, 0x28, 0x2c, 0x00, 0x00, 0x28, 0x2d, 0x00, 0x00, 0x28, 0x2e,
  0x00, 0x00, 0x28, 0x2f, 0x00, 0x00, 0x28, 0x30, 0x00, 0x00, 0x28, 0x31,
  0x00, 0x00, 0x28, 0x32, 0x00, 0x00, 0x28, 0x33, 0x00, 0x00, 0x28, 0x34,
  0x00, 0x00, 0x28, 0x35, 0x00, 0x00, 0x28, 0x36, 0x00, 0x00, 0x28, 0x37,
  0x00, 0x00, 0x28, 0x38, 0x00, 0x00, 0x28, 0x39, 0x00, 0x00, 0x28, 0x3a,
  0x00, 0x00, 0x28, 0x3b, 0x00, 0x00, 0x28, 0x3c, 0x00, 0x00, 0x28, 0x3d,
  0x00, 0x00, 0x28, 0x3e, 0x00, 0x00, 0x28, 0x3f, 0x00, 0x00, 0x28, 0x40,
  0x00, 0x00, 0x28, 0x41, 0x00, 0x00, 0x28, 0x42, 0x00, 0x00, 0x28, 0x43,
  0x00, 0x00, 0x28, 0x44, 0x00, 0x00, 0x28, 0x45, 0x00, 0x00, 0x28, 0x46,
  0x00, 0x00, 0x28, 0x47, 0x00, 0x00, 0x28, 0x48, 0x00, 0x00, 0x28, 0x49,
  0x00, 0x00, 0x28, 0x4a, 0x00, 0x00, 0x28, 0x4b, 0x00, 0x00, 0x28, 0x4c,
  0x00, 0x00, 0x28, 0x4d, 0x00, 0x00, 0x28, 0x4e, 0x00, 0x00, 0x28, 0x4f,
  0x00, 0x00, 0x28, 0x50, 0x00, 0x00, 0x28, 0x51, 0x00, 0x00, 0x28, 0x52,
  0x00, 0x00, 0x28, 0x53, 0x00, 0x00, 0x28, 0x54, 0x00, 0x00, 0x28, 0x55,
  0x00, 0x00, 0x28, 0x56, 0x00, 0x00, 0x28, 0x57, 0x00, 0x00, 0x28, 0x58,
  0x00, 0x00, 0x28, 0x59, 0x00, 0x00, 0x28, 0x5a, 0x00, 0x00, 0x28, 0x5b,
  0x00, 0x00, 0x28, 0x5c, 0x00, 0x00, 0x28, 0x5d, 0x00, 0x00, 0x28, 0x5e,
  0x00, 0x00, 0x28, 0x5f, 0x00, 0x00, 0x28, 0x60, 0x00, 0x00, 0x28, 0x61,
  0x00, 0x00, 0x28, 0x62, 0x00, 0x00, 0x28, 0x63, 0x00, 0x00, 0x28, 0x64,
  0x00, 0x00, 0x28, 0x65, 0x00, 0x00, 0x28, 0x66, 0x00, 0x00, 0x28, 0x67,
  0x00, 0x00, 0x28, 0x68, 0x00, 0x00, 0x28, 0x69, 0x00, 0x00, 0x28, 0x6a,
  0x00, 0x00, 0x28, 0x6b, 0x00, 0x00, 0x28, 0x6c, 0x00, 0x00, 0x28, 0x6d,
  0x00, 0x00, 0x28, 0x6e, 0x00, 0x00, 0x28, 0x6f, 0x00, 0x00, 0x28, 0x70,
  0x00, 0x00, 0x28, 0x71, 0x00, 0x00, 0x28, 0x72, 0x00, 0x00, 0x28, 0x73,
  0x00, 0x00, 0x28, 0x74, 0x00, 0x00, 0x28, 0x75, 0x00, 0x00, 0x28, 0x76,
  0x00, 0x00, 0x28, 0x77, 0x00, 0x00, 0x28, 0x78, 0x00, 0x00, 0x28, 0x79,
  0x00, 0x00, 0x28, 0x7a, 0x00, 0x00, 0x28, 0x7b, 0x00, 0x00, 0x28, 0x7c,
  0x00, 0x00, 0x28, 0x7d, 0x00, 0x00, 0x28, 0x7e, 0x00, 0x00, 0x28, 0x7f,
  0x00, 0x00, 0x28, 0x80, 0x00, 0x00, 0x28, 0x81, 0x00, 0x00, 0x28, 0x82,
  0x00, 0x00, 0x28, 0x83, 0x00, 0x00, 0x28, 0x84, 0x00, 0x00, 0x28, 0x85,
  0x00, 0x00, 0x28, 0x86, 0x00, 0x00, 0x28, 0x87, 0x00, 0x00, 0x28, 0x88,
  0x00, 0x00, 0x28, 0x89, 0x00, 0x00, 0x28, 0x8a, 0x00, 0x00, 0x28, 0x8b,
  0x00, 0x00, 0x28, 0x8c, 0x00, 0x00, 0x28, 0x8d, 0x00, 0x00, 0x28, 0x8e,
  0x00, 0x00, 0x28, 0x8f, 0x00, 0x00, 0x28, 0x90, 0x00, 0x00, 0x28, 0x91,
  0x00, 0x00, 0x28, 0x92, 0x00, 0x00, 0x28, 0x93, 0x00, 0x00, 0x28, 0x94,
  0x00, 0x00, 0x28, 0x95, 0x00, 0x00, 0x28, 0x96, 0x00, 0x00, 0x28, 0x97,
  0x00, 0x00, 0x28, 0x98, 0x00, 0x00, 0x28, 0x99, 0x00, 0x00, 0x28, 0x9a,
  0x00, 0x00, 0x28, 0x9b, 0x00, 0x00, 0x28, 0x9c, 0x00, 0x00, 0x28, 0x9d,
  0x00, 0x00, 0x28, 0x9e, 0x00, 0x00, 0x28, 0x9f, 0x00, 0x00, 0x28, 0xa0,
  0x00, 0x00, 0x28, 0xa1, 0x00, 0x00, 0x28, 0xa2, 0x00, 0x00, 0x28, 0xa3,
  0x00, 0x00, 0x28, 0xa4, 0x00, 0x00, 0x28, 0xa5, 0x00, 0x00, 0x28, 0xa6,
  0x00, 0x00, 0x28, 0xa7, 0x00, 0x00, 0x28, 0xa8, 0x00, 0x00, 0x28, 0xa9,
  0x00, 0x00, 0x28, 0xaa, 0x00, 0x00, 0x28, 0xab, 0x00, 0x00, 0x28, 0xac,
  0x00, 0x00, 0x28, 0xad, 0x00, 0x00, 0x28, 0xae, 0x00, 0x00, 0x28, 0xaf,
  0x00, 0x00, 0x28, 0xb0, 0x00, 0x00, 0x28, 0xb1, 0x00, 0x00, 0x28, 0xb2,
  0x00, 0x00, 0x28, 0xb3, 0x00, 0x00, 0x28, 0xb4, 0x00, 0x00, 0x28, 0xb5,
  0x00, 0x00, 0x28, 0xb6, 0x00, 0x00, 0x28, 0xb7, 0x00, 0x00, 0x28, 0xb8,
  0x00, 0x00, 0x28, 0xb9, 0x00, 0x00, 0x28, 0xba, 0x00, 0x00, 0x28, 0xbb,
  0x00, 0x00, 0x28, 0xbc, 0x00, 0x00, 0x28, 0xbd, 0x00, 0x00, 0x28, 0xbe,
  0x00, 0x00, 0x28, 0xbf, 0x00, 0x00, 0x28, 0xc0, 0x00, 0x00, 0x28, 0xc1,
  0x00, 0x00, 0x28, 0xc2, 0x00, 0x00, 0x28, 0xc3, 0x00, 0x00, 0x28, 0xc4,
  0x00, 0x00, 0x28, 0xc5, 0x00, 0x00, 0x28, 0xc6, 0x00, 0x00, 0x28, 0xc7,
  0x00, 0x00, 0x28, 0xc8, 0x00, 0x00, 0x28, 0xc9, 0x00, 0x00, 0x28, 0xca,
  0x00, 0x00, 0x28, 0xcb, 0x00, 0x00, 0x28, 0xcc, 0x00, 0x00, 0x28, 0xcd,
  0x00, 0x00, 0x28, 0xce, 0x00, 0x00, 0x28, 0xcf, 0x00, 0x00, 0x28, 0xd0,
  0x00, 0x00, 0x28, 0xd1, 0x00, 0x00, 0x28, 0xd2, 0x00, 0x00, 0x28, 0xd3,
  0x00, 0x00, 0x28, 0xd4, 0x00, 0x00, 0x28, 0xd5, 0x00, 0x00, 0x28, 0xd6,
  0x00, 0x00, 0x28, 0xd7, 0x00, 0x00, 0x28, 0xd8, 0x00, 0x00, 0x28, 0xd9,
  0x00, 0x00, 0x28, 0xda, 0x00, 0x00, 0x28, 0xdb, 0x00, 0x00, 0x28, 0xdc,
  0x00, 0x00, 0x28, 0xdd, 0x00, 0x00, 0x28, 0xde, 0x00, 0x00, 0x28, 0xdf,
  0x00, 0x00, 0x28, 0xe0, 0x00, 0x00, 0x28, 0xe1, 0x00, 0x00, 0x28, 0xe2,
  0x00, 0x00, 0x28, 0xe3, 0x00, 0x00, 0x28, 0xe4, 0x00, 0x00, 0x28, 0xe5,
  0x00, 0x00, 0x28, 0xe6, 0x00, 0x00, 0x28, 0xe7, 0x00, 0x00, 0x28, 0xe8,
  0x00, 0x00, 0x28, 0xe9, 0x00, 0x00, 0x28, 0xea, 0x00, 0x00, 0x28, 0xeb,
  0x00, 0x00, 0x28, 0xec, 0x00, 0x00, 0x28, 0xed, 0x00, 0x00, 0x28, 0xee,
  0x00, 0x00, 0x28, 0xef, 0x00, 0x00, 0x28, 0xf0, 0x00, 0x00, 0x28, 0xf1,
  0x00, 0x00, 0x28, 0xf2, 0x00, 0x00, 0x28, 0xf3, 0x00, 0x00, 0x28, 0xf4,
  0x00, 0x00, 0x28, 0xf5, 0x00, 0x00, 0x28, 0xf6, 0x00, 0x00, 0x28, 0xf7,
  0x00, 0x00, 0x28, 0xf8, 0x00, 0x00, 0x28, 0xf9, 0x00, 0x00, 0x28, 0xfa,
  0x00, 0x00, 0x28, 0xfb, 0x00, 0x00, 0x28, 0xfc, 0x00, 0x00, 0x28, 0xfd,
  0x00, 0x00, 0x28, 0xfe, 0x00, 0x00, 0x28, 0xff, 0x00, 0x00, 0x29, 0x00,
  0x00, 0x00, 0x29, 0x01, 0x00, 0x00, 0x29, 0x02, 0x00, 0x00, 0x29, 0x03,
  0x00, 0x00, 0x29, 0x04, 0x00, 0x00, 0x29, 0x05, 0x00, 0x00, 0x29, 0x06,
  0x00, 0x00, 0x29, 0x07, 0x00, 0x00, 0x29, 0x08, 0x00, 0x00, 0x29, 0x09,
  0x00, 0x00, 0x29, 0x0a, 0x00, 0x00, 0x29, 0x0b, 0x00, 0x00, 0x29, 0x0c,
  0x00, 0x00, 0x29, 0x0d, 0x00, 0x00, 0x29, 0x0e, 0x00, 0x00, 0x29, 0x0f,
  0x00, 0x00, 0x29, 0x10, 0x00, 0x00, 0x29, 0x11, 0x00, 0x00, 0x29, 0x12,
  0x00, 0x00, 0x29, 0x13, 0x00, 0x00, 0x29, 0x14, 0x00, 0x00, 0x29, 0x15,
  0x00, 0x00, 0x29, 0x16, 0x00, 0x00, 0x29, 0x17, 0x00, 0x00, 0x29, 0x18,
  0x00, 0x00, 0x29, 0x19, 0x00, 0x00, 0x29, 0x1a, 0x00, 0x00, 0x29, 0x1b,
  0x00, 0x00, 0x29, 0x1c, 0x00, 0x00, 0x29, 0x1d, 0x00, 0x00, 0x29, 0x1e,
  0x00, 0x00, 0x29, 0x1f, 0x00, 0x00, 0x29, 0x20, 0x00, 0x00, 0x29, 0x21,
  0x00, 0x00, 0x29, 0x22, 0x00, 0x00, 0x29, 0x23, 0x00, 0x00, 0x29, 0x24,
  0x00, 0x00, 0x29, 0x25, 0x00, 0x00, 0x29, 0x26, 0x00, 0x00, 0x29, 0x27,
  0x00, 0x00, 0x29, 0x28, 0x00, 0x00, 0x29, 0x29, 0x00, 0x00, 0x29, 0x2a,
  0x00, 0x00, 0x29, 0x2b, 0x00, 0x00, 0x29, 0x2c, 0x00, 0x00, 0x29, 0x2d,
  0x00, 0x00, 0x29, 0x2e, 0x00, 0x00, 0x29, 0x2f, 0x00, 0x00, 0x29, 0x30,
  0x00, 0x00, 0x29, 0x31, 0x00, 0x00, 0x29, 0x32, 0x00, 0x00, 0x29, 0x33,
  0x00, 0x00, 0x29, 0x34, 0x00, 0x00, 0x29, 0x35, 0x00, 0x00, 0x29, 0x36,
  0x00, 0x00, 0x29, 0x37, 0x00, 0x00, 0x29, 0x38, 0x00, 0x00, 0x29, 0x39,
  0x00, 0x00, 0x29, 0x3a, 0x00, 0x00, 0x29, 0x3b, 0x00, 0x00, 0x29, 0x3c,
  0x00, 0x00, 0x29, 0x3d, 0x00, 0x00, 0x29, 0x3e, 0x00, 0x00, 0x29, 0x3f,
  0x00, 0x00, 0x29, 0x40, 0x00, 0x00, 0x29, 0x41, 0x00, 0x00, 0x29, 0x42,
  0x00, 0x00, 0x29, 0x43, 0x00, 0x00, 0x29, 0x44, 0x00, 0x00, 0x29, 0x45,
  0x00, 0x00, 0x29, 0x46, 0x00, 0x00, 0x29, 0x47, 0x00, 0x00, 0x29, 0x48,
  0x00, 0x00, 0x29, 0x49, 0x00, 0x00, 0x29, 0x4a, 0x00, 0x00, 0x29, 0x4b,
  0x00, 0x00, 0x29, 0x4c, 0x00, 0x00, 0x29, 0x4d, 0x00, 0x00, 0x29, 0x4e,
  0x00, 0x00, 0x29, 0x4f, 0x00, 0x00, 0x29, 0x50, 0x00, 0x00, 0x29, 0x51,
  0x00, 0x00, 0x29, 0x52, 0x00, 0x00, 0x29, 0x53, 0x00, 0x00, 0x29, 0x54,
  0x00, 0x00, 0x29, 0x55, 0x00, 0x00, 0x29, 0x56, 0x00, 0x00, 0x29, 0x57,
  0x00, 0x00, 0x29, 0x58, 0x00, 0x00, 0x29, 0x59, 0x00, 0x00, 0x29, 0x5a,
  0x00, 0x00, 0x29, 0x5b, 0x00, 0x00, 0x29, 0x5c, 0x00, 0x00, 0x29, 0x5d,
  0x00, 0x00, 0x29, 0x5e, 0x00, 0x00, 0x29, 0x5f, 0x00, 0x00, 0x29, 0x60,
  0x00, 0x00, 0x29, 0x61, 0x00, 0x00, 0x29, 0x62, 0x00, 0x00, 0x29, 0x63,
  0x00, 0x00, 0x29, 0x64, 0x00, 0x00, 0x29, 0x65, 0x00, 0x00, 0x29, 0x66,
  0x00, 0x00, 0x29, 0x67, 0x00, 0x00, 0x29, 0x68, 0x00, 0x00, 0x29, 0x69,
  0x00, 0x00, 0x29, 0x6a, 0x00, 0x00, 0x29, 0x6b, 0x00, 0x00, 0x29, 0x6c,
  0x00, 0x00, 0x29, 0x6d, 0x00, 0x00, 0x29, 0x6e, 0x00, 0x00, 0x29, 0x6f,
  0x00, 0x00, 0x29, 0x70, 0x00, 0x00, 0x29, 0x71, 0x00, 0x00, 0x29, 0x72,
  0x00, 0x00, 0x29, 0x73, 0x00, 0x00, 0x29, 0x74, 0x00, 0x00, 0x29, 0x75,
  0x00, 0x00, 0x29, 0x76, 0x00, 0x00, 0x29, 0x77, 0x00, 0x00, 0x29, 0x78,
  0x00, 0x00, 0x29, 0x79, 0x00, 0x00, 0x29, 0x7a, 0x00, 0x00, 0x29, 0x7b,
  0x00, 0x00, 0x29, 0x7c, 0x00, 0x00, 0x29, 0x7d, 0x00, 0x00, 0x29, 0x7e,
  0x00, 0x00, 0x29, 0x7f, 0x00, 0x00, 0x29, 0x80, 0x00, 0x00, 0x29, 0x81,
  0x00, 0x00, 0x29, 0x82, 0x00, 0x00, 0x29, 0x83, 0x00, 0x00, 0x29, 0x84,
  0x00, 0x00, 0x29, 0x85, 0x00, 0x00, 0x29, 0x86, 0x00, 0x00, 0x29, 0x87,
  0x00, 0x00, 0x29, 0x88, 0x00, 0x00, 0x29, 0x89, 0x00, 0x00, 0x29, 0x8a,
  0x00, 0x00, 0x29, 0x8b, 0x00, 0x00, 0x29, 0x8c, 0x00, 0x00, 0x29, 0x8d,
  0x00, 0x00, 0x29, 0x8e, 0x00, 0x00, 0x29, 0x8f, 0x00, 0x00, 0x29, 0x90,
  0x00, 0x00, 0x29, 0x91, 0x00, 0x00, 0x29, 0x92, 0x00, 0x00, 0x29, 0x93,
  0x00, 0x00, 0x29, 0x94, 0x00, 0x00, 0x29, 0x95, 0x00, 0x00, 0x29, 0x96,
  0x00, 0x00, 0x29, 0x97, 0x00, 0x00, 0x29, 0x98, 0x00, 0x00, 0x29, 0x99,
  0x00, 0x00, 0x29, 0x9a, 0x00, 0x00, 0x29, 0x9b, 0x00, 0x00, 0x29, 0x9c,
  0x00, 0x00, 0x29, 0x9d, 0x00, 0x00, 0x29, 0x9e, 0x00, 0x00, 0x29, 0x9f,
  0x00, 0x00, 0x29, 0xa0, 0x00, 0x00, 0x29, 0xa1, 0x00, 0x00, 0x29, 0xa2,
  0x00, 0x00, 0x29, 0xa3, 0x00, 0x00, 0x29, 0xa4, 0x00, 0x00, 0x29, 0xa5,
  0x00, 0x00, 0x29, 0xa6, 0x00, 0x00, 0x29, 0xa7, 0x00, 0x00, 0x29, 0xa8,
  0x00, 0x00, 0x29, 0xa9, 0x00, 0x00, 0x29, 0xaa, 0x00, 0x00, 0x29, 0xab,
  0x00, 0x00, 0x29, 0xac, 0x00, 0x00, 0x29, 0xad, 0x00, 0x00, 0x29, 0xae,
  0x00, 0x00, 0x29, 0xaf, 0x00, 0x00, 0x29, 0xb0, 0x00, 0x00, 0x29, 0xb1,
  0x00, 0x00, 0x29, 0xb2, 0x00, 0x00, 0x29, 0xb3, 0x00, 0x00, 0x29, 0xb4,
  0x00, 0x00, 0x29, 0xb5, 0x00, 0x00, 0x29, 0xb6, 0x00, 0x00, 0x29, 0xb7,
  0x00, 0x00, 0x29, 0xb8, 0x00, 0x00, 0x29, 0xb9, 0x00, 0x00, 0x29, 0xba,
  0x00, 0x00, 0x29, 0xbb, 0x00, 0x00, 0x29, 0xbc, 0x00, 0x00, 0x29, 0xbd,
  0x00, 0x00, 0x29, 0xbe, 0x00, 0x00, 0x29, 0xbf, 0x00, 0x00, 0x29, 0xc0,
  0x00, 0x00, 0x29, 0xc1, 0x00, 0x00, 0x29, 0xc2, 0x00, 0x00, 0x29, 0xc3,
  0x00, 0x00, 0x29, 0xc4, 0x00, 0x00, 0x29, 0xc5, 0x00, 0x00, 0x29, 0xc6,
  0x00, 0x00, 0x29, 0xc7, 0x00, 0x00, 0x29, 0xc8, 0x00, 0x00, 0x29, 0xc9,
  0x00, 0x00, 0x29, 0xca, 0x00, 0x00, 0x29, 0xcb, 0x00, 0x00, 0x29, 0xcc,
  0x00, 0x00, 0x29, 0xcd, 0x00, 0x00, 0x29, 0xce, 0x00, 0x00, 0x29, 0xcf,
  0x00, 0x00, 0x29, 0xd0, 0x00, 0x00, 0x29, 0xd1, 0x00, 0x00, 0x29, 0xd2,
  0x00, 0x00, 0x29, 0xd3, 0x00, 0x00, 0x29, 0xd4, 0x00, 0x00, 0x29, 0xd5,
  0x00, 0x00, 0x29, 0xd6, 0x00, 0x00, 0x29, 0xd7, 0x00, 0x00, 0x29, 0xd8,
  0x00, 0x00, 0x29, 0xd9, 0x00, 0x00, 0x29, 0xda, 0x00, 0x00, 0x29, 0xdb,
  0x00, 0x00, 0x29, 0xdc, 0x00, 0x00, 0x29, 0xdd, 0x00, 0x00, 0x29, 0xde,
  0x00, 0x00, 0x29, 0xdf, 0x00, 0x00, 0x29, 0xe0, 0x00, 0x00, 0x29, 0xe1,
  0x00, 0x00, 0x29, 0xe2, 0x00, 0x00, 0x29, 0xe3, 0x00, 0x00, 0x29, 0xe4,
  0x00, 0x00, 0x29, 0xe5, 0x00, 0x00, 0x29, 0xe6, 0x00, 0x00, 0x29, 0xe7,
  0x00, 0x00, 0x29, 0xe8, 0x00, 0x00, 0x29, 0xe9, 0x00, 0x00, 0x29, 0xea,
  0x00, 0x00, 0x29, 0xeb, 0x00, 0x00, 0x29, 0xec, 0x00, 0x00, 0x29, 0xed,
  0x00, 0x00, 0x29, 0xee, 0x00, 0x00, 0x29, 0xef, 0x00, 0x00, 0x29, 0xf0,
  0x00, 0x00, 0x29, 0xf1, 0x00, 0x00, 0x29, 0xf2, 0x00, 0x00, 0x29, 0xf3,
  0x00, 0x00, 0x29, 0xf4, 0x00, 0x00, 0x29, 0xf5, 0x00, 0x00, 0x29, 0xf6,
  0x00, 0x00, 0x29, 0xf7, 0x00, 0x00, 0x29, 0xf8, 0x00, 0x00, 0x29, 0xf9,
  0x00, 0x00, 0x29, 0xfa, 0x00, 0x00, 0x29, 0xfb, 0x00, 0x00, 0x29, 0xfc,
  0x00, 0x00, 0x29, 0xfd, 0x00, 0x00, 0x29, 0xfe, 0x00, 0x00, 0x29, 0xff,
  0x00, 0x00, 0x2a, 0x00, 0x00, 0x00, 0x2a, 0x01, 0x00, 0x00, 0x2a, 0x02,
  0x00, 0x00, 0x2a, 0x03, 0x00, 0x00, 0x2a, 0x04, 0x00, 0x00, 0x2a, 0x05,
  0x00, 0x00, 0x2a, 0x06, 0x00, 0x00, 0x2a, 0x07, 0x00, 0x00, 0x2a, 0x08,
  0x00, 0x00, 0x2a, 0x09, 0x00, 0x00, 0x2a, 0x0a, 0x00, 0x00, 0x2a, 0x0b,
  0x00, 0x00, 0x2a, 0x0c, 0x00, 0x00, 0x2a, 0x0d, 0x00, 0x00, 0x2a, 0x0e,
  0x00, 0x00, 0x2a, 0x0f, 0x00, 0x00, 0x2a, 0x10, 0x00, 0x00, 0x2a, 0x11,
  0x00, 0x00, 0x2a, 0x12, 0x00, 0x00, 0x2a, 0x13, 0x00, 0x00, 0x2a, 0x14,
  0x00, 0x00, 0x2a, 0x15, 0x00, 0x00, 0x2a, 0x16, 0x00, 0x00, 0x2a, 0x17,
  0x00, 0x00, 0x2a, 0x18, 0x00, 0x00, 0x2a, 0x19, 0x00, 0x00, 0x2a, 0x1a,
  0x00, 0x00, 0x2a, 0x1b, 0x00, 0x00, 0x2a, 0x1c, 0x00, 0x00, 0x2a, 0x1d,
  0x00, 0x00, 0x2a, 0x1e, 0x00, 0x00, 0x2a, 0x1f, 0x00, 0x00, 0x2a, 0x20,
  0x00, 0x00, 0x2a, 0x21, 0x00, 0x00, 0x2a, 0x22, 0x00, 0x00, 0x2a, 0x23,
  0x00, 0x00, 0x2a, 0x24, 0x00, 0x00, 0x2a, 0x25, 0x00, 0x00, 0x2a, 0x26,
  0x00, 0x00, 0x2a, 0x27, 0x00, 0x00, 0x2a, 0x28, 0x00, 0x00, 0x2a, 0x29,
  0x00, 0x00, 0x2a, 0x2a, 0x00, 0x00, 0x2a, 0x2b, 0x00, 0x00, 0x2a, 0x2c,
  0x00, 0x00, 0x2a, 0x2d, 0x00, 0x00, 0x2a, 0x2e, 0x00, 0x00, 0x2a, 0x2f,
  0x00, 0x00, 0x2a, 0x30, 0x00, 0x00, 0x2a, 0x31, 0x00, 0x00, 0x2a, 0x32,
  0x00, 0x00, 0x2a, 0x33, 0x00, 0x00, 0x2a, 0x34, 0x00, 0x00, 0x2a, 0x35,
  0x00, 0x00, 0x2a, 0x36, 0x00, 0x00, 0x2a, 0x37, 0x00, 0x00, 0x2a, 0x38,
  0x00, 0x00, 0x2a, 0x39, 0x00, 0x00, 0x2a, 0x3a, 0x00, 0x00, 0x2a, 0x3b,
  0x00, 0x00, 0x2a, 0x3c, 0x00, 0x00, 0x2a, 0x3d, 0x00, 0x00, 0x2a, 0x3e,
  0x00, 0x00, 0x2a, 0x3f, 0x00, 0x00, 0x2a, 0x40, 0x00, 0x00, 0x2a, 0x41,
  0x00, 0x00, 0x2a, 0x42, 0x00, 0x00, 0x2a, 0x43, 0x00, 0x00, 0x2a, 0x44,
  0x00, 0x00, 0x2a, 0x45, 0x00, 0x00, 0x2a, 0x46, 0x00, 0x00, 0x2a, 0x47,
  0x00, 0x00, 0x2a, 0x48, 0x00, 0x00, 0x2a, 0x49, 0x00, 0x00, 0x2a, 0x4a,
  0x00, 0x00, 0x2a, 0x4b, 0x00, 0x00, 0x2a, 0x4c, 0x00, 0x00, 0x2a, 0x4d,
  0x00, 0x00, 0x2a, 0x4e, 0x00, 0x00, 0x2a, 0x4f, 0x00, 0x00, 0x2a, 0x50,
  0x00, 0x00, 0x2a, 0x51, 0x00, 0x00, 0x2a, 0x52, 0x00, 0x00, 0x2a, 0x53,
  0x00, 0x00, 0x2a, 0x54, 0x00, 0x00, 0x2a, 0x55, 0x00, 0x00, 0x2a, 0x56,
  0x00, 0x00, 0x2a, 0x57, 0x00, 0x00, 0x2a, 0x58, 0x00, 0x00, 0x2a, 0x59,
  0x00, 0x00, 0x2a, 0x5a, 0x00, 0x00, 0x2a, 0x5b, 0x00, 0x00, 0x2a, 0x5c,
  0x00, 0x00, 0x2a, 0x5d, 0x00, 0x00, 0x2a, 0x5e, 0x00, 0x00, 0x2a, 0x5f,
  0x00, 0x00, 0x2a, 0x60, 0x00, 0x00, 0x2a, 0x61, 0x00, 0x00, 0x2a, 0x62,
  0x00, 0x00, 0x2a, 0x63, 0x00, 0x00, 0x2a, 0x64, 0x00, 0x00, 0x2a, 0x65,
  0x00, 0x00, 0x2a, 0x66, 0x00, 0x00, 0x2a, 0x67, 0x00, 0x00, 0x2a, 0x68,
  0x00, 0x00, 0x2a, 0x69, 0x00, 0x00, 0x2a, 0x6a, 0x00, 0x00, 0x2a, 0x6b,
  0x00, 0x00, 0x2a, 0x6c, 0x00, 0x00, 0x2a, 0x6d, 0x00, 0x00, 0x2a, 0x6e,
  0x00, 0x00, 0x2a, 0x6f, 0x00, 0x00, 0x2a, 0x70, 0x00, 0x00, 0x2a, 0x71,
  0x00, 0x00, 0x2a, 0x72, 0x00, 0x00, 0x2a, 0x73, 0x00, 0x00, 0x2a, 0x74,
  0x00, 0x00, 0x2a, 0x75, 0x00, 0x00, 0x2a, 0x76, 0x00, 0x00, 0x2a, 0x77,
  0x00, 0x00, 0x2a, 0x78, 0x00, 0x00, 0x2a, 0x79, 0x00, 0x00, 0x2a, 0x7a,
  0x00, 0x00, 0x2a, 0x7b, 0x00, 0x00, 0x2a, 0x7c, 0x00, 0x00, 0x2a, 0x7d,
  0x00, 0x00, 0x2a, 0x7e, 0x00, 0x00, 0x2a, 0x7f, 0x00, 0x00, 0x2a, 0x80,
  0x00, 0x00, 0x2a, 0x81, 0x00, 0x00, 0x2a, 0x82, 0x00, 0x00, 0x2a, 0x83,
  0x00, 0x00, 0x2a, 0x84, 0x00, 0x00, 0x2a, 0x85, 0x00, 0x00, 0x2a, 0x86,
  0x00, 0x00, 0x2a, 0x87, 0x00, 0x00, 0x2a, 0x88, 0x00, 0x00, 0x2a, 0x89,
  0x00, 0x00, 0x2a, 0x8a, 0x00, 0x00, 0x2a, 0x8b, 0x00, 0x00, 0x2a, 0x8c,
  0x00, 0x00, 0x2a, 0x8d, 0x00, 0x00, 0x2a, 0x8e, 0x00, 0x00, 0x2a, 0x8f,
  0x00, 0x00, 0x2a, 0x90, 0x00, 0x00, 0x2a, 0x91, 0x00, 0x00, 0x2a, 0x92,
  0x00, 0x00, 0x2a, 0x93, 0x00, 0x00, 0x2a, 0x94, 0x00, 0x00, 0x2a, 0x95,
  0x00, 0x00, 0x2a, 0x96, 0x00, 0x00, 0x2a, 0x97, 0x00, 0x00, 0x2a, 0x98,
  0x00, 0x00, 0x2a, 0x99, 0x00, 0x00, 0x2a, 0x9a, 0x00, 0x00, 0x2a, 0x9b,
  0x00, 0x00, 0x2a, 0x9c, 0x00, 0x00, 0x2a, 0x9d, 0x00, 0x00, 0x2a, 0x9e,
  0x00, 0x00, 0x2a, 0x9f, 0x00, 0x00, 0x2a, 0xa0, 0x00, 0x00, 0x2a, 0xa1,
  0x00, 0x00, 0x2a, 0xa2, 0x00, 0x00, 0x2a, 0xa3, 0x00, 0x00, 0x2a, 0xa4,
  0x00, 0x00, 0x2a, 0xa5, 0x00, 0x00, 0x2a, 0xa6, 0x00, 0x00, 0x2a, 0xa7,
  0x00, 0x00, 0x2a, 0xa8, 0x00, 0x00, 0x2a, 0xa9, 0x00, 0x00, 0x2a, 0xaa,
  0x00, 0x00, 0x2a, 0xab, 0x00, 0x00, 0x2a, 0xac, 0x00, 0x00, 0x2a, 0xad,
  0x00, 0x00, 0x2a, 0xae, 0x00, 0x00, 0x2a, 0xaf, 0x00, 0x00, 0x2a, 0xb0,
  0x00, 0x00, 0x2a, 0xb1, 0x00, 0x00, 0x2a, 0xb2, 0x00, 0x00, 0x2a, 0xb3,
  0x00, 0x00, 0x2a, 0xb4, 0x00, 0x00, 0x2a, 0xb5, 0x00, 0x00, 0x2a, 0xb6,
  0x00, 0x00, 0x2a, 0xb7, 0x00, 0x00, 0x2a, 0xb8, 0x00, 0x00, 0x2a, 0xb9,
  0x00, 0x00, 0x2a, 0xba, 0x00, 0x00, 0x2a, 0xbb, 0x00, 0x00, 0x2a, 0xbc,
  0x00, 0x00, 0x2a, 0xbd, 0x00, 0x00, 0x2a, 0xbe, 0x00, 0x00, 0x2a, 0xbf,
  0x00, 0x00, 0x2a, 0xc0, 0x00, 0x00, 0x2a, 0xc1, 0x00, 0x00, 0x2a, 0xc2,
  0x00, 0x00, 0x2a, 0xc3, 0x00, 0x00, 0x2a, 0xc4, 0x00, 0x00, 0x2a, 0xc5,
  0x00, 0x00, 0x2a, 0xc6, 0x00, 0x00, 0x2a, 0xc7, 0x00, 0x00, 0x2a, 0xc8,
  0x00, 0x00, 0x2a, 0xc9, 0x00, 0x00, 0x2a, 0xca, 0x00, 0x00, 0x2a, 0xcb,
  0x00, 0x00, 0x2a, 0xcc, 0x00, 0x00, 0x2a, 0xcd, 0x00, 0x00, 0x2a, 0xce,
  0x00, 0x00, 0x2a, 0xcf, 0x00, 0x00, 0x2a, 0xd0, 0x00, 0x00, 0x2a, 0xd1,
  0x00, 0x00, 0x2a, 0xd2, 0x00, 0x00, 0x2a, 0xd3, 0x00, 0x00, 0x2a, 0xd4,
  0x00, 0x00, 0x2a, 0xd5, 0x00, 0x00, 0x2a, 0xd6, 0x00, 0x00, 0x2a, 0xd7,
  0x00, 0x00, 0x2a, 0xd8, 0x00, 0x00, 0x2a, 0xd9, 0x00, 0x00, 0x2a, 0xda,
  0x00, 0x00, 0x2a, 0xdb, 0x00, 0x00, 0x2a, 0xdc, 0x00, 0x00, 0x2a, 0xdd,
  0x00, 0x00, 0x2a, 0xde, 0x00, 0x00, 0x2a, 0xdf, 0x00, 0x00, 0x2a, 0xe0,
  0x00, 0x00, 0x2a, 0xe1, 0x00, 0x00, 0x2a, 0xe2, 0x00, 0x00, 0x2a, 0xe3,
  0x00, 0x00, 0x2a, 0xe4, 0x00, 0x00, 0x2a, 0xe5, 0x00, 0x00, 0x2a, 0xe6,
  0x00, 0x00, 0x2a, 0xe7, 0x00, 0x00, 0x2a, 0xe8, 0x00, 0x00, 0x2a, 0xe9,
  0x00, 0x00, 0x2a, 0xea, 0x00, 0x00, 0x2a, 0xeb, 0x00, 0x00, 0x2a, 0xec,
  0x00, 0x00, 0x2a, 0xed, 0x00, 0x00, 0x2a, 0xee, 0x00, 0x00, 0x2a, 0xef,
  0x00, 0x00, 0x2a, 0xf0, 0x00, 0x00, 0x2a, 0xf1, 0x00, 0x00, 0x2a, 0xf2,
  0x00, 0x00, 0x2a, 0xf3, 0x00, 0x00, 0x2a, 0xf4, 0x00, 0x00, 0x2a, 0xf5,
  0x00, 0x00, 0x2a, 0xf6, 0x00, 0x00, 0x2a, 0xf7, 0x00, 0x00, 0x2a, 0xf8,
  0x00, 0x00, 0x2a, 0xf9, 0x00, 0x00, 0x2a, 0xfa, 0x00, 0x00, 0x2a, 0xfb,
  0x00, 0x00, 0x2a, 0xfc, 0x00, 0x00, 0x2a, 0xfd, 0x00, 0x00, 0x2a, 0xfe,
  0x00, 0x00, 0x2a, 0xff, 0x00, 0x00, 0x2b, 0x00, 0x00, 0x00, 0x2b, 0x01,
  0x00, 0x00, 0x2b, 0x02, 0x00, 0x00, 0x2b, 0x03, 0x00, 0x00, 0x2b, 0x04,
  0x00, 0x00, 0x2b, 0x05, 0x00, 0x00, 0x2b, 0x06, 0x00, 0x00, 0x2b, 0x07,
  0x00, 0x00, 0x2b, 0x08, 0x00, 0x00, 0x2b, 0x09, 0x00, 0x00, 0x2b, 0x0a,
  0x00, 0x00, 0x2b, 0x0b, 0x00, 0x00, 0x2b, 0x0c, 0x00, 0x00, 0x2b, 0x0d,
  0x00, 0x00, 0x2b, 0x0e, 0x00, 0x00, 0x2b, 0x0f, 0x00, 0x00, 0x2b, 0x10,
  0x00, 0x00, 0x2b, 0x11, 0x00, 0x00, 0x2b, 0x12, 0x00, 0x00, 0x2b, 0x13,
  0x00, 0x00, 0x2b, 0x14, 0x00, 0x00, 0x2b, 0x15, 0x00, 0x00, 0x2b, 0x16,
  0x00, 0x00, 0x2b, 0x17, 0x00, 0x00, 0x2b, 0x18, 0x00, 0x00, 0x2b, 0x19,
  0x00, 0x00, 0x2b, 0x1a, 0x00, 0x00, 0x2b, 0x1b, 0x00, 0x00, 0x2b, 0x1c,
  0x00, 0x00, 0x2b, 0x1d, 0x00, 0x00, 0x2b, 0x1e, 0x00, 0x00, 0x2b, 0x1f,
  0x00, 0x00, 0x2b, 0x20, 0x00, 0x00, 0x2b, 0x21, 0x00, 0x00, 0x2b, 0x22,
  0x00, 0x00, 0x2b, 0x23, 0x00, 0x00, 0x2b, 0x24, 0x00, 0x00, 0x2b, 0x25,
  0x00, 0x00, 0x2b, 0x26, 0x00, 0x00, 0x2b, 0x27, 0x00, 0x00, 0x2b, 0x28,
  0x00, 0x00, 0x2b, 0x29, 0x00, 0x00, 0x2b, 0x2a, 0x00, 0x00, 0x2b, 0x2b,
  0x00, 0x00, 0x2b, 0x2c, 0x00, 0x00, 0x2b, 0x2d, 0x00, 0x00, 0x2b, 0x2e,
  0x00, 0x00, 0x2b, 0x2f, 0x00, 0x00, 0x2b, 0x30, 0x00, 0x00, 0x2b, 0x31,
  0x00, 0x00, 0x2b, 0x32, 0x00, 0x00, 0x2b, 0x33, 0x00, 0x00, 0x2b, 0x34,
  0x00, 0x00, 0x2b, 0x35, 0x00, 0x00, 0x2b, 0x36, 0x00, 0x00, 0x2b, 0x37,
  0x00, 0x00, 0x2b, 0x38, 0x00, 0x00, 0x2b, 0x39, 0x00, 0x00, 0x2b, 0x3a,
  0x00, 0x00, 0x2b, 0x3b, 0x00, 0x00, 0x2b, 0x3c, 0x00, 0x00, 0x2b, 0x3d,
  0x00, 0x00, 0x2b, 0x3e, 0x00, 0x00, 0x2b, 0x3f, 0x00, 0x00, 0x2b, 0x40,
  0x00, 0x00, 0x2b, 0x41, 0x00, 0x00, 0x2b, 0x42, 0x00, 0x00, 0x2b, 0x43,
  0x00, 0x00, 0x2b, 0x44, 0x00, 0x00, 0x2b, 0x45, 0x00, 0x00, 0x2b, 0x46,
  0x00, 0x00, 0x2b, 0x47, 0x00, 0x00, 0x2b, 0x48, 0x00, 0x00, 0x2b, 0x49,
  0x00, 0x00, 0x2b, 0x4a, 0x00, 0x00, 0x2b, 0x4b, 0x00, 0x00, 0x2b, 0x4c,
  0x00, 0x00, 0x2b, 0x4d, 0x00, 0x00, 0x2b, 0x4e, 0x00, 0x00, 0x2b, 0x4f,
  0x00, 0x00, 0x2b, 0x50, 0x00, 0x00, 0x2b, 0x51, 0x00, 0x00, 0x2b, 0x52,
  0x00, 0x00, 0x2b, 0x53, 0x00, 0x00, 0x2b, 0x54, 0x00, 0x00, 0x2b, 0x55,
  0x00, 0x00, 0x2b, 0x56, 0x00, 0x00, 0x2b, 0x57, 0x00, 0x00, 0x2b, 0x58,
  0x00, 0x00, 0x2b, 0x59, 0x00, 0x00, 0x2b, 0x5a, 0x00, 0x00, 0x2b, 0x5b,
  0x00, 0x00, 0x2b, 0x5c, 0x00, 0x00, 0x2b, 0x5d, 0x00, 0x00, 0x2b, 0x5e,
  0x00, 0x00, 0x2b, 0x5f, 0x00, 0x00, 0x2b, 0x60, 0x00, 0x00, 0x2b, 0x61,
  0x00, 0x00, 0x2b, 0x62, 0x00, 0x00, 0x2b, 0x63, 0x00, 0x00, 0x2b, 0x64,
  0x00, 0x00, 0x2b, 0x65, 0x00, 0x00, 0x2b, 0x66, 0x00, 0x00, 0x2b, 0x67,
  0x00, 0x00, 0x2b, 0x68, 0x00, 0x00, 0x2b, 0x69, 0x00, 0x00, 0x2b, 0x6a,
  0x00, 0x00, 0x2b, 0x6b, 0x00, 0x00, 0x2b, 0x6c, 0x00, 0x00, 0x2b, 0x6d,
  0x00, 0x00, 0x2b, 0x6e, 0x00, 0x00, 0x2b, 0x6f, 0x00, 0x00, 0x2b, 0x70,
  0x00, 0x00, 0x2b, 0x71, 0x00, 0x00, 0x2b, 0x72, 0x00, 0x00, 0x2b, 0x73,
  0x00, 0x00, 0x2b, 0x74, 0x00, 0x00, 0x2b, 0x75, 0x00, 0x00, 0x2b, 0x76,
  0x00, 0x00, 0x2b, 0x77, 0x00, 0x00, 0x2b, 0x78, 0x00, 0x00, 0x2b, 0x79,
  0x00, 0x00, 0x2b, 0x7a, 0x00, 0x00, 0x2b, 0x7b, 0x00, 0x00, 0x2b, 0x7c,
  0x00, 0x00, 0x2b, 0x7d, 0x00, 0x00, 0x2b, 0x7e, 0x00, 0x00, 0x2b, 0x7f,
  0x00, 0x00, 0x2b, 0x80, 0x00, 0x00, 0x2b, 0x81, 0x00, 0x00, 0x2b, 0x82,
  0x00, 0x00, 0x2b, 0x83, 0x00, 0x00, 0x2b, 0x84, 0x00, 0x00, 0x2b, 0x85,
  0x00, 0x00, 0x2b, 0x86, 0x00, 0x00, 0x2b, 0x87, 0x00, 0x00, 0x2b, 0x88,
  0x00, 0x00, 0x2b, 0x89, 0x00, 0x00, 0x2b, 0x8a, 0x00, 0x00, 0x2b, 0x8b,
  0x00, 0x00, 0x2b, 0x8c, 0x00, 0x00, 0x2b, 0x8d, 0x00, 0x00, 0x2b, 0x8e,
  0x00, 0x00, 0x2b, 0x8f, 0x00, 0x00, 0x2b, 0x90, 0x00, 0x00, 0x2b, 0x91,
  0x00, 0x00, 0x2b, 0x92, 0x00, 0x00, 0x2b, 0x93, 0x00, 0x00, 0x2b, 0x94,
  0x00, 0x00, 0x2b, 0x95, 0x00, 0x00, 0x2b, 0x96, 0x00, 0x00, 0x2b, 0x97,
  0x00, 0x00, 0x2b, 0x98, 0x00, 0x00, 0x2b, 0x99, 0x00, 0x00, 0x2b, 0x9a,
  0x00, 0x00, 0x2b, 0x9b, 0x00, 0x00, 0x2b, 0x9c, 0x00, 0x00, 0x2b, 0x9d,
  0x00, 0x00, 0x2b, 0x9e, 0x00, 0x00, 0x2b, 0x9f, 0x00, 0x00, 0x2b, 0xa0,
  0x00, 0x00, 0x2b, 0xa1, 0x00, 0x00, 0x2b, 0xa2, 0x00, 0x00, 0x2b, 0xa3,
  0x00, 0x00, 0x2b, 0xa4, 0x00, 0x00, 0x2b, 0xa5, 0x00, 0x00, 0x2b, 0xa6,
  0x00, 0x00, 0x2b, 0xa7, 0x00, 0x00, 0x2b, 0xa8, 0x00, 0x00, 0x2b, 0xa9,
  0x00, 0x00, 0x2b, 0xaa, 0x00, 0x00, 0x2b, 0xab, 0x00, 0x00, 0x2b, 0xac,
  0x00, 0x00, 0x2b, 0xad, 0x00, 0x00, 0x2b, 0xae, 0x00, 0x00, 0x2b, 0xaf,
  0x00, 0x00, 0x2b, 0xb0, 0x00, 0x00, 0x2b, 0xb1, 0x00, 0x00, 0x2b, 0xb2,
  0x00, 0x00, 0x2b, 0xb3, 0x00, 0x00, 0x2b, 0xb4, 0x00, 0x00, 0x2b, 0xb5,
  0x00, 0x00, 0x2b, 0xb6, 0x00, 0x00, 0x2b, 0xb7, 0x00, 0x00, 0x2b, 0xb8,
  0x00, 0x00, 0x2b, 0xb9, 0x00, 0x00, 0x2b, 0xba, 0x00, 0x00, 0x2b, 0xbb,
  0x00, 0x00, 0x2b, 0xbc, 0x00, 0x00, 0x2b, 0xbd, 0x00, 0x00, 0x2b, 0xbe,
  0x00, 0x00, 0x2b, 0xbf, 0x00, 0x00, 0x2b, 0xc0, 0x00, 0x00, 0x2b, 0xc1,
  0x00, 0x00, 0x2b, 0xc2, 0x00, 0x00, 0x2b, 0xc3, 0x00, 0x00, 0x2b, 0xc4,
  0x00, 0x00, 0x2b, 0xc5, 0x00, 0x00, 0x2b, 0xc6, 0x00, 0x00, 0x2b, 0xc7,
  0x00, 0x00, 0x2b, 0xc8, 0x00, 0x00, 0x2b, 0xc9, 0x00, 0x00, 0x2b, 0xca,
  0x00, 0x00, 0x2b, 0xcb, 0x00, 0x00, 0x2b, 0xcc, 0x00, 0x00, 0x2b, 0xcd,
  0x00, 0x00, 0x2b, 0xce, 0x00, 0x00, 0x2b, 0xcf, 0x00, 0x00, 0x2b, 0xd0,
  0x00, 0x00, 0x2b, 0xd1, 0x00, 0x00, 0x2b, 0xd2, 0x00, 0x00, 0x2b, 0xd3,
  0x00, 0x00, 0x2b, 0xd4, 0x00, 0x00, 0x2b, 0xd5, 0x00, 0x00, 0x2b, 0xd6,
  0x00, 0x00, 0x2b, 0xd7, 0x00, 0x00, 0x2b, 0xd8, 0x00, 0x00, 0x2b, 0xd9,
  0x00, 0x00, 0x2b, 0xda, 0x00, 0x00, 0x2b, 0xdb, 0x00, 0x00, 0x2b, 0xdc,
  0x00, 0x00, 0x2b, 0xdd, 0x00, 0x00, 0x2b, 0xde, 0x00, 0x00, 0x2b, 0xdf,
  0x00, 0x00, 0x2b, 0xe0, 0x00, 0x00, 0x2b, 0xe1, 0x00, 0x00, 0x2b, 0xe2,
  0x00, 0x00, 0x2b, 0xe3, 0x00, 0x00, 0x2b, 0xe4, 0x00, 0x00, 0x2b, 0xe5,
  0x00, 0x00, 0x2b, 0xe6, 0x00, 0x00, 0x2b, 0xe7, 0x00, 0x00, 0x2b, 0xe8,
  0x00, 0x00, 0x2b, 0xe9, 0x00, 0x00, 0x2b, 0xea, 0x00, 0x00, 0x2b, 0xeb,
  0x00, 0x00, 0x2b, 0xec, 0x00, 0x00, 0x2b, 0xed, 0x00, 0x00, 0x2b, 0xee,
  0x00, 0x00, 0x2b, 0xef, 0x00, 0x00, 0x2b, 0xf0, 0x00, 0x00, 0x2b, 0xf1,
  0x00, 0x00, 0x2b, 0xf2, 0x00, 0x00, 0x2b, 0xf3, 0x00, 0x00, 0x2b, 0xf4,
  0x00, 0x00, 0x2b, 0xf5, 0x00, 0x00, 0x2b, 0xf6, 0x00, 0x00, 0x2b, 0xf7,
  0x00, 0x00, 0x2b, 0xf8, 0x00, 0x00, 0x2b, 0xf9, 0x00, 0x00, 0x2b, 0xfa,
  0x00, 0x00, 0x2b, 0xfb, 0x00, 0x00, 0x2b, 0xfc, 0x00, 0x00, 0x2b, 0xfd,
  0x00, 0x00, 0x2b, 0xfe, 0x00, 0x00, 0x2b, 0xff, 0x00, 0x00, 0x2c, 0x00,
  0x00, 0x00, 0x2c, 0x01, 0x00, 0x00, 0x2c, 0x02, 0x00, 0x00, 0x2c, 0x03,
  0x00, 0x00, 0x2c, 0x04, 0x00, 0x00, 0x2c, 0x05, 0x00, 0x00, 0x2c, 0x06,
  0x00, 0x00, 0x2c, 0x07, 0x00, 0x00, 0x2c, 0x08, 0x00, 0x00, 0x2c, 0x09,
  0x00, 0x00, 0x2c, 0x0a, 0x00, 0x00, 0x2c, 0x0b, 0x00, 0x00, 0x2c, 0x0c,
  0x00, 0x00, 0x2c, 0x0d, 0x00, 0x00, 0x2c, 0x0e, 0x00, 0x00, 0x2c, 0x0f,
  0x00, 0x00, 0x2c, 0x10, 0x00, 0x00, 0x2c, 0x11, 0x00, 0x00, 0x2c, 0x12,
  0x00, 0x00, 0x2c, 0x13, 0x00, 0x00, 0x2c, 0x14, 0x00, 0x00, 0x2c, 0x15,
  0x00, 0x00, 0x2c, 0x16, 0x00, 0x00, 0x2c, 0x17, 0x00, 0x00, 0x2c, 0x18,
  0x00, 0x00, 0x2c, 0x19, 0x00, 0x00, 0x2c, 0x1a, 0x00, 0x00, 0x2c, 0x1b,
  0x00, 0x00, 0x2c, 0x1c, 0x00, 0x00, 0x2c, 0x1d, 0x00, 0x00, 0x2c, 0x1e,
  0x00, 0x00, 0x2c, 0x1f, 0x00, 0x00, 0x2c, 0x20, 0x00, 0x00, 0x2c, 0x21,
  0x00, 0x00, 0x2c, 0x22, 0x00, 0x00, 0x2c, 0x23, 0x00, 0x00, 0x2c, 0x24,
  0x00, 0x00, 0x2c, 0x25, 0x00, 0x00, 0x2c, 0x26, 0x00, 0x00, 0x2c, 0x27,
  0x00, 0x00, 0x2c, 0x28, 0x00, 0x00, 0x2c, 0x29, 0x00, 0x00, 0x2c, 0x2a,
  0x00, 0x00, 0x2c, 0x2b, 0x00, 0x00, 0x2c, 0x2c, 0x00, 0x00, 0x2c, 0x2d,
  0x00, 0x00, 0x2c, 0x2e, 0x00, 0x00, 0x2c, 0x2f, 0x00, 0x00, 0x2c, 0x30,
  0x00, 0x00, 0x2c, 0x31, 0x00, 0x00, 0x2c, 0x32, 0x00, 0x00, 0x2c, 0x33,
  0x00, 0x00, 0x2c, 0x34, 0x00, 0x00, 0x2c, 0x35, 0x00, 0x00, 0x2c, 0x36,
  0x00, 0x00, 0x2c, 0x37, 0x00, 0x00, 0x2c, 0x38, 0x00, 0x00, 0x2c, 0x39,
  0x00, 0x00, 0x2c, 0x3a, 0x00, 0x00, 0x2c, 0x3b, 0x00, 0x00, 0x2c, 0x3c,
  0x00, 0x00, 0x2c, 0x3d, 0x00, 0x00, 0x2c, 0x3e, 0x00, 0x00, 0x2c, 0x3f,
  0x00, 0x00, 0x2c, 0x40, 0x00, 0x00, 0x2c, 0x41, 0x00, 0x00, 0x2c, 0x42,
  0x00, 0x00, 0x2c, 0x43, 0x00, 0x00, 0x2c, 0x44, 0x00, 0x00, 0x2c, 0x45,
  0x00, 0x00, 0x2c, 0x46, 0x00, 0x00, 0x2c, 0x47, 0x00, 0x00, 0x2c, 0x48,
  0x00, 0x00, 0x2c, 0x49, 0x00, 0x00, 0x2c, 0x4a, 0x00, 0x00, 0x2c, 0x4b,
  0x00, 0x00, 0x2c, 0x4c, 0x00, 0x00, 0x2c, 0x4d, 0x00, 0x00, 0x2c, 0x4e,
  0x00, 0x00, 0x2c, 0x4f, 0x00, 0x00, 0x2c, 0x50, 0x00, 0x00, 0x2c, 0x51,
  0x00, 0x00, 0x2c, 0x52, 0x00, 0x00, 0x2c, 0x53, 0x00, 0x00, 0x2c, 0x54,
  0x00, 0x00, 0x2c, 0x55, 0x00, 0x00, 0x2c, 0x56, 0x00, 0x00, 0x2c, 0x57,
  0x00, 0x00, 0x2c, 0x58, 0x00, 0x00, 0x2c, 0x59, 0x00, 0x00, 0x2c, 0x5a,
  0x00, 0x00, 0x2c, 0x5b, 0x00, 0x00, 0x2c, 0x5c, 0x00, 0x00, 0x2c, 0x5d,
  0x00, 0x00, 0x2c, 0x5e, 0x00, 0x00, 0x2c, 0x5f, 0x00, 0x00, 0x2c, 0x60,
  0x00, 0x00, 0x2c, 0x61, 0x00, 0x00, 0x2c, 0x62, 0x00, 0x00, 0x2c, 0x63,
  0x00, 0x00, 0x2c, 0x64, 0x00, 0x00, 0x2c, 0x65, 0x00, 0x00, 0x2c, 0x66,
  0x00, 0x00, 0x2c, 0x67, 0x00, 0x00, 0x2c, 0x68, 0x00, 0x00, 0x2c, 0x69,
  0x00, 0x00, 0x2c, 0x6a, 0x00, 0x00, 0x2c, 0x6b, 0x00, 0x00, 0x2c, 0x6c,
  0x00, 0x00, 0x2c, 0x6d, 0x00, 0x00, 0x2c, 0x6e, 0x00, 0x00, 0x2c, 0x6f,
  0x00, 0x00, 0x2c, 0x70, 0x00, 0x00, 0x2c, 0x71, 0x00, 0x00, 0x2c, 0x72,
  0x00, 0x00, 0x2c, 0x73, 0x00, 0x00, 0x2c, 0x74, 0x00, 0x00, 0x2c, 0x75,
  0x00, 0x00, 0x2c, 0x76, 0x00, 0x00, 0x2c, 0x77, 0x00, 0x00, 0x2c, 0x78,
  0x00, 0x00, 0x2c, 0x79, 0x00, 0x00, 0x2c, 0x7a, 0x00, 0x00, 0x2c, 0x7b,
  0x00, 0x00, 0x2c, 0x7c, 0x00, 0x00, 0x2c, 0x7d, 0x00, 0x00, 0x2c, 0x7e,
  0x00, 0x00, 0x2c, 0x7f, 0x00, 0x00, 0x2c, 0x80, 0x00, 0x00, 0x2c, 0x81,
  0x00, 0x00, 0x2c, 0x82, 0x00, 0x00, 0x2c, 0x83, 0x00, 0x00, 0x2c, 0x84,
  0x00, 0x00, 0x2c, 0x85, 0x00, 0x00, 0x2c, 0x86, 0x00, 0x00, 0x2c, 0x87,
  0x00, 0x00, 0x2c, 0x88, 0x00, 0x00, 0x2c, 0x89, 0x00, 0x00, 0x2c, 0x8a,
  0x00, 0x00, 0x2c, 0x8b, 0x00, 0x00, 0x2c, 0x8c, 0x00, 0x00, 0x2c, 0x8d,
  0x00, 0x00, 0x2c, 0x8e, 0x00, 0x00, 0x2c, 0x8f, 0x00, 0x00, 0x2c, 0x90,
  0x00, 0x00, 0x2c, 0x91, 0x00, 0x00, 0x2c, 0x92, 0x00, 0x00, 0x2c, 0x93,
  0x00, 0x00, 0x2c, 0x94, 0x00, 0x00, 0x2c, 0x95, 0x00, 0x00, 0x2c, 0x96,
  0x00, 0x00, 0x2c, 0x97, 0x00, 0x00, 0x2c, 0x98, 0x00, 0x00, 0x2c, 0x99,
  0x00, 0x00, 0x2c, 0x9a, 0x00, 0x00, 0x2c, 0x9b, 0x00, 0x00, 0x2c, 0x9c,
  0x00, 0x00, 0x2c, 0x9d, 0x00, 0x00, 0x2c, 0x9e, 0x00, 0x00, 0x2c, 0x9f,
  0x00, 0x00, 0x2c, 0xa0, 0x00, 0x00, 0x2c, 0xa1, 0x00, 0x00, 0x2c, 0xa2,
  0x00, 0x00, 0x2c, 0xa3, 0x00, 0x00, 0x2c, 0xa4, 0x00, 0x00, 0x2c, 0xa5,
  0x00, 0x00, 0x2c, 0xa6, 0x00, 0x00, 0x2c, 0xa7, 0x00, 0x00, 0x2c, 0xa8,
  0x00, 0x00, 0x2c, 0xa9, 0x00, 0x00, 0x2c, 0xaa, 0x00, 0x00, 0x2c, 0xab,
  0x00, 0x00, 0x2c, 0xac, 0x00, 0x00, 0x2c, 0xad, 0x00, 0x00, 0x2c, 0xae,
  0x00, 0x00, 0x2c, 0xaf, 0x00, 0x00, 0x2c, 0xb0, 0x00, 0x00, 0x2c, 0xb1,
  0x00, 0x00, 0x2c, 0xb2, 0x00, 0x00, 0x2c, 0xb3, 0x00, 0x00, 0x2c, 0xb4,
  0x00, 0x00, 0x2c, 0xb5, 0x00, 0x00, 0x2c, 0xb6, 0x00, 0x00, 0x2c, 0xb7,
  0x00, 0x00, 0x2c, 0xb8, 0x00, 0x00, 0x2c, 0xb9, 0x00, 0x00, 0x2c, 0xba,
  0x00, 0x00, 0x2c, 0xbb, 0x00, 0x00, 0x2c, 0xbc, 0x00, 0x00, 0x2c, 0xbd,
  0x00, 0x00, 0x2c, 0xbe, 0x00, 0x00, 0x2c, 0xbf, 0x00, 0x00, 0x2c, 0xc0,
  0x00, 0x00, 0x2c, 0xc1, 0x00, 0x00, 0x2c, 0xc2, 0x00, 0x00, 0x2c, 0xc3,
  0x00, 0x00, 0x2c, 0xc4, 0x00, 0x00, 0x2c, 0xc5, 0x00, 0x00, 0x2c, 0xc6,
  0x00, 0x00, 0x2c, 0xc7, 0x00, 0x00, 0x2c, 0xc8, 0x00, 0x00, 0x2c, 0xc9,
  0x00, 0x00, 0x2c, 0xca, 0x00, 0x00, 0x2c, 0xcb, 0x00, 0x00, 0x2c, 0xcc,
  0x00, 0x00, 0x2c, 0xcd, 0x00, 0x00, 0x2c, 0xce, 0x00, 0x00, 0x2c, 0xcf,
  0x00, 0x00, 0x2c, 0xd0, 0x00, 0x00, 0x2c, 0xd1, 0x00, 0x00, 0x2c, 0xd2,
  0x00, 0x00, 0x2c, 0xd3, 0x00, 0x00, 0x2c, 0xd4, 0x00, 0x00, 0x2c, 0xd5,
  0x00, 0x00, 0x2c, 0xd6, 0x00, 0x00, 0x2c, 0xd7, 0x00, 0x00, 0x2c, 0xd8,
  0x00, 0x00, 0x2c, 0xd9, 0x00, 0x00, 0x2c, 0xda, 0x00, 0x00, 0x2c, 0xdb,
  0x00, 0x00, 0x2c, 0xdc, 0x00, 0x00, 0x2c, 0xdd, 0x00, 0x00, 0x2c, 0xde,
  0x00, 0x00, 0x2c, 0xdf, 0x00, 0x00, 0x2c, 0xe0, 0x00, 0x00, 0x2c, 0xe1,
  0x00, 0x00, 0x2c, 0xe2, 0x00, 0x00, 0x2c, 0xe3, 0x00, 0x00, 0x2c, 0xe4,
  0x00, 0x00, 0x2c, 0xe5, 0x00, 0x00, 0x2c, 0xe6, 0x00, 0x00, 0x2c, 0xe7,
  0x00, 0x00, 0x2c, 0xe8, 0x00, 0x00, 0x2c, 0xe9, 0x00, 0x00, 0x2c, 0xea,
  0x00, 0x00, 0x2c, 0xeb, 0x00, 0x00, 0x2c, 0xec, 0x00, 0x00, 0x2c, 0xed,
  0x00, 0x00, 0x2c, 0xee, 0x00, 0x00, 0x2c, 0xef, 0x00, 0x00, 0x2c, 0xf0,
  0x00, 0x00, 0x2c, 0xf1, 0x00, 0x00, 0x2c, 0xf2, 0x00, 0x00, 0x2c, 0xf3,
  0x00, 0x00, 0x2c, 0xf4, 0x00, 0x00, 0x2c, 0xf5, 0x00, 0x00, 0x2c, 0xf6,
  0x00, 0x00, 0x2c, 0xf7, 0x00, 0x00, 0x2c, 0xf8, 0x00, 0x00, 0x2c, 0xf9,
  0x00, 0x00, 0x2c, 0xfa, 0x00, 0x00, 0x2c, 0xfb, 0x00, 0x00, 0x2c, 0xfc,
  0x00, 0x00, 0x2c, 0xfd, 0x00, 0x00, 0x2c, 0xfe, 0x00, 0x00, 0x2c, 0xff,
  0x00, 0x00, 0x2d, 0x00, 0x00, 0x00, 0x2d, 0x01, 0x00, 0x00, 0x2d, 0x02,
  0x00, 0x00, 0x2d, 0x03, 0x00, 0x00, 0x2d, 0x04, 0x00, 0x00, 0x2d, 0x05,
  0x00, 0x00, 0x2d, 0x06, 0x00, 0x00, 0x2d, 0x07, 0x00, 0x00, 0x2d, 0x08,
  0x00, 0x00, 0x2d, 0x09, 0x00, 0x00, 0x2d, 0x0a, 0x00, 0x00, 0x2d, 0x0b,
  0x00, 0x00, 0x2d, 0x0c, 0x00, 0x00, 0x2d, 0x0d, 0x00, 0x00, 0x2d, 0x0e,
  0x00, 0x00, 0x2d, 0x0f, 0x00, 0x00, 0x2d, 0x10, 0x00, 0x00, 0x2d, 0x11,
  0x00, 0x00, 0x2d, 0x12, 0x00, 0x00, 0x2d, 0x13, 0x00, 0x00, 0x2d, 0x14,
  0x00, 0x00, 0x2d, 0x15, 0x00, 0x00, 0x2d, 0x16, 0x00, 0x00, 0x2d, 0x17,
  0x00, 0x00, 0x2d, 0x18, 0x00, 0x00, 0x2d, 0x19, 0x00, 0x00, 0x2d, 0x1a,
  0x00, 0x00, 0x2d, 0x1b, 0x00, 0x00, 0x2d, 0x1c, 0x00, 0x00, 0x2d, 0x1d,
  0x00, 0x00, 0x2d, 0x1e, 0x00, 0x00, 0x2d, 0x1f, 0x00, 0x00, 0x2d, 0x20,
  0x00, 0x00, 0x2d, 0x21, 0x00, 0x00, 0x2d, 0x22, 0x00, 0x00, 0x2d, 0x23,
  0x00, 0x00, 0x2d, 0x24, 0x00, 0x00, 0x2d, 0x25, 0x00, 0x00, 0x2d, 0x26,
  0x00, 0x00, 0x2d, 0x27, 0x00, 0x00, 0x2d, 0x28, 0x00, 0x00, 0x2d, 0x29,
  0x00, 0x00, 0x2d, 0x2a, 0x00, 0x00, 0x2d, 0x2b, 0x00, 0x00, 0x2d, 0x2c,
  0x00, 0x00, 0x2d, 0x2d, 0x00, 0x00, 0x2d, 0x2e, 0x00, 0x00, 0x2d, 0x2f,
  0x00, 0x00, 0x2d, 0x30, 0x00, 0x00, 0x2d, 0x31, 0x00, 0x00, 0x2d, 0x32,
  0x00, 0x00, 0x2d, 0x33, 0x00, 0x00, 0x2d, 0x34, 0x00, 0x00, 0x2d, 0x35,
  0x00, 0x00, 0x2d, 0x36, 0x00, 0x00, 0x2d, 0x37, 0x00, 0x00, 0x2d, 0x38,
  0x00, 0x00, 0x2d, 0x39, 0x00, 0x00, 0x2d, 0x3a, 0x00, 0x00, 0x2d, 0x3b,
  0x00, 0x00, 0x2d, 0x3c, 0x00, 0x00, 0x2d, 0x3d, 0x00, 0x00, 0x2d, 0x3e,
  0x00, 0x00, 0x2d, 0x3f, 0x00, 0x00, 0x2d, 0x40, 0x00, 0x00, 0x2d, 0x41,
  0x00, 0x00, 0x2d, 0x42, 0x00, 0x00, 0x2d, 0x43, 0x00, 0x00, 0x2d, 0x44,
  0x00, 0x00, 0x2d, 0x45, 0x00, 0x00, 0x2d, 0x46, 0x00, 0x00, 0x2d, 0x47,
  0x00, 0x00, 0x2d, 0x48, 0x00, 0x00, 0x2d, 0x49, 0x00, 0x00, 0x2d, 0x4a,
  0x00, 0x00, 0x2d, 0x4b, 0x00, 0x00, 0x2d, 0x4c, 0x00, 0x00, 0x2d, 0x4d,
  0x00, 0x00, 0x2d, 0x4e, 0x00, 0x00, 0x2d, 0x4f, 0x00, 0x00, 0x2d, 0x50,
  0x00, 0x00, 0x2d, 0x51, 0x00, 0x00, 0x2d, 0x52, 0x00, 0x00, 0x2d, 0x53,
  0x00, 0x00, 0x2d, 0x54, 0x00, 0x00, 0x2d, 0x55, 0x00, 0x00, 0x2d, 0x56,
  0x00, 0x00, 0x2d, 0x57, 0x00, 0x00, 0x2d, 0x58, 0x00, 0x00, 0x2d, 0x59,
  0x00, 0x00, 0x2d, 0x5a, 0x00, 0x00, 0x2d, 0x5b, 0x00, 0x00, 0x2d, 0x5c,
  0x00, 0x00, 0x2d, 0x5d, 0x00, 0x00, 0x2d, 0x5e, 0x00, 0x00, 0x2d, 0x5f,
  0x00, 0x00, 0x2d, 0x60, 0x00, 0x00, 0x2d, 0x61, 0x00, 0x00, 0x2d, 0x62,
  0x00, 0x00, 0x2d, 0x63, 0x00, 0x00, 0x2d, 0x64, 0x00, 0x00, 0x2d, 0x65,
  0x00, 0x00, 0x2d, 0x66, 0x00, 0x00, 0x2d, 0x67, 0x00, 0x00, 0x2d, 0x68,
  0x00, 0x00, 0x2d, 0x69, 0x00, 0x00, 0x2d, 0x6a, 0x00, 0x00, 0x2d, 0x6b,
  0x00, 0x00, 0x2d, 0x6c, 0x00, 0x00, 0x2d, 0x6d, 0x00, 0x00, 0x2d, 0x6e,
  0x00, 0x00, 0x2d, 0x6f, 0x00, 0x00, 0x2d, 0x70, 0x00, 0x00, 0x2d, 0x71,
  0x00, 0x00, 0x2d, 0x72, 0x00, 0x00, 0x2d, 0x73, 0x00, 0x00, 0x2d, 0x74,
  0x00, 0x00, 0x2d, 0x75, 0x00, 0x00, 0x2d, 0x76, 0x00, 0x00, 0x2d, 0x77,
  0x00, 0x00, 0x2d, 0x78, 0x00, 0x00, 0x2d, 0x79, 0x00, 0x00, 0x2d, 0x7a,
  0x00, 0x00, 0x2d, 0x7b, 0x00, 0x00, 0x2d, 0x7c, 0x00, 0x00, 0x2d, 0x7d,
  0x00, 0x00, 0x2d, 0x7e, 0x00, 0x00, 0x2d, 0x7f, 0x00, 0x00, 0x2d, 0x80,
  0x00, 0x00, 0x2d, 0x81, 0x00, 0x00, 0x2d, 0x82, 0x00, 0x00, 0x2d, 0x83,
  0x00, 0x00, 0x2d, 0x84, 0x00, 0x00, 0x2d, 0x85, 0x00, 0x00, 0x2d, 0x86,
  0x00, 0x00, 0x2d, 0x87, 0x00, 0x00, 0x2d, 0x88, 0x00, 0x00, 0x2d, 0x89,
  0x00, 0x00, 0x2d, 0x8a, 0x00, 0x00, 0x2d, 0x8b, 0x00, 0x00, 0x2d, 0x8c,
  0x00, 0x00, 0x2d, 0x8d, 0x00, 0x00, 0x2d, 0x8e, 0x00, 0x00, 0x2d, 0x8f,
  0x00, 0x00, 0x2d, 0x90, 0x00, 0x00, 0x2d, 0x91, 0x00, 0x00, 0x2d, 0x92,
  0x00, 0x00, 0x2d, 0x93, 0x00, 0x00, 0x2d, 0x94, 0x00, 0x00, 0x2d, 0x95,
  0x00, 0x00, 0x2d, 0x96, 0x00, 0x00, 0x2d, 0x97, 0x00, 0x00, 0x2d, 0x98,
  0x00, 0x00, 0x2d, 0x99, 0x00, 0x00, 0x2d, 0x9a, 0x00, 0x00, 0x2d, 0x9b,
  0x00, 0x00, 0x2d, 0x9c, 0x00, 0x00, 0x2d, 0x9d, 0x00, 0x00, 0x2d, 0x9e,
  0x00, 0x00, 0x2d, 0x9f, 0x00, 0x00, 0x2d, 0xa0, 0x00, 0x00, 0x2d, 0xa1,
  0x00, 0x00, 0x2d, 0xa2, 0x00, 0x00, 0x2d, 0xa3, 0x00, 0x00, 0x2d, 0xa4,
  0x00, 0x00, 0x2d, 0xa5, 0x00, 0x00, 0x2d, 0xa6, 0x00, 0x00, 0x2d, 0xa7,
  0x00, 0x00, 0x2d, 0xa8, 0x00, 0x00, 0x2d, 0xa9, 0x00, 0x00, 0x2d, 0xaa,
  0x00, 0x00, 0x2d, 0xab, 0x00, 0x00, 0x2d, 0xac, 0x00, 0x00, 0x2d, 0xad,
  0x00, 0x00, 0x2d, 0xae, 0x00, 0x00, 0x2d, 0xaf, 0x00, 0x00, 0x2d, 0xb0,
  0x00, 0x00, 0x2d, 0xb1, 0x00, 0x00, 0x2d, 0xb2, 0x00, 0x00, 0x2d, 0xb3,
  0x00, 0x00, 0x2d, 0xb4, 0x00, 0x00, 0x2d, 0xb5, 0x00, 0x00, 0x2d, 0xb6,
  0x00, 0x00, 0x2d, 0xb7, 0x00, 0x00, 0x2d, 0xb8, 0x00, 0x00, 0x2d, 0xb9,
  0x00, 0x00, 0x2d, 0xba, 0x00, 0x00, 0x2d, 0xbb, 0x00, 0x00, 0x2d, 0xbc,
  0x00, 0x00, 0x2d, 0xbd, 0x00, 0x00, 0x2d, 0xbe, 0x00, 0x00, 0x2d, 0xbf,
  0x00, 0x00, 0x2d, 0xc0, 0x00, 0x00, 0x2d, 0xc1, 0x00, 0x00, 0x2d, 0xc2,
  0x00, 0x00, 0x2d, 0xc3, 0x00, 0x00, 0x2d, 0xc4, 0x00, 0x00, 0x2d, 0xc5,
  0x00, 0x00, 0x2d, 0xc6, 0x00, 0x00, 0x2d, 0xc7, 0x00, 0x00, 0x2d, 0xc8,
  0x00, 0x00, 0x2d, 0xc9, 0x00, 0x00, 0x2d, 0xca, 0x00, 0x00, 0x2d, 0xcb,
  0x00, 0x00, 0x2d, 0xcc, 0x00, 0x00, 0x2d, 0xcd, 0x00, 0x00, 0x2d, 0xce,
  0x00, 0x00, 0x2d, 0xcf, 0x00, 0x00, 0x2d, 0xd0, 0x00, 0x00, 0x2d, 0xd1,
  0x00, 0x00, 0x2d, 0xd2, 0x00, 0x00, 0x2d, 0xd3, 0x00, 0x00, 0x2d, 0xd4,
  0x00, 0x00, 0x2d, 0xd5, 0x00, 0x00, 0x2d, 0xd6, 0x00, 0x00, 0x2d, 0xd7,
  0x00, 0x00, 0x2d, 0xd8, 0x00, 0x00, 0x2d, 0xd9, 0x00, 0x00, 0x2d, 0xda,
  0x00, 0x00, 0x2d, 0xdb, 0x00, 0x00, 0x2d, 0xdc, 0x00, 0x00, 0x2d, 0xdd,
  0x00, 0x00, 0x2d, 0xde, 0x00, 0x00, 0x2d, 0xdf, 0x00, 0x00, 0x2d, 0xe0,
  0x00, 0x00, 0x2d, 0xe1, 0x00, 0x00, 0x2d, 0xe2, 0x00, 0x00, 0x2d, 0xe3,
  0x00, 0x00, 0x2d, 0xe4, 0x00, 0x00, 0x2d, 0xe5, 0x00, 0x00, 0x2d, 0xe6,
  0x00, 0x00, 0x2d, 0xe7, 0x00, 0x00, 0x2d, 0xe8, 0x00, 0x00, 0x2d, 0xe9,
  0x00, 0x00, 0x2d, 0xea, 0x00, 0x00, 0x2d, 0xeb, 0x00, 0x00, 0x2d, 0xec,
  0x00, 0x00, 0x2d, 0xed, 0x00, 0x00, 0x2d, 0xee, 0x00, 0x00, 0x2d, 0xef,
  0x00, 0x00, 0x2d, 0xf0, 0x00, 0x00, 0x2d, 0xf1, 0x00, 0x00, 0x2d, 0xf2,
  0x00, 0x00, 0x2d, 0xf3, 0x00, 0x00, 0x2d, 0xf4, 0x00, 0x00, 0x2d, 0xf5,
  0x00, 0x00, 0x2d, 0xf6, 0x00, 0x00, 0x2d, 0xf7, 0x00, 0x00, 0x2d, 0xf8,
  0x00, 0x00, 0x2d, 0xf9, 0x00, 0x00, 0x2d, 0xfa, 0x00, 0x00, 0x2d, 0xfb,
  0x00, 0x00, 0x2d, 0xfc, 0x00, 0x00, 0x2d, 0xfd, 0x00, 0x00, 0x2d, 0xfe,
  0x00, 0x00, 0x2d, 0xff, 0x00, 0x00, 0x2e, 0x00, 0x00, 0x00, 0x2e, 0x01,
  0x00, 0x00, 0x2e, 0x02, 0x00, 0x00, 0x2e, 0x03, 0x00, 0x00, 0x2e, 0x04,
  0x00, 0x00, 0x2e, 0x05, 0x00, 0x00, 0x2e, 0x06, 0x00, 0x00, 0x2e, 0x07,
  0x00, 0x00, 0x2e, 0x08, 0x00, 0x00, 0x2e, 0x09, 0x00, 0x00, 0x2e, 0x0a,
  0x00, 0x00, 0x2e, 0x0b, 0x00, 0x00, 0x2e, 0x0c, 0x00, 0x00, 0x2e, 0x0d,
  0x00, 0x00, 0x2e, 0x0e, 0x00, 0x00, 0x2e, 0x0f, 0x00, 0x00, 0x2e, 0x10,
  0x00, 0x00, 0x2e, 0x11, 0x00, 0x00, 0x2e, 0x12, 0x00, 0x00, 0x2e, 0x13,
  0x00, 0x00, 0x2e, 0x14, 0x00, 0x00, 0x2e, 0x15, 0x00, 0x00, 0x2e, 0x16,
  0x00, 0x00, 0x2e, 0x17, 0x00, 0x00, 0x2e, 0x18, 0x00, 0x00, 0x2e, 0x19,
  0x00, 0x00, 0x2e, 0x1a, 0x00, 0x00, 0x2e, 0x1b, 0x00, 0x00, 0x2e, 0x1c,
  0x00, 0x00, 0x2e, 0x1d, 0x00, 0x00, 0x2e, 0x1e, 0x00, 0x00, 0x2e, 0x1f,
  0x00, 0x00, 0x2e, 0x20, 0x00, 0x00, 0x2e, 0x21, 0x00, 0x00, 0x2e, 0x22,
  0x00, 0x00, 0x2e, 0x23, 0x00, 0x00, 0x2e, 0x24, 0x00, 0x00, 0x2e, 0x25,
  0x00, 0x00, 0x2e, 0x26, 0x00, 0x00, 0x2e, 0x27, 0x00, 0x00, 0x2e, 0x28,
  0x00, 0x00, 0x2e, 0x29, 0x00, 0x00, 0x2e, 0x2a, 0x00, 0x00, 0x2e, 0x2b,
  0x00, 0x00, 0x2e, 0x2c, 0x00, 0x00, 0x2e, 0x2d, 0x00, 0x00, 0x2e, 0x2e,
  0x00, 0x00, 0x2e, 0x2f, 0x00, 0x00, 0x2e, 0x30, 0x00, 0x00, 0x2e, 0x31,
  0x00, 0x00, 0x2e, 0x32, 0x00, 0x00, 0x2e, 0x33, 0x00, 0x00, 0x2e, 0x34,
  0x00, 0x00, 0x2e, 0x35, 0x00, 0x00, 0x2e, 0x36, 0x00, 0x00, 0x2e, 0x37,
  0x00, 0x00, 0x2e, 0x38, 0x00, 0x00, 0x2e, 0x39, 0x00, 0x00, 0x2e, 0x3a,
  0x00, 0x00, 0x2e, 0x3b, 0x00, 0x00, 0x2e, 0x3c, 0x00, 0x00, 0x2e, 0x3d,
  0x00, 0x00, 0x2e, 0x3e, 0x00, 0x00, 0x2e, 0x3f, 0x00, 0x00, 0x2e, 0x40,
  0x00, 0x00, 0x2e, 0x41, 0x00, 0x00, 0x2e, 0x42, 0x00, 0x00, 0x2e, 0x43,
  0x00, 0x00, 0x2e, 0x44, 0x00, 0x00, 0x2e, 0x45, 0x00, 0x00, 0x2e, 0x46,
  0x00, 0x00, 0x2e, 0x47, 0x00, 0x00, 0x2e, 0x48, 0x00, 0x00, 0x2e, 0x49,
  0x00, 0x00, 0x2e, 0x4a, 0x00, 0x00, 0x2e, 0x4b, 0x00, 0x00, 0x2e, 0x4c,
  0x00, 0x00, 0x2e, 0x4d, 0x00, 0x00, 0x2e, 0x4e, 0x00, 0x00, 0x2e, 0x4f,
  0x00, 0x00, 0x2e, 0x50, 0x00, 0x00, 0x2e, 0x51, 0x00, 0x00, 0x2e, 0x52,
  0x00, 0x00, 0x2e, 0x53, 0x00, 0x00, 0x2e, 0x54, 0x00, 0x00, 0x2e, 0x55,
  0x00, 0x00, 0x2e, 0x56, 0x00, 0x00, 0x2e, 0x57, 0x00, 0x00, 0x2e, 0x58,
  0x00, 0x00, 0x2e, 0x59, 0x00, 0x00, 0x2e, 0x5a, 0x00, 0x00, 0x2e, 0x5b,
  0x00, 0x00, 0x2e, 0x5c, 0x00, 0x00, 0x2e, 0x5d, 0x00, 0x00, 0x2e, 0x5e,
  0x00, 0x00, 0x2e, 0x5f, 0x00, 0x00, 0x2e, 0x60, 0x00, 0x00, 0x2e, 0x61,
  0x00, 0x00, 0x2e, 0x62, 0x00, 0x00, 0x2e, 0x63, 0x00, 0x00, 0x2e, 0x64,
  0x00, 0x00, 0x2e, 0x65, 0x00, 0x00, 0x2e, 0x66, 0x00, 0x00, 0x2e, 0x67,
  0x00, 0x00, 0x2e, 0x68, 0x00, 0x00, 0x2e, 0x69, 0x00, 0x00, 0x2e, 0x6a,
  0x00, 0x00, 0x2e, 0x6b, 0x00, 0x00, 0x2e, 0x6c, 0x00, 0x00, 0x2e, 0x6d,
  0x00, 0x00, 0x2e, 0x6e, 0x00, 0x00, 0x2e, 0x6f, 0x00, 0x00, 0x2e, 0x70,
  0x00, 0x00, 0x2e, 0x71, 0x00, 0x00, 0x2e, 0x72, 0x00, 0x00, 0x2e, 0x73,
  0x00, 0x00, 0x2e, 0x74, 0x00, 0x00, 0x2e, 0x75, 0x00, 0x00, 0x2e, 0x76,
  0x00, 0x00, 0x2e, 0x77, 0x00, 0x00, 0x2e, 0x78, 0x00, 0x00, 0x2e, 0x79,
  0x00, 0x00, 0x2e, 0x7a, 0x00, 0x00, 0x2e, 0x7b, 0x00, 0x00, 0x2e, 0x7c,
  0x00, 0x00, 0x2e, 0x7d, 0x00, 0x00, 0x2e, 0x7e, 0x00, 0x00, 0x2e, 0x7f,
  0x00, 0x00, 0x2e, 0x80, 0x00, 0x00, 0x2e, 0x81, 0x00, 0x00, 0x2e, 0x82,
  0x00, 0x00, 0x2e, 0x83, 0x00, 0x00, 0x2e, 0x84, 0x00, 0x00, 0x2e, 0x85,
  0x00, 0x00, 0x2e, 0x86, 0x00, 0x00, 0x2e, 0x87, 0x00, 0x00, 0x2e, 0x88,
  0x00, 0x00, 0x2e, 0x89, 0x00, 0x00, 0x2e, 0x8a, 0x00, 0x00, 0x2e, 0x8b,
  0x00, 0x00, 0x2e, 0x8c, 0x00, 0x00, 0x2e, 0x8d, 0x00, 0x00, 0x2e, 0x8e,
  0x00, 0x00, 0x2e, 0x8f, 0x00, 0x00, 0x2e, 0x90, 0x00, 0x00, 0x2e, 0x91,
  0x00, 0x00, 0x2e, 0x92, 0x00, 0x00, 0x2e, 0x93, 0x00, 0x00, 0x2e, 0x94,
  0x00, 0x00, 0x2e, 0x95, 0x00, 0x00, 0x2e, 0x96, 0x00, 0x00, 0x2e, 0x97,
  0x00, 0x00, 0x2e, 0x98, 0x00, 0x00, 0x2e, 0x99, 0x00, 0x00, 0x2e, 0x9a,
  0x00, 0x00, 0x2e, 0x9b, 0x00, 0x00, 0x2e, 0x9c, 0x00, 0x00, 0x2e, 0x9d,
  0x00, 0x00, 0x2e, 0x9e, 0x00, 0x00, 0x2e, 0x9f, 0x00, 0x00, 0x2e, 0xa0,
  0x00, 0x00, 0x2e, 0xa1, 0x00, 0x00, 0x2e, 0xa2, 0x00, 0x00, 0x2e, 0xa3,
  0x00, 0x00, 0x2e, 0xa4, 0x00, 0x00, 0x2e, 0xa5, 0x00, 0x00, 0x2e, 0xa6,
  0x00, 0x00, 0x2e, 0xa7, 0x00, 0x00, 0x2e, 0xa8, 0x00, 0x00, 0x2e, 0xa9,
  0x00, 0x00, 0x2e, 0xaa, 0x00, 0x00, 0x2e, 0xab, 0x00, 0x00, 0x2e, 0xac,
  0x00, 0x00, 0x2e, 0xad, 0x00, 0x00, 0x2e, 0xae, 0x00, 0x00, 0x2e, 0xaf,
  0x00, 0x00, 0x2e, 0xb0, 0x00, 0x00, 0x2e, 0xb1, 0x00, 0x00, 0x2e, 0xb2,
  0x00, 0x00, 0x2e, 0xb3, 0x00, 0x00, 0x2e, 0xb4, 0x00, 0x00, 0x2e, 0xb5,
  0x00, 0x00, 0x2e, 0xb6, 0x00, 0x00, 0x2e, 0xb7, 0x00, 0x00, 0x2e, 0xb8,
  0x00, 0x00, 0x2e, 0xb9, 0x00, 0x00, 0x2e, 0xba, 0x00, 0x00, 0x2e, 0xbb,
  0x00, 0x00, 0x2e, 0xbc, 0x00, 0x00, 0x2e, 0xbd, 0x00, 0x00, 0x2e, 0xbe,
  0x00, 0x00, 0x2e, 0xbf, 0x00, 0x00, 0x2e, 0xc0, 0x00, 0x00, 0x2e, 0xc1,
  0x00, 0x00, 0x2e, 0xc2, 0x00, 0x00, 0x2e, 0xc3, 0x00, 0x00, 0x2e, 0xc4,
  0x00, 0x00, 0x2e, 0xc5, 0x00, 0x00, 0x2e, 0xc6, 0x00, 0x00, 0x2e, 0xc7,
  0x00, 0x00, 0x2e, 0xc8, 0x00, 0x00, 0x2e, 0xc9, 0x00, 0x00, 0x2e, 0xca,
  0x00, 0x00, 0x2e, 0xcb, 0x00, 0x00, 0x2e, 0xcc, 0x00, 0x00, 0x2e, 0xcd,
  0x00, 0x00, 0x2e, 0xce, 0x00, 0x00, 0x2e, 0xcf, 0x00, 0x00, 0x2e, 0xd0,
  0x00, 0x00, 0x2e, 0xd1, 0x00, 0x00, 0x2e, 0xd2, 0x00, 0x00, 0x2e, 0xd3,
  0x00, 0x00, 0x2e, 0xd4, 0x00, 0x00, 0x2e, 0xd5, 0x00, 0x00, 0x2e, 0xd6,
  0x00, 0x00, 0x2e, 0xd7, 0x00, 0x00, 0x2e, 0xd8, 0x00, 0x00, 0x2e, 0xd9,
  0x00, 0x00, 0x2e, 0xda, 0x00, 0x00, 0x2e, 0xdb, 0x00, 0x00, 0x2e, 0xdc,
  0x00, 0x00, 0x2e, 0xdd, 0x00, 0x00, 0x2e, 0xde, 0x00, 0x00, 0x2e, 0xdf,
  0x00, 0x00, 0x2e, 0xe0, 0x00, 0x00, 0x2e, 0xe1, 0x00, 0x00, 0x2e, 0xe2,
  0x00, 0x00, 0x2e, 0xe3, 0x00, 0x00, 0x2e, 0xe4, 0x00, 0x00, 0x2e, 0xe5,
  0x00, 0x00, 0x2e, 0xe6, 0x00, 0x00, 0x2e, 0xe7, 0x00, 0x00, 0x2e, 0xe8,
  0x00, 0x00, 0x2e, 0xe9, 0x00, 0x00, 0x2e, 0xea, 0x00, 0x00, 0x2e, 0xeb,
  0x00, 0x00, 0x2e, 0xec, 0x00, 0x00, 0x2e, 0xed, 0x00, 0x00, 0x2e, 0xee,
  0x00, 0x00, 0x2e, 0xef, 0x00, 0x00, 0x2e, 0xf0, 0x00, 0x00, 0x2e, 0xf1,
  0x00, 0x00, 0x2e, 0xf2, 0x00, 0x00, 0x2e, 0xf3, 0x00, 0x00, 0x2e, 0xf4,
  0x00, 0x00, 0x2e, 0xf5, 0x00, 0x00, 0x2e, 0xf6, 0x00, 0x00, 0x2e, 0xf7,
  0x00, 0x00, 0x2e, 0xf8, 0x00, 0x00, 0x2e, 0xf9, 0x00, 0x00, 0x2e, 0xfa,
  0x00, 0x00, 0x2e, 0xfb, 0x00, 0x00, 0x2e, 0xfc, 0x00, 0x00, 0x2e, 0xfd,
  0x00, 0x00, 0x2e, 0xfe, 0x00, 0x00, 0x2e, 0xff, 0x00, 0x00, 0x2f, 0x00,
  0x00, 0x00, 0x2f, 0x01, 0x00, 0x00, 0x2f, 0x02, 0x00, 0x00, 0x2f, 0x03,
  0x00, 0x00, 0x2f, 0x04, 0x00, 0x00, 0x2f, 0x05, 0x00, 0x00, 0x2f, 0x06,
  0x00, 0x00, 0x2f, 0x07, 0x00, 0x00, 0x2f, 0x08, 0x00, 0x00, 0x2f, 0x09,
  0x00, 0x00, 0x2f, 0x0a, 0x00, 0x00, 0x2f, 0x0b, 0x00, 0x00, 0x2f, 0x0c,
  0x00, 0x00, 0x2f, 0x0d, 0x00, 0x00, 0x2f, 0x0e, 0x00, 0x00, 0x2f, 0x0f,
  0x00, 0x00, 0x2f, 0x10, 0x00, 0x00, 0x2f, 0x11, 0x00, 0x00, 0x2f, 0x12,
  0x00, 0x00, 0x2f, 0x13, 0x00, 0x00, 0x2f, 0x14, 0x00, 0x00, 0x2f, 0x15,
  0x00, 0x00, 0x2f, 0x16, 0x00, 0x00, 0x2f, 0x17, 0x00, 0x00, 0x2f, 0x18,
  0x00, 0x00, 0x2f, 0x19, 0x00, 0x00, 0x2f, 0x1a, 0x00, 0x00, 0x2f, 0x1b,
  0x00, 0x00, 0x2f, 0x1c, 0x00, 0x00, 0x2f, 0x1d, 0x00, 0x00, 0x2f, 0x1e,
  0x00, 0x00, 0x2f, 0x1f, 0x00, 0x00, 0x2f, 0x20, 0x00, 0x00, 0x2f, 0x21,
  0x00, 0x00, 0x2f, 0x22, 0x00, 0x00, 0x2f, 0x23, 0x00, 0x00, 0x2f, 0x24,
  0x00, 0x00, 0x2f, 0x25, 0x00, 0x00, 0x2f, 0x26, 0x00, 0x00, 0x2f, 0x27,
  0x00, 0x00, 0x2f, 0x28, 0x00, 0x00, 0x2f, 0x29, 0x00, 0x00, 0x2f, 0x2a,
  0x00, 0x00, 0x2f, 0x2b, 0x00, 0x00, 0x2f, 0x2c, 0x00, 0x00, 0x2f, 0x2d,
  0x00, 0x00, 0x2f, 0x2e, 0x00, 0x00, 0x2f, 0x2f, 0x00, 0x00, 0x2f, 0x30,
  0x00, 0x00, 0x2f, 0x31, 0x00, 0x00, 0x2f, 0x32, 0x00, 0x00, 0x2f, 0x33,
  0x00, 0x00, 0x2f, 0x34, 0x00, 0x00, 0x2f, 0x35, 0x00, 0x00, 0x2f, 0x36,
  0x00, 0x00, 0x2f, 0x37, 0x00, 0x00, 0x2f, 0x38, 0x00, 0x00, 0x2f, 0x39,
  0x00, 0x00, 0x2f, 0x3a, 0x00, 0x00, 0x2f, 0x3b, 0x00, 0x00, 0x2f, 0x3c,
  0x00, 0x00, 0x2f, 0x3d, 0x00, 0x00, 0x2f, 0x3e, 0x00, 0x00, 0x2f, 0x3f,
  0x00, 0x00, 0x2f, 0x40, 0x00, 0x00, 0x2f, 0x41, 0x00, 0x00, 0x2f, 0x42,
  0x00, 0x00, 0x2f, 0x43, 0x00, 0x00, 0x2f, 0x44, 0x00, 0x00, 0x2f, 0x45,
  0x00, 0x00, 0x2f, 0x46, 0x00, 0x00, 0x2f, 0x47, 0x00, 0x00, 0x2f, 0x48,
  0x00, 0x00, 0x2f, 0x49, 0x00, 0x00, 0x2f, 0x4a, 0x00, 0x00, 0x2f, 0x4b,
  0x00, 0x00, 0x2f, 0x4c, 0x00, 0x00, 0x2f, 0x4d, 0x00, 0x00, 0x2f, 0x4e,
  0x00, 0x00, 0x2f, 0x4f, 0x00, 0x00, 0x2f, 0x50, 0x00, 0x00, 0x2f, 0x51,
  0x00, 0x00, 0x2f, 0x52, 0x00, 0x00, 0x2f, 0x53, 0x00, 0x00, 0x2f, 0x54,
  0x00, 0x00, 0x2f, 0x55, 0x00, 0x00, 0x2f, 0x56, 0x00, 0x00, 0x2f, 0x57,
  0x00, 0x00, 0x2f, 0x58, 0x00, 0x00, 0x2f, 0x59, 0x00, 0x00, 0x2f, 0x5a,
  0x00, 0x00, 0x2f, 0x5b, 0x00, 0x00, 0x2f, 0x5c, 0x00, 0x00, 0x2f, 0x5d,
  0x00, 0x00, 0x2f, 0x5e, 0x00, 0x00, 0x2f, 0x5f, 0x00, 0x00, 0x2f, 0x60,
  0x00, 0x00, 0x2f, 0x61, 0x00, 0x00, 0x2f, 0x62, 0x00, 0x00, 0x2f, 0x63,
  0x00, 0x00, 0x2f, 0x64, 0x00, 0x00, 0x2f, 0x65, 0x00, 0x00, 0x2f, 0x66,
  0x00, 0x00, 0x2f, 0x67, 0x00, 0x00, 0x2f, 0x68, 0x00, 0x00, 0x2f, 0x69,
  0x00, 0x00, 0x2f, 0x6a, 0x00, 0x00, 0x2f, 0x6b, 0x00, 0x00, 0x2f, 0x6c,
  0x00, 0x00, 0x2f, 0x6d, 0x00, 0x00, 0x2f, 0x6e, 0x00, 0x00, 0x2f, 0x6f,
  0x00, 0x00, 0x2f, 0x70, 0x00, 0x00, 0x2f, 0x71, 0x00, 0x00, 0x2f, 0x72,
  0x00, 0x00, 0x2f, 0x73, 0x00, 0x00, 0x2f, 0x74, 0x00, 0x00, 0x2f, 0x75,
  0x00, 0x00, 0x2f, 0x76, 0x00, 0x00, 0x2f, 0x77, 0x00, 0x00, 0x2f, 0x78,
  0x00, 0x00, 0x2f, 0x79, 0x00, 0x00, 0x2f, 0x7a, 0x00, 0x00, 0x2f, 0x7b,
  0x00, 0x00, 0x2f, 0x7c, 0x00, 0x00, 0x2f, 0x7d, 0x00, 0x00, 0x2f, 0x7e,
  0x00, 0x00, 0x2f, 0x7f, 0x00, 0x00, 0x2f, 0x80, 0x00, 0x00, 0x2f, 0x81,
  0x00, 0x00, 0x2f, 0x82, 0x00, 0x00, 0x2f, 0x83, 0x00, 0x00, 0x2f, 0x84,
  0x00, 0x00, 0x2f, 0x85, 0x00, 0x00, 0x2f, 0x86, 0x00, 0x00, 0x2f, 0x87,
  0x00, 0x00, 0x2f, 0x88, 0x00, 0x00, 0x2f, 0x89, 0x00, 0x00, 0x2f, 0x8a,
  0x00, 0x00, 0x2f, 0x8b, 0x00, 0x00, 0x2f, 0x8c, 0x00, 0x00, 0x2f, 0x8d,
  0x00, 0x00, 0x2f, 0x8e, 0x00, 0x00, 0x2f, 0x8f, 0x00, 0x00, 0x2f, 0x90,
  0x00, 0x00, 0x2f, 0x91, 0x00, 0x00, 0x2f, 0x92, 0x00, 0x00, 0x2f, 0x93,
  0x00, 0x00, 0x2f, 0x94, 0x00, 0x00, 0x2f, 0x95, 0x00, 0x00, 0x2f, 0x96,
  0x00, 0x00, 0x2f, 0x97, 0x00, 0x00, 0x2f, 0x98, 0x00, 0x00, 0x2f, 0x99,
  0x00, 0x00, 0x2f, 0x9a, 0x00, 0x00, 0x2f, 0x9b, 0x00, 0x00, 0x2f, 0x9c,
  0x00, 0x00, 0x2f, 0x9d, 0x00, 0x00, 0x2f, 0x9e, 0x00, 0x00, 0x2f, 0x9f,
  0x00, 0x00, 0x2f, 0xa0, 0x00, 0x00, 0x2f, 0xa1, 0x00, 0x00, 0x2f, 0xa2,
  0x00, 0x00, 0x2f, 0xa3, 0x00, 0x00, 0x2f, 0xa4, 0x00, 0x00, 0x2f, 0xa5,
  0x00, 0x00, 0x2f, 0xa6, 0x00, 0x00, 0x2f, 0xa7, 0x00, 0x00, 0x2f, 0xa8,
  0x00, 0x00, 0x2f, 0xa9, 0x00, 0x00, 0x2f, 0xaa, 0x00, 0x00, 0x2f, 0xab,
  0x00, 0x00, 0x2f, 0xac, 0x00, 0x00, 0x2f, 0xad, 0x00, 0x00, 0x2f, 0xae,
  0x00, 0x00, 0x2f, 0xaf, 0x00, 0x00, 0x2f, 0xb0, 0x00, 0x00, 0x2f, 0xb1,
  0x00, 0x00, 0x2f, 0xb2, 0x00, 0x00, 0x2f, 0xb3, 0x00, 0x00, 0x2f, 0xb4,
  0x00, 0x00, 0x2f, 0xb5, 0x00, 0x00, 0x2f, 0xb6, 0x00, 0x00, 0x2f, 0xb7,
  0x00, 0x00, 0x2f, 0xb8, 0x00, 0x00, 0x2f, 0xb9, 0x00, 0x00, 0x2f, 0xba,
  0x00, 0x00, 0x2f, 0xbb, 0x00, 0x00, 0x2f, 0xbc, 0x00, 0x00, 0x2f, 0xbd,
  0x00, 0x00, 0x2f, 0xbe, 0x00, 0x00, 0x2f, 0xbf, 0x00, 0x00, 0x2f, 0xc0,
  0x00, 0x00, 0x2f, 0xc1, 0x00, 0x00, 0x2f, 0xc2, 0x00, 0x00, 0x2f, 0xc3,
  0x00, 0x00, 0x2f, 0xc4, 0x00, 0x00, 0x2f, 0xc5, 0x00, 0x00, 0x2f, 0xc6,
  0x00, 0x00, 0x2f, 0xc7, 0x00, 0x00, 0x2f, 0xc8, 0x00, 0x00, 0x2f, 0xc9,
  0x00, 0x00, 0x2f, 0xca, 0x00, 0x00, 0x2f, 0xcb, 0x00, 0x00, 0x2f, 0xcc,
  0x00, 0x00, 0x2f, 0xcd, 0x00, 0x00, 0x2f, 0xce, 0x00, 0x00, 0x2f, 0xcf,
  0x00, 0x00, 0x2f, 0xd0, 0x00, 0x00, 0x2f, 0xd1, 0x00, 0x00, 0x2f, 0xd2,
  0x00, 0x00, 0x2f, 0xd3, 0x00, 0x00, 0x2f, 0xd4, 0x00, 0x00, 0x2f, 0xd5,
  0x00, 0x00, 0x2f, 0xd6, 0x00, 0x00, 0x2f, 0xd7, 0x00, 0x00, 0x2f, 0xd8,
  0x00, 0x00, 0x2f, 0xd9, 0x00, 0x00, 0x2f, 0xda, 0x00, 0x00, 0x2f, 0xdb,
  0x00, 0x00, 0x2f, 0xdc, 0x00, 0x00, 0x2f, 0xdd, 0x00, 0x00, 0x2f, 0xde,
  0x00, 0x00, 0x2f, 0xdf, 0x00, 0x00, 0x2f, 0xe0, 0x00, 0x00, 0x2f, 0xe1,
  0x00, 0x00, 0x2f, 0xe2, 0x00, 0x00, 0x2f, 0xe3, 0x00, 0x00, 0x2f, 0xe4,
  0x00, 0x00, 0x2f, 0xe5, 0x00, 0x00, 0x2f, 0xe6, 0x00, 0x00, 0x2f, 0xe7,
  0x00, 0x00, 0x2f, 0xe8, 0x00, 0x00, 0x2f, 0xe9, 0x00, 0x00, 0x2f, 0xea,
  0x00, 0x00, 0x2f, 0xeb, 0x00, 0x00, 0x2f, 0xec, 0x00, 0x00, 0x2f, 0xed,
  0x00, 0x00, 0x2f, 0xee, 0x00, 0x00, 0x2f, 0xef, 0x00, 0x00, 0x2f, 0xf0,
  0x00, 0x00, 0x2f, 0xf1, 0x00, 0x00, 0x2f, 0xf2, 0x00, 0x00, 0x2f, 0xf3,
  0x00, 0x00, 0x2f, 0xf4, 0x00, 0x00, 0x2f, 0xf5, 0x00, 0x00, 0x2f, 0xf6,
  0x00, 0x00, 0x2f, 0xf7, 0x00, 0x00, 0x2f, 0xf8, 0x00, 0x00, 0x2f, 0xf9,
  0x00, 0x00, 0x2f, 0xfa, 0x00, 0x00, 0x2f, 0xfb, 0x00, 0x00, 0x2f, 0xfc,
  0x00, 0x00, 0x2f, 0xfd, 0x00, 0x00, 0x2f, 0xfe, 0x00, 0x00, 0x2f, 0xff,
  0x00, 0x00, 0x30, 0x00, 0x00, 0x00, 0x30, 0x01, 0x00, 0x00, 0x30, 0x02,
  0x00, 0x00, 0x30, 0x03, 0x00, 0x00, 0x30, 0x04, 0x00, 0x00, 0x30, 0x05,
  0x00, 0x00, 0x30, 0x06, 0x00, 0x00, 0x30, 0x07, 0x00, 0x00, 0x30, 0x08,
  0x00, 0x00, 0x30, 0x09, 0x00, 0x00, 0x30, 0x0a, 0x00, 0x00, 0x30, 0x0b,
  0x00, 0x00, 0x30, 0x0c, 0x00, 0x00, 0x30, 0x0d, 0x00, 0x00, 0x30, 0x0e,
  0x00, 0x00, 0x30, 0x0f, 0x00, 0x00, 0x30, 0x10, 0x00, 0x00, 0x30, 0x11,
  0x00, 0x00, 0x30, 0x12, 0x00, 0x00, 0x30, 0x13, 0x00, 0x00, 0x30, 0x14,
  0x00, 0x00, 0x30, 0x15, 0x00, 0x00, 0x30, 0x16, 0x00, 0x00, 0x30, 0x17,
  0x00, 0x00, 0x30, 0x18, 0x00, 0x00, 0x30, 0x19, 0x00, 0x00, 0x30, 0x1a,
  0x00, 0x00, 0x30, 0x1b, 0x00, 0x00, 0x30, 0x1c, 0x00, 0x00, 0x30, 0x1d,
  0x00, 0x00, 0x30, 0x1e, 0x00, 0x00, 0x30, 0x1f, 0x00, 0x00, 0x30, 0x20,
  0x00, 0x00, 0x30, 0x21, 0x00, 0x00, 0x30, 0x22, 0x00, 0x00, 0x30, 0x23,
  0x00, 0x00, 0x30, 0x24, 0x00, 0x00, 0x30, 0x25, 0x00, 0x00, 0x30, 0x26,
  0x00, 0x00, 0x30, 0x27, 0x00, 0x00, 0x30, 0x28, 0x00, 0x00, 0x30, 0x29,
  0x00, 0x00, 0x30, 0x2a, 0x00, 0x00, 0x30, 0x2b, 0x00, 0x00, 0x30, 0x2c,
  0x00, 0x00, 0x30, 0x2d, 0x00, 0x00, 0x30, 0x2e, 0x00, 0x00, 0x30, 0x2f,
  0x00, 0x00, 0x30, 0x30, 0x00, 0x00, 0x30, 0x31, 0x00, 0x00, 0x30, 0x32,
  0x00, 0x00, 0x30, 0x33, 0x00, 0x00, 0x30, 0x34, 0x00, 0x00, 0x30, 0x35,
  0x00, 0x00, 0x30, 0x36, 0x00, 0x00, 0x30, 0x37, 0x00, 0x00, 0x30, 0x38,
  0x00, 0x00, 0x30, 0x39, 0x00, 0x00, 0x30, 0x3a, 0x00, 0x00, 0x30, 0x3b,
  0x00, 0x00, 0x30, 0x3c, 0x00, 0x00, 0x30, 0x3d, 0x00, 0x00, 0x30, 0x3e,
  0x00, 0x00, 0x30, 0x3f, 0x00, 0x00, 0x30, 0x40, 0x00, 0x00, 0x30, 0x41,
  0x00, 0x00, 0x30, 0x42, 0x00, 0x00, 0x30, 0x43, 0x00, 0x00, 0x30, 0x44,
  0x00, 0x00, 0x30, 0x45, 0x00, 0x00, 0x30, 0x46, 0x00, 0x00, 0x30, 0x47,
  0x00, 0x00, 0x30, 0x48, 0x00, 0x00, 0x30, 0x49, 0x00, 0x00, 0x30, 0x4a,
  0x00, 0x00, 0x30, 0x4b, 0x00, 0x00, 0x30, 0x4c, 0x00, 0x00, 0x30, 0x4d,
  0x00, 0x00, 0x30, 0x4e, 0x00, 0x00, 0x30, 0x4f, 0x00, 0x00, 0x30, 0x50,
  0x00, 0x00, 0x30, 0x51, 0x00, 0x00, 0x30, 0x52, 0x00, 0x00, 0x30, 0x53,
  0x00, 0x00, 0x30, 0x54, 0x00, 0x00, 0x30, 0x55, 0x00, 0x00, 0x30, 0x56,
  0x00, 0x00, 0x30, 0x57, 0x00, 0x00, 0x30, 0x58, 0x00, 0x00, 0x30, 0x59,
  0x00, 0x00, 0x30, 0x5a, 0x00, 0x00, 0x30, 0x5b, 0x00, 0x00, 0x30, 0x5c,
  0x00, 0x00, 0x30, 0x5d, 0x00, 0x00, 0x30, 0x5e, 0x00, 0x00, 0x30, 0x5f,
  0x00, 0x00, 0x30, 0x60, 0x00, 0x00, 0x30, 0x61, 0x00, 0x00, 0x30, 0x62,
  0x00, 0x00, 0x30, 0x63, 0x00, 0x00, 0x30, 0x64, 0x00, 0x00, 0x30, 0x65,
  0x00, 0x00, 0x30, 0x66, 0x00, 0x00, 0x30, 0x67, 0x00, 0x00, 0x30, 0x68,
  0x00, 0x00, 0x30, 0x69, 0x00, 0x00, 0x30, 0x6a, 0x00, 0x00, 0x30, 0x6b,
  0x00, 0x00, 0x30, 0x6c, 0x00, 0x00, 0x30, 0x6d, 0x00, 0x00, 0x30, 0x6e,
  0x00, 0x00, 0x30, 0x6f, 0x00, 0x00, 0x30, 0x70, 0x00, 0x00, 0x30, 0x71,
  0x00, 0x00, 0x30, 0x72, 0x00, 0x00, 0x30, 0x73, 0x00, 0x00, 0x30, 0x74,
  0x00, 0x00, 0x30, 0x75, 0x00, 0x00, 0x30, 0x76, 0x00, 0x00, 0x30, 0x77,
  0x00, 0x00, 0x30, 0x78, 0x00, 0x00, 0x30, 0x79, 0x00, 0x00, 0x30, 0x7a,
  0x00, 0x00, 0x30, 0x7b, 0x00, 0x00, 0x30, 0x7c, 0x00, 0x00, 0x30, 0x7d,
  0x00, 0x00, 0x30, 0x7e, 0x00, 0x00, 0x30, 0x7f, 0x00, 0x00, 0x30, 0x80,
  0x00, 0x00, 0x30, 0x81, 0x00, 0x00, 0x30, 0x82, 0x00, 0x00, 0x30, 0x83,
  0x00, 0x00, 0x30, 0x84, 0x00, 0x00, 0x30, 0x85, 0x00, 0x00, 0x30, 0x86,
  0x00, 0x00, 0x30, 0x87, 0x00, 0x00, 0x30, 0x88, 0x00, 0x00, 0x30, 0x89,
  0x00, 0x00, 0x30, 0x8a, 0x00, 0x00, 0x30, 0x8b, 0x00, 0x00, 0x30, 0x8c,
  0x00, 0x00, 0x30, 0x8d, 0x00, 0x00, 0x30, 0x8e, 0x00, 0x00, 0x30, 0x8f,
  0x00, 0x00, 0x30, 0x90, 0x00, 0x00, 0x30, 0x91, 0x00, 0x00, 0x30, 0x92,
  0x00, 0x00, 0x30, 0x93, 0x00, 0x00, 0x30, 0x94, 0x00, 0x00, 0x30, 0x95,
  0x00, 0x00, 0x30, 0x96, 0x00, 0x00, 0x30, 0x97, 0x00, 0x00, 0x30, 0x98,
  0x00, 0x00, 0x30, 0x99, 0x00, 0x00, 0x30, 0x9a, 0x00, 0x00, 0x30, 0x9b,
  0x00, 0x00, 0x30, 0x9c, 0x00, 0x00, 0x30, 0x9d, 0x00, 0x00, 0x30, 0x9e,
  0x00, 0x00, 0x30, 0x9f, 0x00, 0x00, 0x30, 0xa0, 0x00, 0x00, 0x30, 0xa1,
  0x00, 0x00, 0x30, 0xa2, 0x00, 0x00, 0x30, 0xa3, 0x00, 0x00, 0x30, 0xa4,
  0x00, 0x00, 0x30, 0xa5, 0x00, 0x00, 0x30, 0xa6, 0x00, 0x00, 0x30, 0xa7,
  0x00, 0x00, 0x30, 0xa8, 0x00, 0x00, 0x30, 0xa9, 0x00, 0x00, 0x30, 0xaa,
  0x00, 0x00, 0x30, 0xab, 0x00, 0x00, 0x30, 0xac, 0x00, 0x00, 0x30, 0xad,
  0x00, 0x00, 0x30, 0xae, 0x00, 0x00, 0x30, 0xaf, 0x00, 0x00, 0x30, 0xb0,
  0x00, 0x00, 0x30, 0xb1, 0x00, 0x00, 0x30, 0xb2, 0x00, 0x00, 0x30, 0xb3,
  0x00, 0x00, 0x30, 0xb4, 0x00, 0x00, 0x30, 0xb5, 0x00, 0x00, 0x30, 0xb6,
  0x00, 0x00, 0x30, 0xb7, 0x00, 0x00, 0x30, 0xb8, 0x00, 0x00, 0x30, 0xb9,
  0x00, 0x00, 0x30, 0xba, 0x00, 0x00, 0x30, 0xbb, 0x00, 0x00, 0x30, 0xbc,
  0x00, 0x00, 0x30, 0xbd, 0x00, 0x00, 0x30, 0xbe, 0x00, 0x00, 0x30, 0xbf,
  0x00, 0x00, 0x30, 0xc0, 0x00, 0x00, 0x30, 0xc1, 0x00, 0x00, 0x30, 0xc2,
  0x00, 0x00, 0x30, 0xc3, 0x00, 0x00, 0x30, 0xc4, 0x00, 0x00, 0x30, 0xc5,
  0x00, 0x00, 0x30, 0xc6, 0x00, 0x00, 0x30, 0xc7, 0x00, 0x00, 0x30, 0xc8,
  0x00, 0x00, 0x30, 0xc9, 0x00, 0x00, 0x30, 0xca, 0x00, 0x00, 0x30, 0xcb,
  0x00, 0x00, 0x30, 0xcc, 0x00, 0x00, 0x30, 0xcd, 0x00, 0x00, 0x30, 0xce,
  0x00, 0x00, 0x30, 0xcf, 0x00, 0x00, 0x30, 0xd0, 0x00, 0x00, 0x30, 0xd1,
  0x00, 0x00, 0x30, 0xd2, 0x00, 0x00, 0x30, 0xd3, 0x00, 0x00, 0x30, 0xd4,
  0x00, 0x00, 0x30, 0xd5, 0x00, 0x00, 0x30, 0xd6, 0x00, 0x00, 0x30, 0xd7,
  0x00, 0x00, 0x30, 0xd8, 0x00, 0x00, 0x30, 0xd9, 0x00, 0x00, 0x30, 0xda,
  0x00, 0x00, 0x30, 0xdb, 0x00, 0x00, 0x30, 0xdc, 0x00, 0x00, 0x30, 0xdd,
  0x00, 0x00, 0x30, 0xde, 0x00, 0x00, 0x30, 0xdf, 0x00, 0x00, 0x30, 0xe0,
  0x00, 0x00, 0x30, 0xe1, 0x00, 0x00, 0x30, 0xe2, 0x00, 0x00, 0x30, 0xe3,
  0x00, 0x00, 0x30, 0xe4, 0x00, 0x00, 0x30, 0xe5, 0x00, 0x00, 0x30, 0xe6,
  0x00, 0x00, 0x30, 0xe7, 0x00, 0x00, 0x30, 0xe8, 0x00, 0x00, 0x30, 0xe9,
  0x00, 0x00, 0x30, 0xea, 0x00, 0x00, 0x30, 0xeb, 0x00, 0x00, 0x30, 0xec,
  0x00, 0x00, 0x30, 0xed, 0x00, 0x00, 0x30, 0xee, 0x00, 0x00, 0x30, 0xef,
  0x00, 0x00, 0x30, 0xf0, 0x00, 0x00, 0x30, 0xf1, 0x00, 0x00, 0x30, 0xf2,
  0x00, 0x00, 0x30, 0xf3, 0x00, 0x00, 0x30, 0xf4, 0x00, 0x00, 0x30, 0xf5,
  0x00, 0x00, 0x30, 0xf6, 0x00, 0x00, 0x30, 0xf7, 0x00, 0x00, 0x30, 0xf8,
  0x00, 0x00, 0x30, 0xf9, 0x00, 0x00, 0x30, 0xfa, 0x00, 0x00, 0x30, 0xfb,
  0x00, 0x00, 0x30, 0xfc, 0x00, 0x00, 0x30, 0xfd, 0x00, 0x00, 0x30, 0xfe,
  0x00, 0x00, 0x30, 0xff, 0x00, 0x00, 0x31, 0x00, 0x00, 0x00, 0x31, 0x01,
  0x00, 0x00, 0x31, 0x02, 0x00, 0x00, 0x31, 0x03, 0x00, 0x00, 0x31, 0x04,
  0x00, 0x00, 0x31, 0x05, 0x00, 0x00, 0x31, 0x06, 0x00, 0x00, 0x31, 0x07,
  0x00, 0x00, 0x31, 0x08, 0x00, 0x00, 0x31, 0x09, 0x00, 0x00, 0x31, 0x0a,
  0x00, 0x00, 0x31, 0x0b, 0x00, 0x00, 0x31, 0x0c, 0x00, 0x00, 0x31, 0x0d,
  0x00, 0x00, 0x31, 0x0e, 0x00, 0x00, 0x31, 0x0f, 0x00, 0x00, 0x31, 0x10,
  0x00, 0x00, 0x31, 0x11, 0x00, 0x00, 0x31, 0x12, 0x00, 0x00, 0x31, 0x13,
  0x00, 0x00, 0x31, 0x14, 0x00, 0x00, 0x31, 0x15, 0x00, 0x00, 0x31, 0x16,
  0x00, 0x00, 0x31, 0x17, 0x00, 0x00, 0x31, 0x18, 0x00, 0x00, 0x31, 0x19,
  0x00, 0x00, 0x31, 0x1a, 0x00, 0x00, 0x31, 0x1b, 0x00, 0x00, 0x31, 0x1c,
  0x00, 0x00, 0x31, 0x1d, 0x00, 0x00, 0x31, 0x1e, 0x00, 0x00, 0x31, 0x1f,
  0x00, 0x00, 0x31, 0x20, 0x00, 0x00, 0x31, 0x21, 0x00, 0x00, 0x31, 0x22,
  0x00, 0x00, 0x31, 0x23, 0x00, 0x00, 0x31, 0x24, 0x00, 0x00, 0x31, 0x25,
  0x00, 0x00, 0x31, 0x26, 0x00, 0x00, 0x31, 0x27, 0x00, 0x00, 0x31, 0x28,
  0x00, 0x00, 0x31, 0x29, 0x00, 0x00, 0x31, 0x2a, 0x00, 0x00, 0x31, 0x2b,
  0x00, 0x00, 0x31, 0x2c, 0x00, 0x00, 0x31, 0x2d, 0x00, 0x00, 0x31, 0x2e,
  0x00, 0x00, 0x31, 0x2f, 0x00, 0x00, 0x31, 0x30, 0x00, 0x00, 0x31, 0x31,
  0x00, 0x00, 0x31, 0x32, 0x00, 0x00, 0x31, 0x33, 0x00, 0x00, 0x31, 0x34,
  0x00, 0x00, 0x31, 0x35, 0x00, 0x00, 0x31, 0x36, 0x00, 0x00, 0x31, 0x37,
  0x00, 0x00, 0x31, 0x38, 0x00, 0x00, 0x31, 0x39, 0x00, 0x00, 0x31, 0x3a,
  0x00, 0x00, 0x31, 0x3b, 0x00, 0x00, 0x31, 0x3c, 0x00, 0x00, 0x31, 0x3d,
  0x00, 0x00, 0x31, 0x3e, 0x00, 0x00, 0x31, 0x3f, 0x00, 0x00, 0x31, 0x40,
  0x00, 0x00, 0x31, 0x41, 0x00, 0x00, 0x31, 0x42, 0x00, 0x00, 0x31, 0x43,
  0x00, 0x00, 0x31, 0x44, 0x00, 0x00, 0x31, 0x45, 0x00, 0x00, 0x31, 0x46,
  0x00, 0x00, 0x31, 0x47, 0x00, 0x00, 0x31, 0x48, 0x00, 0x00, 0x31, 0x49,
  0x00, 0x00, 0x31, 0x4a, 0x00, 0x00, 0x31, 0x4b, 0x00, 0x00, 0x31, 0x4c,
  0x00, 0x00, 0x31, 0x4d, 0x00, 0x00, 0x31, 0x4e, 0x00, 0x00, 0x31, 0x4f,
  0x00, 0x00, 0x31, 0x50, 0x00, 0x00, 0x31, 0x51, 0x00, 0x00, 0x31, 0x52,
  0x00, 0x00, 0x31, 0x53, 0x00, 0x00, 0x31, 0x54, 0x00, 0x00, 0x31, 0x55,
  0x00, 0x00, 0x31, 0x56, 0x00, 0x00, 0x31, 0x57, 0x00, 0x00, 0x31, 0x58,
  0x00, 0x00, 0x31, 0x59, 0x00, 0x00, 0x31, 0x5a, 0x00, 0x00, 0x31, 0x5b,
  0x00, 0x00, 0x31, 0x5c, 0x00, 0x00, 0x31, 0x5d, 0x00, 0x00, 0x31, 0x5e,
  0x00, 0x00, 0x31, 0x5f, 0x00, 0x00, 0x31, 0x60, 0x00, 0x00, 0x31, 0x61,
  0x00, 0x00, 0x31, 0x62, 0x00, 0x00, 0x31, 0x63, 0x00, 0x00, 0x31, 0x64,
  0x00, 0x00, 0x31, 0x65, 0x00, 0x00, 0x31, 0x66, 0x00, 0x00, 0x31, 0x67,
  0x00, 0x00, 0x31, 0x68, 0x00, 0x00, 0x31, 0x69, 0x00, 0x00, 0x31, 0x6a,
  0x00, 0x00, 0x31, 0x6b, 0x00, 0x00, 0x31, 0x6c, 0x00, 0x00, 0x31, 0x6d,
  0x00, 0x00, 0x31, 0x6e, 0x00, 0x00, 0x31, 0x6f, 0x00, 0x00, 0x31, 0x70,
  0x00, 0x00, 0x31, 0x71, 0x00, 0x00, 0x31, 0x72, 0x00, 0x00, 0x31, 0x73,
  0x00, 0x00, 0x31, 0x74, 0x00, 0x00, 0x31, 0x75, 0x00, 0x00, 0x31, 0x76,
  0x00, 0x00, 0x31, 0x77, 0x00, 0x00, 0x31, 0x78, 0x00, 0x00, 0x31, 0x79,
  0x00, 0x00, 0x31, 0x7a, 0x00, 0x00, 0x31, 0x7b, 0x00, 0x00, 0x31, 0x7c,
  0x00, 0x00, 0x31, 0x7d, 0x00, 0x00, 0x31, 0x7e, 0x00, 0x00, 0x31, 0x7f,
  0x00, 0x00, 0x31, 0x80, 0x00, 0x00, 0x31, 0x81, 0x00, 0x00, 0x31, 0x82,
  0x00, 0x00, 0x31, 0x83, 0x00, 0x00, 0x31, 0x84, 0x00, 0x00, 0x31, 0x85,
  0x00, 0x00, 0x31, 0x86, 0x00, 0x00, 0x31, 0x87, 0x00, 0x00, 0x31, 0x88,
  0x00, 0x00, 0x31, 0x89, 0x00, 0x00, 0x31, 0x8a, 0x00, 0x00, 0x31, 0x8b,
  0x00, 0x00, 0x31, 0x8c, 0x00, 0x00, 0x31, 0x8d, 0x00, 0x00, 0x31, 0x8e,
  0x00, 0x00, 0x31, 0x8f, 0x00, 0x00, 0x31, 0x90, 0x00, 0x00, 0x31, 0x91,
  0x00, 0x00, 0x31, 0x92, 0x00, 0x00, 0x31, 0x93, 0x00, 0x00, 0x31, 0x94,
  0x00, 0x00, 0x31, 0x95, 0x00, 0x00, 0x31, 0x96, 0x00, 0x00, 0x31, 0x97,
  0x00, 0x00, 0x31, 0x98, 0x00, 0x00, 0x31, 0x99, 0x00, 0x00, 0x31, 0x9a,
  0x00, 0x00, 0x31, 0x9b, 0x00, 0x00, 0x31, 0x9c, 0x00, 0x00, 0x31, 0x9d,
  0x00, 0x00, 0x31, 0x9e, 0x00, 0x00, 0x31, 0x9f, 0x00, 0x00, 0x31, 0xa0,
  0x00, 0x00, 0x31, 0xa1, 0x00, 0x00, 0x31, 0xa2, 0x00, 0x00, 0x31, 0xa3,
  0x00, 0x00, 0x31, 0xa4, 0x00, 0x00, 0x31, 0xa5, 0x00, 0x00, 0x31, 0xa6,
  0x00, 0x00, 0x31, 0xa7, 0x00, 0x00, 0x31, 0xa8, 0x00, 0x00, 0x31, 0xa9,
  0x00, 0x00, 0x31, 0xaa, 0x00, 0x00, 0x31, 0xab, 0x00, 0x00, 0x31, 0xac,
  0x00, 0x00, 0x31, 0xad, 0x00, 0x00, 0x31, 0xae, 0x00, 0x00, 0x31, 0xaf,
  0x00, 0x00, 0x31, 0xb0, 0x00, 0x00, 0x31, 0xb1, 0x00, 0x00, 0x31, 0xb2,
  0x00, 0x00, 0x31, 0xb3, 0x00, 0x00, 0x31, 0xb4, 0x00, 0x00, 0x31, 0xb5,
  0x00, 0x00, 0x31, 0xb6, 0x00, 0x00, 0x31, 0xb7, 0x00, 0x00, 0x31, 0xb8,
  0x00, 0x00, 0x31, 0xb9, 0x00, 0x00, 0x31, 0xba, 0x00, 0x00, 0x31, 0xbb,
  0x00, 0x00, 0x31, 0xbc, 0x00, 0x00, 0x31, 0xbd, 0x00, 0x00, 0x31, 0xbe,
  0x00, 0x00, 0x31, 0xbf, 0x00, 0x00, 0x31, 0xc0, 0x00, 0x00, 0x31, 0xc1,
  0x00, 0x00, 0x31, 0xc2, 0x00, 0x00, 0x31, 0xc3, 0x00, 0x00, 0x31, 0xc4,
  0x00, 0x00, 0x31, 0xc5, 0x00, 0x00, 0x31, 0xc6, 0x00, 0x00, 0x31, 0xc7,
  0x00, 0x00, 0x31, 0xc8, 0x00, 0x00, 0x31, 0xc9, 0x00, 0x00, 0x31, 0xca,
  0x00, 0x00, 0x31, 0xcb, 0x00, 0x00, 0x31, 0xcc, 0x00, 0x00, 0x31, 0xcd,
  0x00, 0x00, 0x31, 0xce, 0x00, 0x00, 0x31, 0xcf, 0x00, 0x00, 0x31, 0xd0,
  0x00, 0x00, 0x31, 0xd1, 0x00, 0x00, 0x31, 0xd2, 0x00, 0x00, 0x31, 0xd3,
  0x00, 0x00, 0x31, 0xd4, 0x00, 0x00, 0x31, 0xd5, 0x00, 0x00, 0x31, 0xd6,
  0x00, 0x00, 0x31, 0xd7, 0x00, 0x00, 0x31, 0xd8, 0x00, 0x00, 0x31, 0xd9,
  0x00, 0x00, 0x31, 0xda, 0x00, 0x00, 0x31, 0xdb, 0x00, 0x00, 0x31, 0xdc,
  0x00, 0x00, 0x31, 0xdd, 0x00, 0x00, 0x31, 0xde, 0x00, 0x00, 0x31, 0xdf,
  0x00, 0x00, 0x31, 0xe0, 0x00, 0x00, 0x31, 0xe1, 0x00, 0x00, 0x31, 0xe2,
  0x00, 0x00, 0x31, 0xe3, 0x00, 0x00, 0x31, 0xe4, 0x00, 0x00, 0x31, 0xe5,
  0x00, 0x00, 0x31, 0xe6, 0x00, 0x00, 0x31, 0xe7, 0x00, 0x00, 0x31, 0xe8,
  0x00, 0x00, 0x31, 0xe9, 0x00, 0x00, 0x31, 0xea, 0x00, 0x00, 0x31, 0xeb,
  0x00, 0x00, 0x31, 0xec, 0x00, 0x00, 0x31, 0xed, 0x00, 0x00, 0x31, 0xee,
  0x00, 0x00, 0x31, 0xef, 0x00, 0x00, 0x31, 0xf0, 0x00, 0x00, 0x31, 0xf1,
  0x00, 0x00, 0x31, 0xf2, 0x00, 0x00, 0x31, 0xf3, 0x00, 0x00, 0x31, 0xf4,
  0x00, 0x00, 0x31, 0xf5, 0x00, 0x00, 0x31, 0xf6, 0x00, 0x00, 0x31, 0xf7,
  0x00, 0x00, 0x31, 0xf8, 0x00, 0x00, 0x31, 0xf9, 0x00, 0x00, 0x31, 0xfa,
  0x00, 0x00, 0x31, 0xfb, 0x00, 0x00, 0x31, 0xfc, 0x00, 0x00, 0x31, 0xfd,
  0x00, 0x00, 0x31, 0xfe, 0x00, 0x00, 0x31, 0xff, 0x00, 0x00, 0x32, 0x00,
  0x00, 0x00, 0x32, 0x01, 0x00, 0x00, 0x32, 0x02, 0x00, 0x00, 0x32, 0x03,
  0x00, 0x00, 0x32, 0x04, 0x00, 0x00, 0x32, 0x05, 0x00, 0x00, 0x32, 0x06,
  0x00, 0x00, 0x32, 0x07, 0x00, 0x00, 0x32, 0x08, 0x00, 0x00, 0x32, 0x09,
  0x00, 0x00, 0x32, 0x0a, 0x00, 0x00, 0x32, 0x0b, 0x00, 0x00, 0x32, 0x0c,
  0x00, 0x00, 0x32, 0x0d, 0x00, 0x00, 0x32, 0x0e, 0x00, 0x00, 0x32, 0x0f,
  0x00, 0x00, 0x32, 0x10, 0x00, 0x00, 0x32, 0x11, 0x00, 0x00, 0x32, 0x12,
  0x00, 0x00, 0x32, 0x13, 0x00, 0x00, 0x32, 0x14, 0x00, 0x00, 0x32, 0x15,
  0x00, 0x00, 0x32, 0x16, 0x00, 0x00, 0x32, 0x17, 0x00, 0x00, 0x32, 0x18,
  0x00, 0x00, 0x32, 0x19, 0x00, 0x00, 0x32, 0x1a, 0x00, 0x00, 0x32, 0x1b,
  0x00, 0x00, 0x32, 0x1c, 0x00, 0x00, 0x32, 0x1d, 0x00, 0x00, 0x32, 0x1e,
  0x00, 0x00, 0x32, 0x1f, 0x00, 0x00, 0x32, 0x20, 0x00, 0x00, 0x32, 0x21,
  0x00, 0x00, 0x32, 0x22, 0x00, 0x00, 0x32, 0x23, 0x00, 0x00, 0x32, 0x24,
  0x00, 0x00, 0x32, 0x25, 0x00, 0x00, 0x32, 0x26, 0x00, 0x00, 0x32, 0x27,
  0x00, 0x00, 0x32, 0x28, 0x00, 0x00, 0x32, 0x29, 0x00, 0x00, 0x32, 0x2a,
  0x00, 0x00, 0x32, 0x2b, 0x00, 0x00, 0x32, 0x2c, 0x00, 0x00, 0x32, 0x2d,
  0x00, 0x00, 0x32, 0x2e, 0x00, 0x00, 0x32, 0x2f, 0x00, 0x00, 0x32, 0x30,
  0x00, 0x00, 0x32, 0x31, 0x00, 0x00, 0x32, 0x32, 0x00, 0x00, 0x32, 0x33,
  0x00, 0x00, 0x32, 0x34, 0x00, 0x00, 0x32, 0x35, 0x00, 0x00, 0x32, 0x36,
  0x00, 0x00, 0x32, 0x37, 0x00, 0x00, 0x32, 0x38, 0x00, 0x00, 0x32, 0x39,
  0x00, 0x00, 0x32, 0x3a, 0x00, 0x00, 0x32, 0x3b, 0x00, 0x00, 0x32, 0x3c,
  0x00, 0x00, 0x32, 0x3d, 0x00, 0x00, 0x32, 0x3e, 0x00, 0x00, 0x32, 0x3f,
  0x00, 0x00, 0x32, 0x40, 0x00, 0x00, 0x32, 0x41, 0x00, 0x00, 0x32, 0x42,
  0x00, 0x00, 0x32, 0x43, 0x00, 0x00, 0x32, 0x44, 0x00, 0x00, 0x32, 0x45,
  0x00, 0x00, 0x32, 0x46, 0x00, 0x00, 0x32, 0x47, 0x00, 0x00, 0x32, 0x48,
  0x00, 0x00, 0x32, 0x49, 0x00, 0x00, 0x32, 0x4a, 0x00, 0x00, 0x32, 0x4b,
  0x00, 0x00, 0x32, 0x4c, 0x00, 0x00, 0x32, 0x4d, 0x00, 0x00, 0x32, 0x4e,
  0x00, 0x00, 0x32, 0x4f, 0x00, 0x00, 0x32, 0x50, 0x00, 0x00, 0x32, 0x51,
  0x00, 0x00, 0x32, 0x52, 0x00, 0x00, 0x32, 0x53, 0x00, 0x00, 0x32, 0x54,
  0x00, 0x00, 0x32, 0x55, 0x00, 0x00, 0x32, 0x56, 0x00, 0x00, 0x32, 0x57,
  0x00, 0x00, 0x32, 0x58, 0x00, 0x00, 0x32, 0x59, 0x00, 0x00, 0x32, 0x5a,
  0x00, 0x00, 0x32, 0x5b, 0x00, 0x00, 0x32, 0x5c, 0x00, 0x00, 0x32, 0x5d,
  0x00, 0x00, 0x32, 0x5e, 0x00, 0x00, 0x32, 0x5f, 0x00, 0x00, 0x32, 0x60,
  0x00, 0x00, 0x32, 0x61, 0x00, 0x00, 0x32, 0x62, 0x00, 0x00, 0x32, 0x63,
  0x00, 0x00, 0x32, 0x64, 0x00, 0x00, 0x32, 0x65, 0x00, 0x00, 0x32, 0x66,
  0x00, 0x00, 0x32, 0x67, 0x00, 0x00, 0x32, 0x68, 0x00, 0x00, 0x32, 0x69,
  0x00, 0x00, 0x32, 0x6a, 0x00, 0x00, 0x32, 0x6b, 0x00, 0x00, 0x32, 0x6c,
  0x00, 0x00, 0x32, 0x6d, 0x00, 0x00, 0x32, 0x6e, 0x00, 0x00, 0x32, 0x6f,
  0x00, 0x00, 0x32, 0x70, 0x00, 0x00, 0x32, 0x71, 0x00, 0x00, 0x32, 0x72,
  0x00, 0x00, 0x32, 0x73, 0x00, 0x00, 0x32, 0x74, 0x00, 0x00, 0x32, 0x75,
  0x00, 0x00, 0x32, 0x76, 0x00, 0x00, 0x32, 0x77, 0x00, 0x00, 0x32, 0x78,
  0x00, 0x00, 0x32, 0x79, 0x00, 0x00, 0x32, 0x7a, 0x00, 0x00, 0x32, 0x7b,
  0x00, 0x00, 0x32, 0x7c, 0x00, 0x00, 0x32, 0x7d, 0x00, 0x00, 0x32, 0x7e,
  0x00, 0x00, 0x32, 0x7f, 0x00, 0x00, 0x32, 0x80, 0x00, 0x00, 0x32, 0x81,
  0x00, 0x00, 0x32, 0x82, 0x00, 0x00, 0x32, 0x83, 0x00, 0x00, 0x32, 0x84,
  0x00, 0x00, 0x32, 0x85, 0x00, 0x00, 0x32, 0x86, 0x00, 0x00, 0x32, 0x87,
  0x00, 0x00, 0x32, 0x88, 0x00, 0x00, 0x32, 0x89, 0x00, 0x00, 0x32, 0x8a,
  0x00, 0x00, 0x32, 0x8b, 0x00, 0x00, 0x32, 0x8c, 0x00, 0x00, 0x32, 0x8d,
  0x00, 0x00, 0x32, 0x8e, 0x00, 0x00, 0x32, 0x8f, 0x00, 0x00, 0x32, 0x90,
  0x00, 0x00, 0x32, 0x91, 0x00, 0x00, 0x32, 0x92, 0x00, 0x00, 0x32, 0x93,
  0x00, 0x00, 0x32, 0x94, 0x00, 0x00, 0x32, 0x95, 0x00, 0x00, 0x32, 0x96,
  0x00, 0x00, 0x32, 0x97, 0x00, 0x00, 0x32, 0x98, 0x00, 0x00, 0x32, 0x99,
  0x00, 0x00, 0x32, 0x9a, 0x00, 0x00, 0x32, 0x9b, 0x00, 0x00, 0x32, 0x9c,
  0x00, 0x00, 0x32, 0x9d, 0x00, 0x00, 0x32, 0x9e, 0x00, 0x00, 0x32, 0x9f,
  0x00, 0x00, 0x32, 0xa0, 0x00, 0x00, 0x32, 0xa1, 0x00, 0x00, 0x32, 0xa2,
  0x00, 0x00, 0x32, 0xa3, 0x00, 0x00, 0x32, 0xa4, 0x00, 0x00, 0x32, 0xa5,
  0x00, 0x00, 0x32, 0xa6, 0x00, 0x00, 0x32, 0xa7, 0x00, 0x00, 0x32, 0xa8,
  0x00, 0x00, 0x32, 0xa9, 0x00, 0x00, 0x32, 0xaa, 0x00, 0x00, 0x32, 0xab,
  0x00, 0x00, 0x32, 0xac, 0x00, 0x00, 0x32, 0xad, 0x00, 0x00, 0x32, 0xae,
  0x00, 0x00, 0x32, 0xaf, 0x00, 0x00, 0x32, 0xb0, 0x00, 0x00, 0x32, 0xb1,
  0x00, 0x00, 0x32, 0xb2, 0x00, 0x00, 0x32, 0xb3, 0x00, 0x00, 0x32, 0xb4,
  0x00, 0x00, 0x32, 0xb5, 0x00, 0x00, 0x32, 0xb6, 0x00, 0x00, 0x32, 0xb7,
  0x00, 0x00, 0x32, 0xb8, 0x00, 0x00, 0x32, 0xb9, 0x00, 0x00, 0x32, 0xba,
  0x00, 0x00, 0x32, 0xbb, 0x00, 0x00, 0x32, 0xbc, 0x00, 0x00, 0x32, 0xbd,
  0x00, 0x00, 0x32, 0xbe, 0x00, 0x00, 0x32, 0xbf, 0x00, 0x00, 0x32, 0xc0,
  0x00, 0x00, 0x32, 0xc1, 0x00, 0x00, 0x32, 0xc2, 0x00, 0x00, 0x32, 0xc3,
  0x00, 0x00, 0x32, 0xc4, 0x00, 0x00, 0x32, 0xc5, 0x00, 0x00, 0x32, 0xc6,
  0x00, 0x00, 0x32, 0xc7, 0x00, 0x00, 0x32, 0xc8, 0x00, 0x00, 0x32, 0xc9,
  0x00, 0x00, 0x32, 0xca, 0x00, 0x00, 0x32, 0xcb, 0x00, 0x00, 0x32, 0xcc,
  0x00, 0x00, 0x32, 0xcd, 0x00, 0x00, 0x32, 0xce, 0x00, 0x00, 0x32, 0xcf,
  0x00, 0x00, 0x32, 0xd0, 0x00, 0x00, 0x32, 0xd1, 0x00, 0x00, 0x32, 0xd2,
  0x00, 0x00, 0x32, 0xd3, 0x00, 0x00, 0x32, 0xd4, 0x00, 0x00, 0x32, 0xd5,
  0x00, 0x00, 0x32, 0xd6, 0x00, 0x00, 0x32, 0xd7, 0x00, 0x00, 0x32, 0xd8,
  0x00, 0x00, 0x32, 0xd9, 0x00, 0x00, 0x32, 0xda, 0x00, 0x00, 0x32, 0xdb,
  0x00, 0x00, 0x32, 0xdc, 0x00, 0x00, 0x32, 0xdd, 0x00, 0x00, 0x32, 0xde,
  0x00, 0x00, 0x32, 0xdf, 0x00, 0x00, 0x32, 0xe0, 0x00, 0x00, 0x32, 0xe1,
  0x00, 0x00, 0x32, 0xe2, 0x00, 0x00, 0x32, 0xe3, 0x00, 0x00, 0x32, 0xe4,
  0x00, 0x00, 0x32, 0xe5, 0x00, 0x00, 0x32, 0xe6, 0x00, 0x00, 0x32, 0xe7,
  0x00, 0x00, 0x32, 0xe8, 0x00, 0x00, 0x32, 0xe9, 0x00, 0x00, 0x32, 0xea,
  0x00, 0x00, 0x32, 0xeb, 0x00, 0x00, 0x32, 0xec, 0x00, 0x00, 0x32, 0xed,
  0x00, 0x00, 0x32, 0xee, 0x00, 0x00, 0x32, 0xef, 0x00, 0x00, 0x32, 0xf0,
  0x00, 0x00, 0x32, 0xf1, 0x00, 0x00, 0x32, 0xf2, 0x00, 0x00, 0x32, 0xf3,
  0x00, 0x00, 0x32, 0xf4, 0x00, 0x00, 0x32, 0xf5, 0x00, 0x00, 0x32, 0xf6,
  0x00, 0x00, 0x32, 0xf7, 0x00, 0x00, 0x32, 0xf8, 0x00, 0x00, 0x32, 0xf9,
  0x00, 0x00, 0x32, 0xfa, 0x00, 0x00, 0x32, 0xfb, 0x00, 0x00, 0x32, 0xfc,
  0x00, 0x00, 0x32, 0xfd, 0x00, 0x00, 0x32, 0xfe, 0x00, 0x00, 0x32, 0xff,
  0x00, 0x00, 0x33, 0x00, 0x00, 0x00, 0x33, 0x01, 0x00, 0x00, 0x33, 0x02,
  0x00, 0x00, 0x33, 0x03, 0x00, 0x00, 0x33, 0x04, 0x00, 0x00, 0x33, 0x05,
  0x00, 0x00, 0x33, 0x06, 0x00, 0x00, 0x33, 0x07, 0x00, 0x00, 0x33, 0x08,
  0x00, 0x00, 0x33, 0x09, 0x00, 0x00, 0x33, 0x0a, 0x00, 0x00, 0x33, 0x0b,
  0x00, 0x00, 0x33, 0x0c, 0x00, 0x00, 0x33, 0x0d, 0x00, 0x00, 0x33, 0x0e,
  0x00, 0x00, 0x33, 0x0f, 0x00, 0x00, 0x33, 0x10, 0x00, 0x00, 0x33, 0x11,
  0x00, 0x00, 0x33, 0x12, 0x00, 0x00, 0x33, 0x13, 0x00, 0x00, 0x33, 0x14,
  0x00, 0x00, 0x33, 0x15, 0x00, 0x00, 0x33, 0x16, 0x00, 0x00, 0x33, 0x17,
  0x00, 0x00, 0x33, 0x18, 0x00, 0x00, 0x33, 0x19, 0x00, 0x00, 0x33, 0x1a,
  0x00, 0x00, 0x33, 0x1b, 0x00, 0x00, 0x33, 0x1c, 0x00, 0x00, 0x33, 0x1d,
  0x00, 0x00, 0x33, 0x1e, 0x00, 0x00, 0x33, 0x1f, 0x00, 0x00, 0x33, 0x20,
  0x00, 0x00, 0x33, 0x21, 0x00, 0x00, 0x33, 0x22, 0x00, 0x00, 0x33, 0x23,
  0x00, 0x00, 0x33, 0x24, 0x00, 0x00, 0x33, 0x25, 0x00, 0x00, 0x33, 0x26,
  0x00, 0x00, 0x33, 0x27, 0x00, 0x00, 0x33, 0x28, 0x00, 0x00, 0x33, 0x29,
  0x00, 0x00, 0x33, 0x2a, 0x00, 0x00, 0x33, 0x2b, 0x00, 0x00, 0x33, 0x2c,
  0x00, 0x00, 0x33, 0x2d, 0x00, 0x00, 0x33, 0x2e, 0x00, 0x00, 0x33, 0x2f,
  0x00, 0x00, 0x33, 0x30, 0x00, 0x00, 0x33, 0x31, 0x00, 0x00, 0x33, 0x32,
  0x00, 0x00, 0x33, 0x33, 0x00, 0x00, 0x33, 0x34, 0x00, 0x00, 0x33, 0x35,
  0x00, 0x00, 0x33, 0x36, 0x00, 0x00, 0x33, 0x37, 0x00, 0x00, 0x33, 0x38,
  0x00, 0x00, 0x33, 0x39, 0x00, 0x00, 0x33, 0x3a, 0x00, 0x00, 0x33, 0x3b,
  0x00, 0x00, 0x33, 0x3c, 0x00, 0x00, 0x33, 0x3d, 0x00, 0x00, 0x33, 0x3e,
  0x00, 0x00, 0x33, 0x3f, 0x00, 0x00, 0x33, 0x40, 0x00, 0x00, 0x33, 0x41,
  0x00, 0x00, 0x33, 0x42, 0x00, 0x00, 0x33, 0x43, 0x00, 0x00, 0x33, 0x44,
  0x00, 0x00, 0x33, 0x45, 0x00, 0x00, 0x33, 0x46, 0x00, 0x00, 0x33, 0x47,
  0x00, 0x00, 0x33, 0x48, 0x00, 0x00, 0x33, 0x49, 0x00, 0x00, 0x33, 0x4a,
  0x00, 0x00, 0x33, 0x4b, 0x00, 0x00, 0x33, 0x4c, 0x00, 0x00, 0x33, 0x4d,
  0x00, 0x00, 0x33, 0x4e, 0x00, 0x00, 0x33, 0x4f, 0x00, 0x00, 0x33, 0x50,
  0x00, 0x00, 0x33, 0x51, 0x00, 0x00, 0x33, 0x52, 0x00, 0x00, 0x33, 0x53,
  0x00, 0x00, 0x33, 0x54, 0x00, 0x00, 0x33, 0x55, 0x00, 0x00, 0x33, 0x56,
  0x00, 0x00, 0x33, 0x57, 0x00, 0x00, 0x33, 0x58, 0x00, 0x00, 0x33, 0x59,
  0x00, 0x00, 0x33, 0x5a, 0x00, 0x00, 0x33, 0x5b, 0x00, 0x00, 0x33, 0x5c,
  0x00, 0x00, 0x33, 0x5d, 0x00, 0x00, 0x33, 0x5e, 0x00, 0x00, 0x33, 0x5f,
  0x00, 0x00, 0x33, 0x60, 0x00, 0x00, 0x33, 0x61, 0x00, 0x00, 0x33, 0x62,
  0x00, 0x00, 0x33, 0x63, 0x00, 0x00, 0x33, 0x64, 0x00, 0x00, 0x33, 0x65,
  0x00, 0x00, 0x33, 0x66, 0x00, 0x00, 0x33, 0x67, 0x00, 0x00, 0x33, 0x68,
  0x00, 0x00, 0x33, 0x69, 0x00, 0x00, 0x33, 0x6a, 0x00, 0x00, 0x33, 0x6b,
  0x00, 0x00, 0x33, 0x6c, 0x00, 0x00, 0x33, 0x6d, 0x00, 0x00, 0x33, 0x6e,
  0x00, 0x00, 0x33, 0x6f, 0x00, 0x00, 0x33, 0x70, 0x00, 0x00, 0x33, 0x71,
  0x00, 0x00, 0x33, 0x72, 0x00, 0x00, 0x33, 0x73, 0x00, 0x00, 0x33, 0x74,
  0x00, 0x00, 0x33, 0x75, 0x00, 0x00, 0x33, 0x76, 0x00, 0x00, 0x33, 0x77,
  0x00, 0x00, 0x33, 0x78, 0x00, 0x00, 0x33, 0x79, 0x00, 0x00, 0x33, 0x7a,
  0x00, 0x00, 0x33, 0x7b, 0x00, 0x00, 0x33, 0x7c, 0x00, 0x00, 0x33, 0x7d,
  0x00, 0x00, 0x33, 0x7e, 0x00, 0x00, 0x33, 0x7f, 0x00, 0x00, 0x33, 0x80,
  0x00, 0x00, 0x33, 0x81, 0x00, 0x00, 0x33, 0x82, 0x00, 0x00, 0x33, 0x83,
  0x00, 0x00, 0x33, 0x84, 0x00, 0x00, 0x33, 0x85, 0x00, 0x00, 0x33, 0x86,
  0x00, 0x00, 0x33, 0x87, 0x00, 0x00, 0x33, 0x88, 0x00, 0x00, 0x33, 0x89,
  0x00, 0x00, 0x33, 0x8a, 0x00, 0x00, 0x33, 0x8b, 0x00, 0x00, 0x33, 0x8c,
  0x00, 0x00, 0x33, 0x8d, 0x00, 0x00, 0x33, 0x8e, 0x00, 0x00, 0x33, 0x8f,
  0x00, 0x00, 0x33, 0x90, 0x00, 0x00, 0x33, 0x91, 0x00, 0x00, 0x33, 0x92,
  0x00, 0x00, 0x33, 0x93, 0x00, 0x00, 0x33, 0x94, 0x00, 0x00, 0x33, 0x95,
  0x00, 0x00, 0x33, 0x96, 0x00, 0x00, 0x33, 0x97, 0x00, 0x00, 0x33, 0x98,
  0x00, 0x00, 0x33, 0x99, 0x00, 0x00, 0x33, 0x9a, 0x00, 0x00, 0x33, 0x9b,
  0x00, 0x00, 0x33, 0x9c, 0x00, 0x00, 0x33, 0x9d, 0x00, 0x00, 0x33, 0x9e,
  0x00, 0x00, 0x33, 0x9f, 0x00, 0x00, 0x33, 0xa0, 0x00, 0x00, 0x33, 0xa1,
  0x00, 0x00, 0x33, 0xa2, 0x00, 0x00, 0x33, 0xa3, 0x00, 0x00, 0x33, 0xa4,
  0x00, 0x00, 0x33, 0xa5, 0x00, 0x00, 0x33, 0xa6, 0x00, 0x00, 0x33, 0xa7,
  0x00, 0x00, 0x33, 0xa8, 0x00, 0x00, 0x33, 0xa9, 0x00, 0x00, 0x33, 0xaa,
  0x00, 0x00, 0x33, 0xab, 0x00, 0x00, 0x33, 0xac, 0x00, 0x00, 0x33, 0xad,
  0x00, 0x00, 0x33, 0xae, 0x00, 0x00, 0x33, 0xaf, 0x00, 0x00, 0x33, 0xb0,
  0x00, 0x00, 0x33, 0xb1, 0x00, 0x00, 0x33, 0xb2, 0x00, 0x00, 0x33, 0xb3,
  0x00, 0x00, 0x33, 0xb4, 0x00, 0x00, 0x33, 0xb5, 0x00, 0x00, 0x33, 0xb6,
  0x00, 0x00, 0x33, 0xb7, 0x00, 0x00, 0x33, 0xb8, 0x00, 0x00, 0x33, 0xb9,
  0x00, 0x00, 0x33, 0xba, 0x00, 0x00, 0x33, 0xbb, 0x00, 0x00, 0x33, 0xbc,
  0x00, 0x00, 0x33, 0xbd, 0x00, 0x00, 0x33, 0xbe, 0x00, 0x00, 0x33, 0xbf,
  0x00, 0x00, 0x33, 0xc0, 0x00, 0x00, 0x33, 0xc1, 0x00, 0x00, 0x33, 0xc2,
  0x00, 0x00, 0x33, 0xc3, 0x00, 0x00, 0x33, 0xc4, 0x00, 0x00, 0x33, 0xc5,
  0x00, 0x00, 0x33, 0xc6, 0x00, 0x00, 0x33, 0xc7, 0x00, 0x00, 0x33, 0xc8,
  0x00, 0x00, 0x33, 0xc9, 0x00, 0x00, 0x33, 0xca, 0x00, 0x00, 0x33, 0xcb,
  0x00, 0x00, 0x33, 0xcc, 0x00, 0x00, 0x33, 0xcd, 0x00, 0x00, 0x33, 0xce,
  0x00, 0x00, 0x33, 0xcf, 0x00, 0x00, 0x33, 0xd0, 0x00, 0x00, 0x33, 0xd1,
  0x00, 0x00, 0x33, 0xd2, 0x00, 0x00, 0x33, 0xd3, 0x00, 0x00, 0x33, 0xd4,
  0x00, 0x00, 0x33, 0xd5, 0x00, 0x00, 0x33, 0xd6, 0x00, 0x00, 0x33, 0xd7,
  0x00, 0x00, 0x33, 0xd8, 0x00, 0x00, 0x33, 0xd9, 0x00, 0x00, 0x33, 0xda,
  0x00, 0x00, 0x33, 0xdb, 0x00, 0x00, 0x33, 0xdc, 0x00, 0x00, 0x33, 0xdd,
  0x00, 0x00, 0x33, 0xde, 0x00, 0x00, 0x33, 0xdf, 0x00, 0x00, 0x33, 0xe0,
  0x00, 0x00, 0x33, 0xe1, 0x00, 0x00, 0x33, 0xe2, 0x00, 0x00, 0x33, 0xe3,
  0x00, 0x00, 0x33, 0xe4, 0x00, 0x00, 0x33, 0xe5, 0x00, 0x00, 0x33, 0xe6,
  0x00, 0x00, 0x33, 0xe7, 0x00, 0x00, 0x33, 0xe8, 0x00, 0x00, 0x33, 0xe9,
  0x00, 0x00, 0x33, 0xea, 0x00, 0x00, 0x33, 0xeb, 0x00, 0x00, 0x33, 0xec,
  0x00, 0x00, 0x33, 0xed, 0x00, 0x00, 0x33, 0xee, 0x00, 0x00, 0x33, 0xef,
  0x00, 0x00, 0x33, 0xf0, 0x00, 0x00, 0x33, 0xf1, 0x00, 0x00, 0x33, 0xf2,
  0x00, 0x00, 0x33, 0xf3, 0x00, 0x00, 0x33, 0xf4, 0x00, 0x00, 0x33, 0xf5,
  0x00, 0x00, 0x33, 0xf6, 0x00, 0x00, 0x33, 0xf7, 0x00, 0x00, 0x33, 0xf8,
  0x00, 0x00, 0x33, 0xf9, 0x00, 0x00, 0x33, 0xfa, 0x00, 0x00, 0x33, 0xfb,
  0x00, 0x00, 0x33, 0xfc, 0x00, 0x00, 0x33, 0xfd, 0x00, 0x00, 0x33, 0xfe,
  0x00, 0x00, 0x33, 0xff, 0x00, 0x00, 0x34, 0x00, 0x00, 0x00, 0x34, 0x01,
  0x00, 0x00, 0x34, 0x02, 0x00, 0x00, 0x34, 0x03, 0x00, 0x00, 0x34, 0x04,
  0x00, 0x00, 0x34, 0x05, 0x00, 0x00, 0x34, 0x06, 0x00, 0x00, 0x34, 0x07,
  0x00, 0x00, 0x34, 0x08, 0x00, 0x00, 0x34, 0x09, 0x00, 0x00, 0x34, 0x0a,
  0x00, 0x00, 0x34, 0x0b, 0x00, 0x00, 0x34, 0x0c, 0x00, 0x00, 0x34, 0x0d,
  0x00, 0x00, 0x34, 0x0e, 0x00, 0x00, 0x34, 0x0f, 0x00, 0x00, 0x34, 0x10,
  0x00, 0x00, 0x34, 0x11, 0x00, 0x00, 0x34, 0x12, 0x00, 0x00, 0x34, 0x13,
  0x00, 0x00, 0x34, 0x14, 0x00, 0x00, 0x34, 0x15, 0x00, 0x00, 0x34, 0x16,
  0x00, 0x00, 0x34, 0x17, 0x00, 0x00, 0x34, 0x18, 0x00, 0x00, 0x34, 0x19,
  0x00, 0x00, 0x34, 0x1a, 0x00, 0x00, 0x34, 0x1b, 0x00, 0x00, 0x34, 0x1c,
  0x00, 0x00, 0x34, 0x1d, 0x00, 0x00, 0x34, 0x1e, 0x00, 0x00, 0x34, 0x1f,
  0x00, 0x00, 0x34, 0x20, 0x00, 0x00, 0x34, 0x21, 0x00, 0x00, 0x34, 0x22,
  0x00, 0x00, 0x34, 0x23, 0x00, 0x00, 0x34, 0x24, 0x00, 0x00, 0x34, 0x25,
  0x00, 0x00, 0x34, 0x26, 0x00, 0x00, 0x34, 0x27, 0x00, 0x00, 0x34, 0x28,
  0x00, 0x00, 0x34, 0x29, 0x00, 0x00, 0x34, 0x2a, 0x00, 0x00, 0x34, 0x2b,
  0x00, 0x00, 0x34, 0x2c, 0x00, 0x00, 0x34, 0x2d, 0x00, 0x00, 0x34, 0x2e,
  0x00, 0x00, 0x34, 0x2f, 0x00, 0x00, 0x34, 0x30, 0x00, 0x00, 0x34, 0x31,
  0x00, 0x00, 0x34, 0x32, 0x00, 0x00, 0x34, 0x33, 0x00, 0x00, 0x34, 0x34,
  0x00, 0x00, 0x34, 0x35, 0x00, 0x00, 0x34, 0x36, 0x00, 0x00, 0x34, 0x37,
  0x00, 0x00, 0x34, 0x38, 0x00, 0x00, 0x34, 0x39, 0x00, 0x00, 0x34, 0x3a,
  0x00, 0x00, 0x34, 0x3b, 0x00, 0x00, 0x34, 0x3c, 0x00, 0x00, 0x34, 0x3d,
  0x00, 0x00, 0x34, 0x3e, 0x00, 0x00, 0x34, 0x3f, 0x00, 0x00, 0x34, 0x40,
  0x00, 0x00, 0x34, 0x41, 0x00, 0x00, 0x34, 0x42, 0x00, 0x00, 0x34, 0x43,
  0x00, 0x00, 0x34, 0x44, 0x00, 0x00, 0x34, 0x45, 0x00, 0x00, 0x34, 0x46,
  0x00, 0x00, 0x34, 0x47, 0x00, 0x00, 0x34, 0x48, 0x00, 0x00, 0x34, 0x49,
  0x00, 0x00, 0x34, 0x4a, 0x00, 0x00, 0x34, 0x4b, 0x00, 0x00, 0x34, 0x4c,
  0x00, 0x00, 0x34, 0x4d, 0x00, 0x00, 0x34, 0x4e, 0x00, 0x00, 0x34, 0x4f,
  0x00, 0x00, 0x34, 0x50, 0x00, 0x00, 0x34, 0x51, 0x00, 0x00, 0x34, 0x52,
  0x00, 0x00, 0x34, 0x53, 0x00, 0x00, 0x34, 0x54, 0x00, 0x00, 0x34, 0x55,
  0x00, 0x00, 0x34, 0x56, 0x00, 0x00, 0x34, 0x57, 0x00, 0x00, 0x34, 0x58,
  0x00, 0x00, 0x34, 0x59, 0x00, 0x00, 0x34, 0x5a, 0x00, 0x00, 0x34, 0x5b,
  0x00, 0x00, 0x34, 0x5c, 0x00, 0x00, 0x34, 0x5d, 0x00, 0x00, 0x34, 0x5e,
  0x00, 0x00, 0x34, 0x5f, 0x00, 0x00, 0x34, 0x60, 0x00, 0x00, 0x34, 0x61,
  0x00, 0x00, 0x34, 0x62, 0x00, 0x00, 0x34, 0x63, 0x00, 0x00, 0x34, 0x64,
  0x00, 0x00, 0x34, 0x65, 0x00, 0x00, 0x34, 0x66, 0x00, 0x00, 0x34, 0x67,
  0x00, 0x00, 0x34, 0x68, 0x00, 0x00, 0x34, 0x69, 0x00, 0x00, 0x34, 0x6a,
  0x00, 0x00, 0x34, 0x6b, 0x00, 0x00, 0x34, 0x6c, 0x00, 0x00, 0x34, 0x6d,
  0x00, 0x00, 0x34, 0x6e, 0x00, 0x00, 0x34, 0x6f, 0x00, 0x00, 0x34, 0x70,
  0x00, 0x00, 0x34, 0x71, 0x00, 0x00, 0x34, 0x72, 0x00, 0x00, 0x34, 0x73,
  0x00, 0x00, 0x34, 0x74, 0x00, 0x00, 0x34, 0x75, 0x00, 0x00, 0x34, 0x76,
  0x00, 0x00, 0x34, 0x77, 0x00, 0x00, 0x34, 0x78, 0x00, 0x00, 0x34, 0x79,
  0x00, 0x00, 0x34, 0x7a, 0x00, 0x00, 0x34, 0x7b, 0x00, 0x00, 0x34, 0x7c,
  0x00, 0x00, 0x34, 0x7d, 0x00, 0x00, 0x34, 0x7e, 0x00, 0x00, 0x34, 0x7f,
  0x00, 0x00, 0x34, 0x80, 0x00, 0x00, 0x34, 0x81, 0x00, 0x00, 0x34, 0x82,
  0x00, 0x00, 0x34, 0x83, 0x00, 0x00, 0x34, 0x84, 0x00, 0x00, 0x34, 0x85,
  0x00, 0x00, 0x34, 0x86, 0x00, 0x00, 0x34, 0x87, 0x00, 0x00, 0x34, 0x88,
  0x00, 0x00, 0x34, 0x89, 0x00, 0x00, 0x34, 0x8a, 0x00, 0x00, 0x34, 0x8b,
  0x00, 0x00, 0x34, 0x8c, 0x00, 0x00, 0x34, 0x8d, 0x00, 0x00, 0x34, 0x8e,
  0x00, 0x00, 0x34, 0x8f, 0x00, 0x00, 0x34, 0x90, 0x00, 0x00, 0x34, 0x91,
  0x00, 0x00, 0x34, 0x92, 0x00, 0x00, 0x34, 0x93, 0x00, 0x00, 0x34, 0x94,
  0x00, 0x00, 0x34, 0x95, 0x00, 0x00, 0x34, 0x96, 0x00, 0x00, 0x34, 0x97,
  0x00, 0x00, 0x34, 0x98, 0x00, 0x00, 0x34, 0x99, 0x00, 0x00, 0x34, 0x9a,
  0x00, 0x00, 0x34, 0x9b, 0x00, 0x00, 0x34, 0x9c, 0x00, 0x00, 0x34, 0x9d,
  0x00, 0x00, 0x34, 0x9e, 0x00, 0x00, 0x34, 0x9f, 0x00, 0x00, 0x34, 0xa0,
  0x00, 0x00, 0x34, 0xa1, 0x00, 0x00, 0x34, 0xa2, 0x00, 0x00, 0x34, 0xa3,
  0x00, 0x00, 0x34, 0xa4, 0x00, 0x00, 0x34, 0xa5, 0x00, 0x00, 0x34, 0xa6,
  0x00, 0x00, 0x34, 0xa7, 0x00, 0x00, 0x34, 0xa8, 0x00, 0x00, 0x34, 0xa9,
  0x00, 0x00, 0x34, 0xaa, 0x00, 0x00, 0x34, 0xab, 0x00, 0x00, 0x34, 0xac,
  0x00, 0x00, 0x34, 0xad, 0x00, 0x00, 0x34, 0xae, 0x00, 0x00, 0x34, 0xaf,
  0x00, 0x00, 0x34, 0xb0, 0x00, 0x00, 0x34, 0xb1, 0x00, 0x00, 0x34, 0xb2,
  0x00, 0x00, 0x34, 0xb3, 0x00, 0x00, 0x34, 0xb4, 0x00, 0x00, 0x34, 0xb5,
  0x00, 0x00, 0x34, 0xb6, 0x00, 0x00, 0x34, 0xb7, 0x00, 0x00, 0x34, 0xb8,
  0x00, 0x00, 0x34, 0xb9, 0x00, 0x00, 0x34, 0xba, 0x00, 0x00, 0x34, 0xbb,
  0x00, 0x00, 0x34, 0xbc, 0x00, 0x00, 0x34, 0xbd, 0x00, 0x00, 0x34, 0xbe,
  0x00, 0x00, 0x34, 0xbf, 0x00, 0x00, 0x34, 0xc0, 0x00, 0x00, 0x34, 0xc1,
  0x00, 0x00, 0x34, 0xc2, 0x00, 0x00, 0x34, 0xc3, 0x00, 0x00, 0x34, 0xc4,
  0x00, 0x00, 0x34, 0xc5, 0x00, 0x00, 0x34, 0xc6, 0x00, 0x00, 0x34, 0xc7,
  0x00, 0x00, 0x34, 0xc8, 0x00, 0x00, 0x34, 0xc9, 0x00, 0x00, 0x34, 0xca,
  0x00, 0x00, 0x34, 0xcb, 0x00, 0x00, 0x34, 0xcc, 0x00, 0x00, 0x34, 0xcd,
  0x00, 0x00, 0x34, 0xce, 0x00, 0x00, 0x34, 0xcf, 0x00, 0x00, 0x34, 0xd0,
  0x00, 0x00, 0x34, 0xd1, 0x00, 0x00, 0x34, 0xd2, 0x00, 0x00, 0x34, 0xd3,
  0x00, 0x00, 0x34, 0xd4, 0x00, 0x00, 0x34, 0xd5, 0x00, 0x00, 0x34, 0xd6,
  0x00, 0x00, 0x34, 0xd7, 0x00, 0x00, 0x34, 0xd8, 0x00, 0x00, 0x34, 0xd9,
  0x00, 0x00, 0x34, 0xda, 0x00, 0x00, 0x34, 0xdb, 0x00, 0x00, 0x34, 0xdc,
  0x00, 0x00, 0x34, 0xdd, 0x00, 0x00, 0x34, 0xde, 0x00, 0x00, 0x34, 0xdf,
  0x00, 0x00, 0x34, 0xe0, 0x00, 0x00, 0x34, 0xe1, 0x00, 0x00, 0x34, 0xe2,
  0x00, 0x00, 0x34, 0xe3, 0x00, 0x00, 0x34, 0xe4, 0x00, 0x00, 0x34, 0xe5,
  0x00, 0x00, 0x34, 0xe6, 0x00, 0x00, 0x34, 0xe7, 0x00, 0x00, 0x34, 0xe8,
  0x00, 0x00, 0x34, 0xe9, 0x00, 0x00, 0x34, 0xea, 0x00, 0x00, 0x34, 0xeb,
  0x00, 0x00, 0x34, 0xec, 0x00, 0x00, 0x34, 0xed, 0x00, 0x00, 0x34, 0xee,
  0x00, 0x00, 0x34, 0xef, 0x00, 0x00, 0x34, 0xf0, 0x00, 0x00, 0x34, 0xf1,
  0x00, 0x00, 0x34, 0xf2, 0x00, 0x00, 0x34, 0xf3, 0x00, 0x00, 0x34, 0xf4,
  0x00, 0x00, 0x34, 0xf5, 0x00, 0x00, 0x34, 0xf6, 0x00, 0x00, 0x34, 0xf7,
  0x00, 0x00, 0x34, 0xf8, 0x00, 0x00, 0x34, 0xf9, 0x00, 0x00, 0x34, 0xfa,
  0x00, 0x00, 0x34, 0xfb, 0x00, 0x00, 0x34, 0xfc, 0x00, 0x00, 0x34, 0xfd,
  0x00, 0x00, 0x34, 0xfe, 0x00, 0x00, 0x34, 0xff, 0x00, 0x00, 0x35, 0x00,
  0x00, 0x00, 0x35, 0x01, 0x00, 0x00, 0x35, 0x02, 0x00, 0x00, 0x35, 0x03,
  0x00, 0x00, 0x35, 0x04, 0x00, 0x00, 0x35, 0x05, 0x00, 0x00, 0x35, 0x06,
  0x00, 0x00, 0x35, 0x07, 0x00, 0x00, 0x35, 0x08, 0x00, 0x00, 0x35, 0x09,
  0x00, 0x00, 0x35, 0x0a, 0x00, 0x00, 0x35, 0x0b, 0x00, 0x00, 0x35, 0x0c,
  0x00, 0x00, 0x35, 0x0d, 0x00, 0x00, 0x35, 0x0e, 0x00, 0x00, 0x35, 0x0f,
  0x00, 0x00, 0x35, 0x10, 0x00, 0x00, 0x35, 0x11, 0x00, 0x00, 0x35, 0x12,
  0x00, 0x00, 0x35, 0x13, 0x00, 0x00, 0x35, 0x14, 0x00, 0x00, 0x35, 0x15,
  0x00, 0x00, 0x35, 0x16, 0x00, 0x00, 0x35, 0x17, 0x00, 0x00, 0x35, 0x18,
  0x00, 0x00, 0x35, 0x19, 0x00, 0x00, 0x35, 0x1a, 0x00, 0x00, 0x35, 0x1b,
  0x00, 0x00, 0x35, 0x1c, 0x00, 0x00, 0x35, 0x1d, 0x00, 0x00, 0x35, 0x1e,
  0x00, 0x00, 0x35, 0x1f, 0x00, 0x00, 0x35, 0x20, 0x00, 0x00, 0x35, 0x21,
  0x00, 0x00, 0x35, 0x22, 0x00, 0x00, 0x35, 0x23, 0x00, 0x00, 0x35, 0x24,
  0x00, 0x00, 0x35, 0x25, 0x00, 0x00, 0x35, 0x26, 0x00, 0x00, 0x35, 0x27,
  0x00, 0x00, 0x35, 0x28, 0x00, 0x00, 0x35, 0x29, 0x00, 0x00, 0x35, 0x2a,
  0x00, 0x00, 0x35, 0x2b, 0x00, 0x00, 0x35, 0x2c, 0x00, 0x00, 0x35, 0x2d,
  0x00, 0x00, 0x35, 0x2e, 0x00, 0x00, 0x35, 0x2f, 0x00, 0x00, 0x35, 0x30,
  0x00, 0x00, 0x35, 0x31, 0x00, 0x00, 0x35, 0x32, 0x00, 0x00, 0x35, 0x33,
  0x00, 0x00, 0x35, 0x34, 0x00, 0x00, 0x35, 0x35, 0x00, 0x00, 0x35, 0x36,
  0x00, 0x00, 0x35, 0x37, 0x00, 0x00, 0x35, 0x38, 0x00, 0x00, 0x35, 0x39,
  0x00, 0x00, 0x35, 0x3a, 0x00, 0x00, 0x35, 0x3b, 0x00, 0x00, 0x35, 0x3c,
  0x00, 0x00, 0x35, 0x3d, 0x00, 0x00, 0x35, 0x3e, 0x00, 0x00, 0x35, 0x3f,
  0x00, 0x00, 0x35, 0x40, 0x00, 0x00, 0x35, 0x41, 0x00, 0x00, 0x35, 0x42,
  0x00, 0x00, 0x35, 0x43, 0x00, 0x00, 0x35, 0x44, 0x00, 0x00, 0x35, 0x45,
  0x00, 0x00, 0x35, 0x46, 0x00, 0x00, 0x35, 0x47, 0x00, 0x00, 0x35, 0x48,
  0x00, 0x00, 0x35, 0x49, 0x00, 0x00, 0x35, 0x4a, 0x00, 0x00, 0x35, 0x4b,
  0x00, 0x00, 0x35, 0x4c, 0x00, 0x00, 0x35, 0x4d, 0x00, 0x00, 0x35, 0x4e,
  0x00, 0x00, 0x35, 0x4f, 0x00, 0x00, 0x35, 0x50, 0x00, 0x00, 0x35, 0x51,
  0x00, 0x00, 0x35, 0x52, 0x00, 0x00, 0x35, 0x53, 0x00, 0x00, 0x35, 0x54,
  0x00, 0x00, 0x35, 0x55, 0x00, 0x00, 0x35, 0x56, 0x00, 0x00, 0x35, 0x57,
  0x00, 0x00, 0x35, 0x58, 0x00, 0x00, 0x35, 0x59, 0x00, 0x00, 0x35, 0x5a,
  0x00, 0x00, 0x35, 0x5b, 0x00, 0x00, 0x35, 0x5c, 0x00, 0x00, 0x35, 0x5d,
  0x00, 0x00, 0x35, 0x5e, 0x00, 0x00, 0x35, 0x5f, 0x00, 0x00, 0x35, 0x60,
  0x00, 0x00, 0x35, 0x61, 0x00, 0x00, 0x35, 0x62, 0x00, 0x00, 0x35, 0x63,
  0x00, 0x00, 0x35, 0x64, 0x00, 0x00, 0x35, 0x65, 0x00, 0x00, 0x35, 0x66,
  0x00, 0x00, 0x35, 0x67, 0x00, 0x00, 0x35, 0x68, 0x00, 0x00, 0x35, 0x69,
  0x00, 0x00, 0x35, 0x6a, 0x00, 0x00, 0x35, 0x6b, 0x00, 0x00, 0x35, 0x6c,
  0x00, 0x00, 0x35, 0x6d, 0x00, 0x00, 0x35, 0x6e, 0x00, 0x00, 0x35, 0x6f,
  0x00, 0x00, 0x35, 0x70, 0x00, 0x00, 0x35, 0x71, 0x00, 0x00, 0x35, 0x72,
  0x00, 0x00, 0x35, 0x73, 0x00, 0x00, 0x35, 0x74, 0x00, 0x00, 0x35, 0x75,
  0x00, 0x00, 0x35, 0x76, 0x00, 0x00, 0x35, 0x77, 0x00, 0x00, 0x35, 0x78,
  0x00, 0x00, 0x35, 0x79, 0x00, 0x00, 0x35, 0x7a, 0x00, 0x00, 0x35, 0x7b,
  0x00, 0x00, 0x35, 0x7c, 0x00, 0x00, 0x35, 0x7d, 0x00, 0x00, 0x35, 0x7e,
  0x00, 0x00, 0x35, 0x7f, 0x00, 0x00, 0x35, 0x80, 0x00, 0x00, 0x35, 0x81,
  0x00, 0x00, 0x35, 0x82, 0x00, 0x00, 0x35, 0x83, 0x00, 0x00, 0x35, 0x84,
  0x00, 0x00, 0x35, 0x85, 0x00, 0x00, 0x35, 0x86, 0x00, 0x00, 0x35, 0x87,
  0x00, 0x00, 0x35, 0x88, 0x00, 0x00, 0x35, 0x89, 0x00, 0x00, 0x35, 0x8a,
  0x00, 0x00, 0x35, 0x8b, 0x00, 0x00, 0x35, 0x8c, 0x00, 0x00, 0x35, 0x8d,
  0x00, 0x00, 0x35, 0x8e, 0x00, 0x00, 0x35, 0x8f, 0x00, 0x00, 0x35, 0x90,
  0x00, 0x00, 0x35, 0x91, 0x00, 0x00, 0x35, 0x92, 0x00, 0x00, 0x35, 0x93,
  0x00, 0x00, 0x35, 0x94, 0x00, 0x00, 0x35, 0x95, 0x00, 0x00, 0x35, 0x96,
  0x00, 0x00, 0x35, 0x97, 0x00, 0x00, 0x35, 0x98, 0x00, 0x00, 0x35, 0x99,
  0x00, 0x00, 0x35, 0x9a, 0x00, 0x00, 0x35, 0x9b, 0x00, 0x00, 0x35, 0x9c,
  0x00, 0x00, 0x35, 0x9d, 0x00, 0x00, 0x35, 0x9e, 0x00, 0x00, 0x35, 0x9f,
  0x00, 0x00, 0x35, 0xa0, 0x00, 0x00, 0x35, 0xa1, 0x00, 0x00, 0x35, 0xa2,
  0x00, 0x00, 0x35, 0xa3, 0x00, 0x00, 0x35, 0xa4, 0x00, 0x00, 0x35, 0xa5,
  0x00, 0x00, 0x35, 0xa6, 0x00, 0x00, 0x35, 0xa7, 0x00, 0x00, 0x35, 0xa8,
  0x00, 0x00, 0x35, 0xa9, 0x00, 0x00, 0x35, 0xaa, 0x00, 0x00, 0x35, 0xab,
  0x00, 0x00, 0x35, 0xac, 0x00, 0x00, 0x35, 0xad, 0x00, 0x00, 0x35, 0xae,
  0x00, 0x00, 0x35, 0xaf, 0x00, 0x00, 0x35, 0xb0, 0x00, 0x00, 0x35, 0xb1,
  0x00, 0x00, 0x35, 0xb2, 0x00, 0x00, 0x35, 0xb3, 0x00, 0x00, 0x35, 0xb4,
  0x00, 0x00, 0x35, 0xb5, 0x00, 0x00, 0x35, 0xb6, 0x00, 0x00, 0x35, 0xb7,
  0x00, 0x00, 0x35, 0xb8, 0x00, 0x00, 0x35, 0xb9, 0x00, 0x00, 0x35, 0xba,
  0x00, 0x00, 0x35, 0xbb, 0x00, 0x00, 0x35, 0xbc, 0x00, 0x00, 0x35, 0xbd,
  0x00, 0x00, 0x35, 0xbe, 0x00, 0x00, 0x35, 0xbf, 0x00, 0x00, 0x35, 0xc0,
  0x00, 0x00, 0x35, 0xc1, 0x00, 0x00, 0x35, 0xc2, 0x00, 0x00, 0x35, 0xc3,
  0x00, 0x00, 0x35, 0xc4, 0x00, 0x00, 0x35, 0xc5, 0x00, 0x00, 0x35, 0xc6,
  0x00, 0x00, 0x35, 0xc7, 0x00, 0x00, 0x35, 0xc8, 0x00, 0x00, 0x35, 0xc9,
  0x00, 0x00, 0x35, 0xca, 0x00, 0x00, 0x35, 0xcb, 0x00, 0x00, 0x35, 0xcc,
  0x00, 0x00, 0x35, 0xcd, 0x00, 0x00, 0x35, 0xce, 0x00, 0x00, 0x35, 0xcf,
  0x00, 0x00, 0x35, 0xd0, 0x00, 0x00, 0x35, 0xd1, 0x00, 0x00, 0x35, 0xd2,
  0x00, 0x00, 0x35, 0xd3, 0x00, 0x00, 0x35, 0xd4, 0x00, 0x00, 0x35, 0xd5,
  0x00, 0x00, 0x35, 0xd6, 0x00, 0x00, 0x35, 0xd7, 0x00, 0x00, 0x35, 0xd8,
  0x00, 0x00, 0x35, 0xd9, 0x00, 0x00, 0x35, 0xda, 0x00, 0x00, 0x35, 0xdb,
  0x00, 0x00, 0x35, 0xdc, 0x00, 0x00, 0x35, 0xdd, 0x00, 0x00, 0x35, 0xde,
  0x00, 0x00, 0x35, 0xdf, 0x00, 0x00, 0x35, 0xe0, 0x00, 0x00, 0x35, 0xe1,
  0x00, 0x00, 0x35, 0xe2, 0x00, 0x00, 0x35, 0xe3, 0x00, 0x00, 0x35, 0xe4,
  0x00, 0x00, 0x35, 0xe5, 0x00, 0x00, 0x35, 0xe6, 0x00, 0x00, 0x35, 0xe7,
  0x00, 0x00, 0x35, 0xe8, 0x00, 0x00, 0x35, 0xe9, 0x00, 0x00, 0x35, 0xea,
  0x00, 0x00, 0x35, 0xeb, 0x00, 0x00, 0x35, 0xec, 0x00, 0x00, 0x35, 0xed,
  0x00, 0x00, 0x35, 0xee, 0x00, 0x00, 0x35, 0xef, 0x00, 0x00, 0x35, 0xf0,
  0x00, 0x00, 0x35, 0xf1, 0x00, 0x00, 0x35, 0xf2, 0x00, 0x00, 0x35, 0xf3,
  0x00, 0x00, 0x35, 0xf4, 0x00, 0x00, 0x35, 0xf5, 0x00, 0x00, 0x35, 0xf6,
  0x00, 0x00, 0x35, 0xf7, 0x00, 0x00, 0x35, 0xf8, 0x00, 0x00, 0x35, 0xf9,
  0x00, 0x00, 0x35, 0xfa, 0x00, 0x00, 0x35, 0xfb, 0x00, 0x00, 0x35, 0xfc,
  0x00, 0x00, 0x35, 0xfd, 0x00, 0x00, 0x35, 0xfe, 0x00, 0x00, 0x35, 0xff,
  0x00, 0x00, 0x36, 0x00, 0x00, 0x00, 0x36, 0x01, 0x00, 0x00, 0x36, 0x02,
  0x00, 0x00, 0x36, 0x03, 0x00, 0x00, 0x36, 0x04, 0x00, 0x00, 0x36, 0x05,
  0x00, 0x00, 0x36, 0x06, 0x00, 0x00, 0x36, 0x07, 0x00, 0x00, 0x36, 0x08,
  0x00, 0x00, 0x36, 0x09, 0x00, 0x00, 0x36, 0x0a, 0x00, 0x00, 0x36, 0x0b,
  0x00, 0x00, 0x36, 0x0c, 0x00, 0x00, 0x36, 0x0d, 0x00, 0x00, 0x36, 0x0e,
  0x00, 0x00, 0x36, 0x0f, 0x00, 0x00, 0x36, 0x10, 0x00, 0x00, 0x36, 0x11,
  0x00, 0x00, 0x36, 0x12, 0x00, 0x00, 0x36, 0x13, 0x00, 0x00, 0x36, 0x14,
  0x00, 0x00, 0x36, 0x15, 0x00, 0x00, 0x36, 0x16, 0x00, 0x00, 0x36, 0x17,
  0x00, 0x00, 0x36, 0x18, 0x00, 0x00, 0x36, 0x19, 0x00, 0x00, 0x36, 0x1a,
  0x00, 0x00, 0x36, 0x1b, 0x00, 0x00, 0x36, 0x1c, 0x00, 0x00, 0x36, 0x1d,
  0x00, 0x00, 0x36, 0x1e, 0x00, 0x00, 0x36, 0x1f, 0x00, 0x00, 0x36, 0x20,
  0x00, 0x00, 0x36, 0x21, 0x00, 0x00, 0x36, 0x22, 0x00, 0x00, 0x36, 0x23,
  0x00, 0x00, 0x36, 0x24, 0x00, 0x00, 0x36, 0x25, 0x00, 0x00, 0x36, 0x26,
  0x00, 0x00, 0x36, 0x27, 0x00, 0x00, 0x36, 0x28, 0x00, 0x00, 0x36, 0x29,
  0x00, 0x00, 0x36, 0x2a, 0x00, 0x00, 0x36, 0x2b, 0x00, 0x00, 0x36, 0x2c,
  0x00, 0x00, 0x36, 0x2d, 0x00, 0x00, 0x36, 0x2e, 0x00, 0x00, 0x36, 0x2f,
  0x00, 0x00, 0x36, 0x30, 0x00, 0x00, 0x36, 0x31, 0x00, 0x00, 0x36, 0x32,
  0x00, 0x00, 0x36, 0x33, 0x00, 0x00, 0x36, 0x34, 0x00, 0x00, 0x36, 0x35,
  0x00, 0x00, 0x36, 0x36, 0x00, 0x00, 0x36, 0x37, 0x00, 0x00, 0x36, 0x38,
  0x00, 0x00, 0x36, 0x39, 0x00, 0x00, 0x36, 0x3a, 0x00, 0x00, 0x36, 0x3b,
  0x00, 0x00, 0x36, 0x3c, 0x00, 0x00, 0x36, 0x3d, 0x00, 0x00, 0x36, 0x3e,
  0x00, 0x00, 0x36, 0x3f, 0x00, 0x00, 0x36, 0x40, 0x00, 0x00, 0x36, 0x41,
  0x00, 0x00, 0x36, 0x42, 0x00, 0x00, 0x36, 0x43, 0x00, 0x00, 0x36, 0x44,
  0x00, 0x00, 0x36, 0x45, 0x00, 0x00, 0x36, 0x46, 0x00, 0x00, 0x36, 0x47,
  0x00, 0x00, 0x36, 0x48, 0x00, 0x00, 0x36, 0x49, 0x00, 0x00, 0x36, 0x4a,
  0x00, 0x00, 0x36, 0x4b, 0x00, 0x00, 0x36, 0x4c, 0x00, 0x00, 0x36, 0x4d,
  0x00, 0x00, 0x36, 0x4e, 0x00, 0x00, 0x36, 0x4f, 0x00, 0x00, 0x36, 0x50,
  0x00, 0x00, 0x36, 0x51, 0x00, 0x00, 0x36, 0x52, 0x00, 0x00, 0x36, 0x53,
  0x00, 0x00, 0x36, 0x54, 0x00, 0x00, 0x36, 0x55, 0x00, 0x00, 0x36, 0x56,
  0x00, 0x00, 0x36, 0x57, 0x00, 0x00, 0x36, 0x58, 0x00, 0x00, 0x36, 0x59,
  0x00, 0x00, 0x36, 0x5a, 0x00, 0x00, 0x36, 0x5b, 0x00, 0x00, 0x36, 0x5c,
  0x00, 0x00, 0x36, 0x5d, 0x00, 0x00, 0x36, 0x5e, 0x00, 0x00, 0x36, 0x5f,
  0x00, 0x00, 0x36, 0x60, 0x00, 0x00, 0x36, 0x61, 0x00, 0x00, 0x36, 0x62,
  0x00, 0x00, 0x36, 0x63, 0x00, 0x00, 0x36, 0x64, 0x00, 0x00, 0x36, 0x65,
  0x00, 0x00, 0x36, 0x66, 0x00, 0x00, 0x36, 0x67, 0x00, 0x00, 0x36, 0x68,
  0x00, 0x00, 0x36, 0x69, 0x00, 0x00, 0x36, 0x6a, 0x00, 0x00, 0x36, 0x6b,
  0x00, 0x00, 0x36, 0x6c, 0x00, 0x00, 0x36, 0x6d, 0x00, 0x00, 0x36, 0x6e,
  0x00, 0x00, 0x36, 0x6f, 0x00, 0x00, 0x36, 0x70, 0x00, 0x00, 0x36, 0x71,
  0x00, 0x00, 0x36, 0x72, 0x00, 0x00, 0x36, 0x73, 0x00, 0x00, 0x36, 0x74,
  0x00, 0x00, 0x36, 0x75, 0x00, 0x00, 0x36, 0x76, 0x00, 0x00, 0x36, 0x77,
  0x00, 0x00, 0x36, 0x78, 0x00, 0x00, 0x36, 0x79, 0x00, 0x00, 0x36, 0x7a,
  0x00, 0x00, 0x36, 0x7b, 0x00, 0x00, 0x36, 0x7c, 0x00, 0x00, 0x36, 0x7d,
  0x00, 0x00, 0x36, 0x7e, 0x00, 0x00, 0x36, 0x7f, 0x00, 0x00, 0x36, 0x80,
  0x00, 0x00, 0x36, 0x81, 0x00, 0x00, 0x36, 0x82, 0x00, 0x00, 0x36, 0x83,
  0x00, 0x00, 0x36, 0x84, 0x00, 0x00, 0x36, 0x85, 0x00, 0x00, 0x36, 0x86,
  0x00, 0x00, 0x36, 0x87, 0x00, 0x00, 0x36, 0x88, 0x00, 0x00, 0x36, 0x89,
  0x00, 0x00, 0x36, 0x8a, 0x00, 0x00, 0x36, 0x8b, 0x00, 0x00, 0x36, 0x8c,
  0x00, 0x00, 0x36, 0x8d, 0x00, 0x00, 0x36, 0x8e, 0x00, 0x00, 0x36, 0x8f,
  0x00, 0x00, 0x36, 0x90, 0x00, 0x00, 0x36, 0x91, 0x00, 0x00, 0x36, 0x92,
  0x00, 0x00, 0x36, 0x93, 0x00, 0x00, 0x36, 0x94, 0x00, 0x00, 0x36, 0x95,
  0x00, 0x00, 0x36, 0x96, 0x00, 0x00, 0x36, 0x97, 0x00, 0x00, 0x36, 0x98,
  0x00, 0x00, 0x36, 0x99, 0x00, 0x00, 0x36, 0x9a, 0x00, 0x00, 0x36, 0x9b,
  0x00, 0x00, 0x36, 0x9c, 0x00, 0x00, 0x36, 0x9d, 0x00, 0x00, 0x36, 0x9e,
  0x00, 0x00, 0x36, 0x9f, 0x00, 0x00, 0x36, 0xa0, 0x00, 0x00, 0x36, 0xa1,
  0x00, 0x00, 0x36, 0xa2, 0x00, 0x00, 0x36, 0xa3, 0x00, 0x00, 0x36, 0xa4,
  0x00, 0x00, 0x36, 0xa5, 0x00, 0x00, 0x36, 0xa6, 0x00, 0x00, 0x36, 0xa7,
  0x00, 0x00, 0x36, 0xa8, 0x00, 0x00, 0x36, 0xa9, 0x00, 0x00, 0x36, 0xaa,
  0x00, 0x00, 0x36, 0xab, 0x00, 0x00, 0x36, 0xac, 0x00, 0x00, 0x36, 0xad,
  0x00, 0x00, 0x36, 0xae, 0x00, 0x00, 0x36, 0xaf, 0x00, 0x00, 0x36, 0xb0,
  0x00, 0x00, 0x36, 0xb1, 0x00, 0x00, 0x36, 0xb2, 0x00, 0x00, 0x36, 0xb3,
  0x00, 0x00, 0x36, 0xb4, 0x00, 0x00, 0x36, 0xb5, 0x00, 0x00, 0x36, 0xb6,
  0x00, 0x00, 0x36, 0xb7, 0x00, 0x00, 0x36, 0xb8, 0x00, 0x00, 0x36, 0xb9,
  0x00, 0x00, 0x36, 0xba, 0x00, 0x00, 0x36, 0xbb, 0x00, 0x00, 0x36, 0xbc,
  0x00, 0x00, 0x36, 0xbd, 0x00, 0x00, 0x36, 0xbe, 0x00, 0x00, 0x36, 0xbf,
  0x00, 0x00, 0x36, 0xc0, 0x00, 0x00, 0x36, 0xc1, 0x00, 0x00, 0x36, 0xc2,
  0x00, 0x00, 0x36, 0xc3, 0x00, 0x00, 0x36, 0xc4, 0x00, 0x00, 0x36, 0xc5,
  0x00, 0x00, 0x36, 0xc6, 0x00, 0x00, 0x36, 0xc7, 0x00, 0x00, 0x36, 0xc8,
  0x00, 0x00, 0x36, 0xc9, 0x00, 0x00, 0x36, 0xca, 0x00, 0x00, 0x36, 0xcb,
  0x00, 0x00, 0x36, 0xcc, 0x00, 0x00, 0x36, 0xcd, 0x00, 0x00, 0x36, 0xce,
  0x00, 0x00, 0x36, 0xcf, 0x00, 0x00, 0x36, 0xd0, 0x00, 0x00, 0x36, 0xd1,
  0x00, 0x00, 0x36, 0xd2, 0x00, 0x00, 0x36, 0xd3, 0x00, 0x00, 0x36, 0xd4,
  0x00, 0x00, 0x36, 0xd5, 0x00, 0x00, 0x36, 0xd6, 0x00, 0x00, 0x36, 0xd7,
  0x00, 0x00, 0x36, 0xd8, 0x00, 0x00, 0x36, 0xd9, 0x00, 0x00, 0x36, 0xda,
  0x00, 0x00, 0x36, 0xdb, 0x00, 0x00, 0x36, 0xdc, 0x00, 0x00, 0x36, 0xdd,
  0x00, 0x00, 0x36, 0xde, 0x00, 0x00, 0x36, 0xdf, 0x00, 0x00, 0x36, 0xe0,
  0x00, 0x00, 0x36, 0xe1, 0x00, 0x00, 0x36, 0xe2, 0x00, 0x00, 0x36, 0xe3,
  0x00, 0x00, 0x36, 0xe4, 0x00, 0x00, 0x36, 0xe5, 0x00, 0x00, 0x36, 0xe6,
  0x00, 0x00, 0x36, 0xe7, 0x00, 0x00, 0x36, 0xe8, 0x00, 0x00, 0x36, 0xe9,
  0x00, 0x00, 0x36, 0xea, 0x00, 0x00, 0x36, 0xeb, 0x00, 0x00, 0x36, 0xec,
  0x00, 0x00, 0x36, 0xed, 0x00, 0x00, 0x36, 0xee, 0x00, 0x00, 0x36, 0xef,
  0x00, 0x00, 0x36, 0xf0, 0x00, 0x00, 0x36, 0xf1, 0x00, 0x00, 0x36, 0xf2,
  0x00, 0x00, 0x36, 0xf3, 0x00, 0x00, 0x36, 0xf4, 0x00, 0x00, 0x36, 0xf5,
  0x00, 0x00, 0x36, 0xf6, 0x00, 0x00, 0x36, 0xf7, 0x00, 0x00, 0x36, 0xf8,
  0x00, 0x00, 0x36, 0xf9, 0x00, 0x00, 0x36, 0xfa, 0x00, 0x00, 0x36, 0xfb,
  0x00, 0x00, 0x36, 0xfc, 0x00, 0x00, 0x36, 0xfd, 0x00, 0x00, 0x36, 0xfe,
  0x00, 0x00, 0x36, 0xff, 0x00, 0x00, 0x37, 0x00, 0x00, 0x00, 0x37, 0x01,
  0x00, 0x00, 0x37, 0x02, 0x00, 0x00, 0x37, 0x03, 0x00, 0x00, 0x37, 0x04,
  0x00, 0x00, 0x37, 0x05, 0x00, 0x00, 0x37, 0x06, 0x00, 0x00, 0x37, 0x07,
  0x00, 0x00, 0x37, 0x08, 0x00, 0x00, 0x37, 0x09, 0x00, 0x00, 0x37, 0x0a,
  0x00, 0x00, 0x37, 0x0b, 0x00, 0x00, 0x37, 0x0c, 0x00, 0x00, 0x37, 0x0d,
  0x00, 0x00, 0x37, 0x0e, 0x00, 0x00, 0x37, 0x0f, 0x00, 0x00, 0x37, 0x10,
  0x00, 0x00, 0x37, 0x11, 0x00, 0x00, 0x37, 0x12, 0x00, 0x00, 0x37, 0x13,
  0x00, 0x00, 0x37, 0x14, 0x00, 0x00, 0x37, 0x15, 0x00, 0x00, 0x37, 0x16,
  0x00, 0x00, 0x37, 0x17, 0x00, 0x00, 0x37, 0x18, 0x00, 0x00, 0x37, 0x19,
  0x00, 0x00, 0x37, 0x1a, 0x00, 0x00, 0x37, 0x1b, 0x00, 0x00, 0x37, 0x1c,
  0x00, 0x00, 0x37, 0x1d, 0x00, 0x00, 0x37, 0x1e, 0x00, 0x00, 0x37, 0x1f,
  0x00, 0x00, 0x37, 0x20, 0x00, 0x00, 0x37, 0x21, 0x00, 0x00, 0x37, 0x22,
  0x00, 0x00, 0x37, 0x23, 0x00, 0x00, 0x37, 0x24, 0x00, 0x00, 0x37, 0x25,
  0x00, 0x00, 0x37, 0x26, 0x00, 0x00, 0x37, 0x27, 0x00, 0x00, 0x37, 0x28,
  0x00, 0x00, 0x37, 0x29, 0x00, 0x00, 0x37, 0x2a, 0x00, 0x00, 0x37, 0x2b,
  0x00, 0x00, 0x37, 0x2c, 0x00, 0x00, 0x37, 0x2d, 0x00, 0x00, 0x37, 0x2e,
  0x00, 0x00, 0x37, 0x2f, 0x00, 0x00, 0x37, 0x30, 0x00, 0x00, 0x37, 0x31,
  0x00, 0x00, 0x37, 0x32, 0x00, 0x00, 0x37, 0x33, 0x00, 0x00, 0x37, 0x34,
  0x00, 0x00, 0x37, 0x35, 0x00, 0x00, 0x37, 0x36, 0x00, 0x00, 0x37, 0x37,
  0x00, 0x00, 0x37, 0x38, 0x00, 0x00, 0x37, 0x39, 0x00, 0x00, 0x37, 0x3a,
  0x00, 0x00, 0x37, 0x3b, 0x00, 0x00, 0x37, 0x3c, 0x00, 0x00, 0x37, 0x3d,
  0x00, 0x00, 0x37, 0x3e, 0x00, 0x00, 0x37, 0x3f, 0x00, 0x00, 0x37, 0x40,
  0x00, 0x00, 0x37, 0x41, 0x00, 0x00, 0x37, 0x42, 0x00, 0x00, 0x37, 0x43,
  0x00, 0x00, 0x37, 0x44, 0x00, 0x00, 0x37, 0x45, 0x00, 0x00, 0x37, 0x46,
  0x00, 0x00, 0x37, 0x47, 0x00, 0x00, 0x37, 0x48, 0x00, 0x00, 0x37, 0x49,
  0x00, 0x00, 0x37, 0x4a, 0x00, 0x00, 0x37, 0x4b, 0x00, 0x00, 0x37, 0x4c,
  0x00, 0x00, 0x37, 0x4d, 0x00, 0x00, 0x37, 0x4e, 0x00, 0x00, 0x37, 0x4f,
  0x00, 0x00, 0x37, 0x50, 0x00, 0x00, 0x37, 0x51, 0x00, 0x00, 0x37, 0x52,
  0x00, 0x00, 0x37, 0x53, 0x00, 0x00, 0x37, 0x54, 0x00, 0x00, 0x37, 0x55,
  0x00, 0x00, 0x37, 0x56, 0x00, 0x00, 0x37, 0x57, 0x00, 0x00, 0x37, 0x58,
  0x00, 0x00, 0x37, 0x59, 0x00, 0x00, 0x37, 0x5a, 0x00, 0x00, 0x37, 0x5b,
  0x00, 0x00, 0x37, 0x5c, 0x00, 0x00, 0x37, 0x5d, 0x00, 0x00, 0x37, 0x5e,
  0x00, 0x00, 0x37, 0x5f, 0x00, 0x00, 0x37, 0x60, 0x00, 0x00, 0x37, 0x61,
  0x00, 0x00, 0x37, 0x62, 0x00, 0x00, 0x37, 0x63, 0x00, 0x00, 0x37, 0x64,
  0x00, 0x00, 0x37, 0x65, 0x00, 0x00, 0x37, 0x66, 0x00, 0x00, 0x37, 0x67,
  0x00, 0x00, 0x37, 0x68, 0x00, 0x00, 0x37, 0x69, 0x00, 0x00, 0x37, 0x6a,
  0x00, 0x00, 0x37, 0x6b, 0x00, 0x00, 0x37, 0x6c, 0x00, 0x00, 0x37, 0x6d,
  0x00, 0x00, 0x37, 0x6e, 0x00, 0x00, 0x37, 0x6f, 0x00, 0x00, 0x37, 0x70,
  0x00, 0x00, 0x37, 0x71, 0x00, 0x00, 0x37, 0x72, 0x00, 0x00, 0x37, 0x73,
  0x00, 0x00, 0x37, 0x74, 0x00, 0x00, 0x37, 0x75, 0x00, 0x00, 0x37, 0x76,
  0x00, 0x00, 0x37, 0x77, 0x00, 0x00, 0x37, 0x78, 0x00, 0x00, 0x37, 0x79,
  0x00, 0x00, 0x37, 0x7a, 0x00, 0x00, 0x37, 0x7b, 0x00, 0x00, 0x37, 0x7c,
  0x00, 0x00, 0x37, 0x7d, 0x00, 0x00, 0x37, 0x7e, 0x00, 0x00, 0x37, 0x7f,
  0x00, 0x00, 0x37, 0x80, 0x00, 0x00, 0x37, 0x81, 0x00, 0x00, 0x37, 0x82,
  0x00, 0x00, 0x37, 0x83, 0x00, 0x00, 0x37, 0x84, 0x00, 0x00, 0x37, 0x85,
  0x00, 0x00, 0x37, 0x86, 0x00, 0x00, 0x37, 0x87, 0x00, 0x00, 0x37, 0x88,
  0x00, 0x00, 0x37, 0x89, 0x00, 0x00, 0x37, 0x8a, 0x00, 0x00, 0x37, 0x8b,
  0x00, 0x00, 0x37, 0x8c, 0x00, 0x00, 0x37, 0x8d, 0x00, 0x00, 0x37, 0x8e,
  0x00, 0x00, 0x37, 0x8f, 0x00, 0x00, 0x37, 0x90, 0x00, 0x00, 0x37, 0x91,
  0x00, 0x00, 0x37, 0x92, 0x00, 0x00, 0x37, 0x93, 0x00, 0x00, 0x37, 0x94,
  0x00, 0x00, 0x37, 0x95, 0x00, 0x00, 0x37, 0x96, 0x00, 0x00, 0x37, 0x97,
  0x00, 0x00, 0x37, 0x98, 0x00, 0x00, 0x37, 0x99, 0x00, 0x00, 0x37, 0x9a,
  0x00, 0x00, 0x37, 0x9b, 0x00, 0x00, 0x37, 0x9c, 0x00, 0x00, 0x37, 0x9d,
  0x00, 0x00, 0x37, 0x9e, 0x00, 0x00, 0x37, 0x9f, 0x00, 0x00, 0x37, 0xa0,
  0x00, 0x00, 0x37, 0xa1, 0x00, 0x00, 0x37, 0xa2, 0x00, 0x00, 0x37, 0xa3,
  0x00, 0x00, 0x37, 0xa4, 0x00, 0x00, 0x37, 0xa5, 0x00, 0x00, 0x37, 0xa6,
  0x00, 0x00, 0x37, 0xa7, 0x00, 0x00, 0x37, 0xa8, 0x00, 0x00, 0x37, 0xa9,
  0x00, 0x00, 0x37, 0xaa, 0x00, 0x00, 0x37, 0xab, 0x00, 0x00, 0x37, 0xac,
  0x00, 0x00, 0x37, 0xad, 0x00, 0x00, 0x37, 0xae, 0x00, 0x00, 0x37, 0xaf,
  0x00, 0x00, 0x37, 0xb0, 0x00, 0x00, 0x37, 0xb1, 0x00, 0x00, 0x37, 0xb2,
  0x00, 0x00, 0x37, 0xb3, 0x00, 0x00, 0x37, 0xb4, 0x00, 0x00, 0x37, 0xb5,
  0x00, 0x00, 0x37, 0xb6, 0x00, 0x00, 0x37, 0xb7, 0x00, 0x00, 0x37, 0xb8,
  0x00, 0x00, 0x37, 0xb9, 0x00, 0x00, 0x37, 0xba, 0x00, 0x00, 0x37, 0xbb,
  0x00, 0x00, 0x37, 0xbc, 0x00, 0x00, 0x37, 0xbd, 0x00, 0x00, 0x37, 0xbe,
  0x00, 0x00, 0x37, 0xbf, 0x00, 0x00, 0x37, 0xc0, 0x00, 0x00, 0x37, 0xc1,
  0x00, 0x00, 0x37, 0xc2, 0x00, 0x00, 0x37, 0xc3, 0x00, 0x00, 0x37, 0xc4,
  0x00, 0x00, 0x37, 0xc5, 0x00, 0x00, 0x37, 0xc6, 0x00, 0x00, 0x37, 0xc7,
  0x00, 0x00, 0x37, 0xc8, 0x00, 0x00, 0x37, 0xc9, 0x00, 0x00, 0x37, 0xca,
  0x00, 0x00, 0x37, 0xcb, 0x00, 0x00, 0x37, 0xcc, 0x00, 0x00, 0x37, 0xcd,
  0x00, 0x00, 0x37, 0xce, 0x00, 0x00, 0x37, 0xcf, 0x00, 0x00, 0x37, 0xd0,
  0x00, 0x00, 0x37, 0xd1, 0x00, 0x00, 0x37, 0xd2, 0x00, 0x00, 0x37, 0xd3,
  0x00, 0x00, 0x37, 0xd4, 0x00, 0x00, 0x37, 0xd5, 0x00, 0x00, 0x37, 0xd6,
  0x00, 0x00, 0x37, 0xd7, 0x00, 0x00, 0x37, 0xd8, 0x00, 0x00, 0x37, 0xd9,
  0x00, 0x00, 0x37, 0xda, 0x00, 0x00, 0x37, 0xdb, 0x00, 0x00, 0x37, 0xdc,
  0x00, 0x00, 0x37, 0xdd, 0x00, 0x00, 0x37, 0xde, 0x00, 0x00, 0x37, 0xdf,
  0x00, 0x00, 0x37, 0xe0, 0x00, 0x00, 0x37, 0xe1, 0x00, 0x00, 0x37, 0xe2,
  0x00, 0x00, 0x37, 0xe3, 0x00, 0x00, 0x37, 0xe4, 0x00, 0x00, 0x37, 0xe5,
  0x00, 0x00, 0x37, 0xe6, 0x00, 0x00, 0x37, 0xe7, 0x00, 0x00, 0x37, 0xe8,
  0x00, 0x00, 0x37, 0xe9, 0x00, 0x00, 0x37, 0xea, 0x00, 0x00, 0x37, 0xeb,
  0x00, 0x00, 0x37, 0xec, 0x00, 0x00, 0x37, 0xed, 0x00, 0x00, 0x37, 0xee,
  0x00, 0x00, 0x37, 0xef, 0x00, 0x00, 0x37, 0xf0, 0x00, 0x00, 0x37, 0xf1,
  0x00, 0x00, 0x37, 0xf2, 0x00, 0x00, 0x37, 0xf3, 0x00, 0x00, 0x37, 0xf4,
  0x00, 0x00, 0x37, 0xf5, 0x00, 0x00, 0x37, 0xf6, 0x00, 0x00, 0x37, 0xf7,
  0x00, 0x00, 0x37, 0xf8, 0x00, 0x00, 0x37, 0xf9, 0x00, 0x00, 0x37, 0xfa,
  0x00, 0x00, 0x37, 0xfb, 0x00, 0x00, 0x37, 0xfc, 0x00, 0x00, 0x37, 0xfd,
  0x00, 0x00, 0x37, 0xfe, 0x00, 0x00, 0x37, 0xff, 0x00, 0x00, 0x38, 0x00,
  0x00, 0x00, 0x38, 0x01, 0x00, 0x00, 0x38, 0x02, 0x00, 0x00, 0x38, 0x03,
  0x00, 0x00, 0x38, 0x04, 0x00, 0x00, 0x38, 0x05, 0x00, 0x00, 0x38, 0x06,
  0x00, 0x00, 0x38, 0x07, 0x00, 0x00, 0x38, 0x08, 0x00, 0x00, 0x38, 0x09,
  0x00, 0x00, 0x38, 0x0a, 0x00, 0x00, 0x38, 0x0b, 0x00, 0x00, 0x38, 0x0c,
  0x00, 0x00, 0x38, 0x0d, 0x00, 0x00, 0x38, 0x0e, 0x00, 0x00, 0x38, 0x0f,
  0x00, 0x00, 0x38, 0x10, 0x00, 0x00, 0x38, 0x11, 0x00, 0x00, 0x38, 0x12,
  0x00, 0x00, 0x38, 0x13, 0x00, 0x00, 0x38, 0x14, 0x00, 0x00, 0x38, 0x15,
  0x00, 0x00, 0x38, 0x16, 0x00, 0x00, 0x38, 0x17, 0x00, 0x00, 0x38, 0x18,
  0x00, 0x00, 0x38, 0x19, 0x00, 0x00, 0x38, 0x1a, 0x00, 0x00, 0x38, 0x1b,
  0x00, 0x00, 0x38, 0x1c, 0x00, 0x00, 0x38, 0x1d, 0x00, 0x00, 0x38, 0x1e,
  0x00, 0x00, 0x38, 0x1f, 0x00, 0x00, 0x38, 0x20, 0x00, 0x00, 0x38, 0x21,
  0x00, 0x00, 0x38, 0x22, 0x00, 0x00, 0x38, 0x23, 0x00, 0x00, 0x38, 0x24,
  0x00, 0x00, 0x38, 0x25, 0x00, 0x00, 0x38, 0x26, 0x00, 0x00, 0x38, 0x27,
  0x00, 0x00, 0x38, 0x28, 0x00, 0x00, 0x38, 0x29, 0x00, 0x00, 0x38, 0x2a,
  0x00, 0x00, 0x38, 0x2b, 0x00, 0x00, 0x38, 0x2c, 0x00, 0x00, 0x38, 0x2d,
  0x00, 0x00, 0x38, 0x2e, 0x00, 0x00, 0x38, 0x2f, 0x00, 0x00, 0x38, 0x30,
  0x00, 0x00, 0x38, 0x31, 0x00, 0x00, 0x38, 0x32, 0x00, 0x00, 0x38, 0x33,
  0x00, 0x00, 0x38, 0x34, 0x00, 0x00, 0x38, 0x35, 0x00, 0x00, 0x38, 0x36,
  0x00, 0x00, 0x38, 0x37, 0x00, 0x00, 0x38, 0x38, 0x00, 0x00, 0x38, 0x39,
  0x00, 0x00, 0x38, 0x3a, 0x00, 0x00, 0x38, 0x3b, 0x00, 0x00, 0x38, 0x3c,
  0x00, 0x00, 0x38, 0x3d, 0x00, 0x00, 0x38, 0x3e, 0x00, 0x00, 0x38, 0x3f,
  0x00, 0x00, 0x38, 0x40, 0x00, 0x00, 0x38, 0x41, 0x00, 0x00, 0x38, 0x42,
  0x00, 0x00, 0x38, 0x43, 0x00, 0x00, 0x38, 0x44, 0x00, 0x00, 0x38, 0x45,
  0x00, 0x00, 0x38, 0x46, 0x00, 0x00, 0x38, 0x47, 0x00, 0x00, 0x38, 0x48,
  0x00, 0x00, 0x38, 0x49, 0x00, 0x00, 0x38, 0x4a, 0x00, 0x00, 0x38, 0x4b,
  0x00, 0x00, 0x38, 0x4c, 0x00, 0x00, 0x38, 0x4d, 0x00, 0x00, 0x38, 0x4e,
  0x00, 0x00, 0x38, 0x4f, 0x00, 0x00, 0x38, 0x50, 0x00, 0x00, 0x38, 0x51,
  0x00, 0x00, 0x38, 0x52, 0x00, 0x00, 0x38, 0x53, 0x00, 0x00, 0x38, 0x54,
  0x00, 0x00, 0x38, 0x55, 0x00, 0x00, 0x38, 0x56, 0x00, 0x00, 0x38, 0x57,
  0x00, 0x00, 0x38, 0x58, 0x00, 0x00, 0x38, 0x59, 0x00, 0x00, 0x38, 0x5a,
  0x00, 0x00, 0x38, 0x5b, 0x00, 0x00, 0x38, 0x5c, 0x00, 0x00, 0x38, 0x5d,
  0x00, 0x00, 0x38, 0x5e, 0x00, 0x00, 0x38, 0x5f, 0x00, 0x00, 0x38, 0x60,
  0x00, 0x00, 0x38, 0x61, 0x00, 0x00, 0x38, 0x62, 0x00, 0x00, 0x38, 0x63,
  0x00, 0x00, 0x38, 0x64, 0x00, 0x00, 0x38, 0x65, 0x00, 0x00, 0x38, 0x66,
  0x00, 0x00, 0x38, 0x67, 0x00, 0x00, 0x38, 0x68, 0x00, 0x00, 0x38, 0x69,
  0x00, 0x00, 0x38, 0x6a, 0x00, 0x00, 0x38, 0x6b, 0x00, 0x00, 0x38, 0x6c,
  0x00, 0x00, 0x38, 0x6d, 0x00, 0x00, 0x38, 0x6e, 0x00, 0x00, 0x38, 0x6f,
  0x00, 0x00, 0x38, 0x70, 0x00, 0x00, 0x38, 0x71, 0x00, 0x00, 0x38, 0x72,
  0x00, 0x00, 0x38, 0x73, 0x00, 0x00, 0x38, 0x74, 0x00, 0x00, 0x38, 0x75,
  0x00, 0x00, 0x38, 0x76, 0x00, 0x00, 0x38, 0x77, 0x00, 0x00, 0x38, 0x78,
  0x00, 0x00, 0x38, 0x79, 0x00, 0x00, 0x38, 0x7a, 0x00, 0x00, 0x38, 0x7b,
  0x00, 0x00, 0x38, 0x7c, 0x00, 0x00, 0x38, 0x7d, 0x00, 0x00, 0x38, 0x7e,
  0x00, 0x00, 0x38, 0x7f, 0x00, 0x00, 0x38, 0x80, 0x00, 0x00, 0x38, 0x81,
  0x00, 0x00, 0x38, 0x82, 0x00, 0x00, 0x38, 0x83, 0x00, 0x00, 0x38, 0x84,
  0x00, 0x00, 0x38, 0x85, 0x00, 0x00, 0x38, 0x86, 0x00, 0x00, 0x38, 0x87,
  0x00, 0x00, 0x38, 0x88, 0x00, 0x00, 0x38, 0x89, 0x00, 0x00, 0x38, 0x8a,
  0x00, 0x00, 0x38, 0x8b, 0x00, 0x00, 0x38, 0x8c, 0x00, 0x00, 0x38, 0x8d,
  0x00, 0x00, 0x38, 0x8e, 0x00, 0x00, 0x38, 0x8f, 0x00, 0x00, 0x38, 0x90,
  0x00, 0x00, 0x38, 0x91, 0x00, 0x00, 0x38, 0x92, 0x00, 0x00, 0x38, 0x93,
  0x00, 0x00, 0x38, 0x94, 0x00, 0x00, 0x38, 0x95, 0x00, 0x00, 0x38, 0x96,
  0x00, 0x00, 0x38, 0x97, 0x00, 0x00, 0x38, 0x98, 0x00, 0x00, 0x38, 0x99,
  0x00, 0x00, 0x38, 0x9a, 0x00, 0x00, 0x38, 0x9b, 0x00, 0x00, 0x38, 0x9c,
  0x00, 0x00, 0x38, 0x9d, 0x00, 0x00, 0x38, 0x9e, 0x00, 0x00, 0x38, 0x9f,
  0x00, 0x00, 0x38, 0xa0, 0x00, 0x00, 0x38, 0xa1, 0x00, 0x00, 0x38, 0xa2,
  0x00, 0x00, 0x38, 0xa3, 0x00, 0x00, 0x38, 0xa4, 0x00, 0x00, 0x38, 0xa5,
  0x00, 0x00, 0x38, 0xa6, 0x00, 0x00, 0x38, 0xa7, 0x00, 0x00, 0x38, 0xa8,
  0x00, 0x00, 0x38, 0xa9, 0x00, 0x00, 0x38, 0xaa, 0x00, 0x00, 0x38, 0xab,
  0x00, 0x00, 0x38, 0xac, 0x00, 0x00, 0x38, 0xad, 0x00, 0x00, 0x38, 0xae,
  0x00, 0x00, 0x38, 0xaf, 0x00, 0x00, 0x38, 0xb0, 0x00, 0x00, 0x38, 0xb1,
  0x00, 0x00, 0x38, 0xb2, 0x00, 0x00, 0x38, 0xb3, 0x00, 0x00, 0x38, 0xb4,
  0x00, 0x00, 0x38, 0xb5, 0x00, 0x00, 0x38, 0xb6, 0x00, 0x00, 0x38, 0xb7,
  0x00, 0x00, 0x38, 0xb8, 0x00, 0x00, 0x38, 0xb9, 0x00, 0x00, 0x38, 0xba,
  0x00, 0x00, 0x38, 0xbb, 0x00, 0x00, 0x38, 0xbc, 0x00, 0x00, 0x38, 0xbd,
  0x00, 0x00, 0x38, 0xbe, 0x00, 0x00, 0x38, 0xbf, 0x00, 0x00, 0x38, 0xc0,
  0x00, 0x00, 0x38, 0xc1, 0x00, 0x00, 0x38, 0xc2, 0x00, 0x00, 0x38, 0xc3,
  0x00, 0x00, 0x38, 0xc4, 0x00, 0x00, 0x38, 0xc5, 0x00, 0x00, 0x38, 0xc6,
  0x00, 0x00, 0x38, 0xc7, 0x00, 0x00, 0x38, 0xc8, 0x00, 0x00, 0x38, 0xc9,
  0x00, 0x00, 0x38, 0xca, 0x00, 0x00, 0x38, 0xcb, 0x00, 0x00, 0x38, 0xcc,
  0x00, 0x00, 0x38, 0xcd, 0x00, 0x00, 0x38, 0xce, 0x00, 0x00, 0x38, 0xcf,
  0x00, 0x00, 0x38, 0xd0, 0x00, 0x00, 0x38, 0xd1, 0x00, 0x00, 0x38, 0xd2,
  0x00, 0x00, 0x38, 0xd3, 0x00, 0x00, 0x38, 0xd4, 0x00, 0x00, 0x38, 0xd5,
  0x00, 0x00, 0x38, 0xd6, 0x00, 0x00, 0x38, 0xd7, 0x00, 0x00, 0x38, 0xd8,
  0x00, 0x00, 0x38, 0xd9, 0x00, 0x00, 0x38, 0xda, 0x00, 0x00, 0x38, 0xdb,
  0x00, 0x00, 0x38, 0xdc, 0x00, 0x00, 0x38, 0xdd, 0x00, 0x00, 0x38, 0xde,
  0x00, 0x00, 0x38, 0xdf, 0x00, 0x00, 0x38, 0xe0, 0x00, 0x00, 0x38, 0xe1,
  0x00, 0x00, 0x38, 0xe2, 0x00, 0x00, 0x38, 0xe3, 0x00, 0x00, 0x38, 0xe4,
  0x00, 0x00, 0x38, 0xe5, 0x00, 0x00, 0x38, 0xe6, 0x00, 0x00, 0x38, 0xe7,
  0x00, 0x00, 0x38, 0xe8, 0x00, 0x00, 0x38, 0xe9, 0x00, 0x00, 0x38, 0xea,
  0x00, 0x00, 0x38, 0xeb, 0x00, 0x00, 0x38, 0xec, 0x00, 0x00, 0x38, 0xed,
  0x00, 0x00, 0x38, 0xee, 0x00, 0x00, 0x38, 0xef, 0x00, 0x00, 0x38, 0xf0,
  0x00, 0x00, 0x38, 0xf1, 0x00, 0x00, 0x38, 0xf2, 0x00, 0x00, 0x38, 0xf3,
  0x00, 0x00, 0x38, 0xf4, 0x00, 0x00, 0x38, 0xf5, 0x00, 0x00, 0x38, 0xf6,
  0x00, 0x00, 0x38, 0xf7, 0x00, 0x00, 0x38, 0xf8, 0x00, 0x00, 0x38, 0xf9,
  0x00, 0x00, 0x38, 0xfa, 0x00, 0x00, 0x38, 0xfb, 0x00, 0x00, 0x38, 0xfc,
  0x00, 0x00, 0x38, 0xfd, 0x00, 0x00, 0x38, 0xfe, 0x00, 0x00, 0x38, 0xff,
  0x00, 0x00, 0x39, 0x00, 0x00, 0x00, 0x39, 0x01, 0x00, 0x00, 0x39, 0x02,
  0x00, 0x00, 0x39, 0x03, 0x00, 0x00, 0x39, 0x04, 0x00, 0x00, 0x39, 0x05,
  0x00, 0x00, 0x39, 0x06, 0x00, 0x00, 0x39, 0x07, 0x00, 0x00, 0x39, 0x08,
  0x00, 0x00, 0x39, 0x09, 0x00, 0x00, 0x39, 0x0a, 0x00, 0x00, 0x39, 0x0b,
  0x00, 0x00, 0x39, 0x0c, 0x00, 0x00, 0x39, 0x0d, 0x00, 0x00, 0x39, 0x0e,
  0x00, 0x00, 0x39, 0x0f, 0x00, 0x00, 0x39, 0x10, 0x00, 0x00, 0x39, 0x11,
  0x00, 0x00, 0x39, 0x12, 0x00, 0x00, 0x39, 0x13, 0x00, 0x00, 0x39, 0x14,
  0x00, 0x00, 0x39, 0x15, 0x00, 0x00, 0x39, 0x16, 0x00, 0x00, 0x39, 0x17,
  0x00, 0x00, 0x39, 0x18, 0x00, 0x00, 0x39, 0x19, 0x00, 0x00, 0x39, 0x1a,
  0x00, 0x00, 0x39, 0x1b, 0x00, 0x00, 0x39, 0x1c, 0x00, 0x00, 0x39, 0x1d,
  0x00, 0x00, 0x39, 0x1e, 0x00, 0x00, 0x39, 0x1f, 0x00, 0x00, 0x39, 0x20,
  0x00, 0x00, 0x39, 0x21, 0x00, 0x00, 0x39, 0x22, 0x00, 0x00, 0x39, 0x23,
  0x00, 0x00, 0x39, 0x24, 0x00, 0x00, 0x39, 0x25, 0x00, 0x00, 0x39, 0x26,
  0x00, 0x00, 0x39, 0x27, 0x00, 0x00, 0x39, 0x28, 0x00, 0x00, 0x39, 0x29,
  0x00, 0x00, 0x39, 0x2a, 0x00, 0x00, 0x39, 0x2b, 0x00, 0x00, 0x39, 0x2c,
  0x00, 0x00, 0x39, 0x2d, 0x00, 0x00, 0x39, 0x2e, 0x00, 0x00, 0x39, 0x2f,
  0x00, 0x00, 0x39, 0x30, 0x00, 0x00, 0x39, 0x31, 0x00, 0x00, 0x39, 0x32,
  0x00, 0x00, 0x39, 0x33, 0x00, 0x00, 0x39, 0x34, 0x00, 0x00, 0x39, 0x35,
  0x00, 0x00, 0x39, 0x36, 0x00, 0x00, 0x39, 0x37, 0x00, 0x00, 0x39, 0x38,
  0x00, 0x00, 0x39, 0x39, 0x00, 0x00, 0x39, 0x3a, 0x00, 0x00, 0x39, 0x3b,
  0x00, 0x00, 0x39, 0x3c, 0x00, 0x00, 0x39, 0x3d, 0x00, 0x00, 0x39, 0x3e,
  0x00, 0x00, 0x39, 0x3f, 0x00, 0x00, 0x39, 0x40, 0x00, 0x00, 0x39, 0x41,
  0x00, 0x00, 0x39, 0x42, 0x00, 0x00, 0x39, 0x43, 0x00, 0x00, 0x39, 0x44,
  0x00, 0x00, 0x39, 0x45, 0x00, 0x00, 0x39, 0x46, 0x00, 0x00, 0x39, 0x47,
  0x00, 0x00, 0x39, 0x48, 0x00, 0x00, 0x39, 0x49, 0x00, 0x00, 0x39, 0x4a,
  0x00, 0x00, 0x39, 0x4b, 0x00, 0x00, 0x39, 0x4c, 0x00, 0x00, 0x39, 0x4d,
  0x00, 0x00, 0x39, 0x4e, 0x00, 0x00, 0x39, 0x4f, 0x00, 0x00, 0x39, 0x50,
  0x00, 0x00, 0x39, 0x51, 0x00, 0x00, 0x39, 0x52, 0x00, 0x00, 0x39, 0x53,
  0x00, 0x00, 0x39, 0x54, 0x00, 0x00, 0x39, 0x55, 0x00, 0x00, 0x39, 0x56,
  0x00, 0x00, 0x39, 0x57, 0x00, 0x00, 0x39, 0x58, 0x00, 0x00, 0x39, 0x59,
  0x00, 0x00, 0x39, 0x5a, 0x00, 0x00, 0x39, 0x5b, 0x00, 0x00, 0x39, 0x5c,
  0x00, 0x00, 0x39, 0x5d, 0x00, 0x00, 0x39, 0x5e, 0x00, 0x00, 0x39, 0x5f,
  0x00, 0x00, 0x39, 0x60, 0x00, 0x00, 0x39, 0x61, 0x00, 0x00, 0x39, 0x62,
  0x00, 0x00, 0x39, 0x63, 0x00, 0x00, 0x39, 0x64, 0x00, 0x00, 0x39, 0x65,
  0x00, 0x00, 0x39, 0x66, 0x00, 0x00, 0x39, 0x67, 0x00, 0x00, 0x39, 0x68,
  0x00, 0x00, 0x39, 0x69, 0x00, 0x00, 0x39, 0x6a, 0x00, 0x00, 0x39, 0x6b,
  0x00, 0x00, 0x39, 0x6c, 0x00, 0x00, 0x39, 0x6d, 0x00, 0x00, 0x39, 0x6e,
  0x00, 0x00, 0x39, 0x6f, 0x00, 0x00, 0x39, 0x70, 0x00, 0x00, 0x39, 0x71,
  0x00, 0x00, 0x39, 0x72, 0x00, 0x00, 0x39, 0x73, 0x00, 0x00, 0x39, 0x74,
  0x00, 0x00, 0x39, 0x75, 0x00, 0x00, 0x39, 0x76, 0x00, 0x00, 0x39, 0x77,
  0x00, 0x00, 0x39, 0x78, 0x00, 0x00, 0x39, 0x79, 0x00, 0x00, 0x39, 0x7a,
  0x00, 0x00, 0x39, 0x7b, 0x00, 0x00, 0x39, 0x7c, 0x00, 0x00, 0x39, 0x7d,
  0x00, 0x00, 0x39, 0x7e, 0x00, 0x00, 0x39, 0x7f, 0x00, 0x00, 0x39, 0x80,
  0x00, 0x00, 0x39, 0x81, 0x00, 0x00, 0x39, 0x82, 0x00, 0x00, 0x39, 0x83,
  0x00, 0x00, 0x39, 0x84, 0x00, 0x00, 0x39, 0x85, 0x00, 0x00, 0x39, 0x86,
  0x00, 0x00, 0x39, 0x87, 0x00, 0x00, 0x39, 0x88, 0x00, 0x00, 0x39, 0x89,
  0x00, 0x00, 0x39, 0x8a, 0x00, 0x00, 0x39, 0x8b, 0x00, 0x00, 0x39, 0x8c,
  0x00, 0x00, 0x39, 0x8d, 0x00, 0x00, 0x39, 0x8e, 0x00, 0x00, 0x39, 0x8f,
  0x00, 0x00, 0x39, 0x90, 0x00, 0x00, 0x39, 0x91, 0x00, 0x00, 0x39, 0x92,
  0x00, 0x00, 0x39, 0x93, 0x00, 0x00, 0x39, 0x94, 0x00, 0x00, 0x39, 0x95,
  0x00, 0x00, 0x39, 0x96, 0x00, 0x00, 0x39, 0x97, 0x00, 0x00, 0x39, 0x98,
  0x00, 0x00, 0x39, 0x99, 0x00, 0x00, 0x39, 0x9a, 0x00, 0x00, 0x39, 0x9b,
  0x00, 0x00, 0x39, 0x9c, 0x00, 0x00, 0x39, 0x9d, 0x00, 0x00, 0x39, 0x9e,
  0x00, 0x00, 0x39, 0x9f, 0x00, 0x00, 0x39, 0xa0, 0x00, 0x00, 0x39, 0xa1,
  0x00, 0x00, 0x39, 0xa2, 0x00, 0x00, 0x39, 0xa3, 0x00, 0x00, 0x39, 0xa4,
  0x00, 0x00, 0x39, 0xa5, 0x00, 0x00, 0x39, 0xa6, 0x00, 0x00, 0x39, 0xa7,
  0x00, 0x00, 0x39, 0xa8, 0x00, 0x00, 0x39, 0xa9, 0x00, 0x00, 0x39, 0xaa,
  0x00, 0x00, 0x39, 0xab, 0x00, 0x00, 0x39, 0xac, 0x00, 0x00, 0x39, 0xad,
  0x00, 0x00, 0x39, 0xae, 0x00, 0x00, 0x39, 0xaf, 0x00, 0x00, 0x39, 0xb0,
  0x00, 0x00, 0x39, 0xb1, 0x00, 0x00, 0x39, 0xb2, 0x00, 0x00, 0x39, 0xb3,
  0x00, 0x00, 0x39, 0xb4, 0x00, 0x00, 0x39, 0xb5, 0x00, 0x00, 0x39, 0xb6,
  0x00, 0x00, 0x39, 0xb7, 0x00, 0x00, 0x39, 0xb8, 0x00, 0x00, 0x39, 0xb9,
  0x00, 0x00, 0x39, 0xba, 0x00, 0x00, 0x39, 0xbb, 0x00, 0x00, 0x39, 0xbc,
  0x00, 0x00, 0x39, 0xbd, 0x00, 0x00, 0x39, 0xbe, 0x00, 0x00, 0x39, 0xbf,
  0x00, 0x00, 0x39, 0xc0, 0x00, 0x00, 0x39, 0xc1, 0x00, 0x00, 0x39, 0xc2,
  0x00, 0x00, 0x39, 0xc3, 0x00, 0x00, 0x39, 0xc4, 0x00, 0x00, 0x39, 0xc5,
  0x00, 0x00, 0x39, 0xc6, 0x00, 0x00, 0x39, 0xc7, 0x00, 0x00, 0x39, 0xc8,
  0x00, 0x00, 0x39, 0xc9, 0x00, 0x00, 0x39, 0xca, 0x00, 0x00, 0x39, 0xcb,
  0x00, 0x00, 0x39, 0xcc, 0x00, 0x00, 0x39, 0xcd, 0x00, 0x00, 0x39, 0xce,
  0x00, 0x00, 0x39, 0xcf, 0x00, 0x00, 0x39, 0xd0, 0x00, 0x00, 0x39, 0xd1,
  0x00, 0x00, 0x39, 0xd2, 0x00, 0x00, 0x39, 0xd3, 0x00, 0x00, 0x39, 0xd4,
  0x00, 0x00, 0x39, 0xd5, 0x00, 0x00, 0x39, 0xd6, 0x00, 0x00, 0x39, 0xd7,
  0x00, 0x00, 0x39, 0xd8, 0x00, 0x00, 0x39, 0xd9, 0x00, 0x00, 0x39, 0xda,
  0x00, 0x00, 0x39, 0xdb, 0x00, 0x00, 0x39, 0xdc, 0x00, 0x00, 0x39, 0xdd,
  0x00, 0x00, 0x39, 0xde, 0x00, 0x00, 0x39, 0xdf, 0x00, 0x00, 0x39, 0xe0,
  0x00, 0x00, 0x39, 0xe1, 0x00, 0x00, 0x39, 0xe2, 0x00, 0x00, 0x39, 0xe3,
  0x00, 0x00, 0x39, 0xe4, 0x00, 0x00, 0x39, 0xe5, 0x00, 0x00, 0x39, 0xe6,
  0x00, 0x00, 0x39, 0xe7, 0x00, 0x00, 0x39, 0xe8, 0x00, 0x00, 0x39, 0xe9,
  0x00, 0x00, 0x39, 0xea, 0x00, 0x00, 0x39, 0xeb, 0x00, 0x00, 0x39, 0xec,
  0x00, 0x00, 0x39, 0xed, 0x00, 0x00, 0x39, 0xee, 0x00, 0x00, 0x39, 0xef,
  0x00, 0x00, 0x39, 0xf0, 0x00, 0x00, 0x39, 0xf1, 0x00, 0x00, 0x39, 0xf2,
  0x00, 0x00, 0x39, 0xf3, 0x00, 0x00, 0x39, 0xf4, 0x00, 0x00, 0x39, 0xf5,
  0x00, 0x00, 0x39, 0xf6, 0x00, 0x00, 0x39, 0xf7, 0x00, 0x00, 0x39, 0xf8,
  0x00, 0x00, 0x39, 0xf9, 0x00, 0x00, 0x39, 0xfa, 0x00, 0x00, 0x39, 0xfb,
  0x00, 0x00, 0x39, 0xfc, 0x00, 0x00, 0x39, 0xfd, 0x00, 0x00, 0x39, 0xfe,
  0x00, 0x00, 0x39, 0xff, 0x00, 0x00, 0x3a, 0x00, 0x00, 0x00, 0x3a, 0x01,
  0x00, 0x00, 0x3a, 0x02, 0x00, 0x00, 0x3a, 0x03, 0x00, 0x00, 0x3a, 0x04,
  0x00, 0x00, 0x3a, 0x05, 0x00, 0x00, 0x3a, 0x06, 0x00, 0x00, 0x3a, 0x07,
  0x00, 0x00, 0x3a, 0x08, 0x00, 0x00, 0x3a, 0x09, 0x00, 0x00, 0x3a, 0x0a,
  0x00, 0x00, 0x3a, 0x0b, 0x00, 0x00, 0x3a, 0x0c, 0x00, 0x00, 0x3a, 0x0d,
  0x00, 0x00, 0x3a, 0x0e, 0x00, 0x00, 0x3a, 0x0f, 0x00, 0x00, 0x3a, 0x10,
  0x00, 0x00, 0x3a, 0x11, 0x00, 0x00, 0x3a, 0x12, 0x00, 0x00, 0x3a, 0x13,
  0x00, 0x00, 0x3a, 0x14, 0x00, 0x00, 0x3a, 0x15, 0x00, 0x00, 0x3a, 0x16,
  0x00, 0x00, 0x3a, 0x17, 0x00, 0x00, 0x3a, 0x18, 0x00, 0x00, 0x3a, 0x19,
  0x00, 0x00, 0x3a, 0x1a, 0x00, 0x00, 0x3a, 0x1b, 0x00, 0x00, 0x3a, 0x1c,
  0x00, 0x00, 0x3a, 0x1d, 0x00, 0x00, 0x3a, 0x1e, 0x00, 0x00, 0x3a, 0x1f,
  0x00, 0x00, 0x3a, 0x20, 0x00, 0x00, 0x3a, 0x21, 0x00, 0x00, 0x3a, 0x22,
  0x00, 0x00, 0x3a, 0x23, 0x00, 0x00, 0x3a, 0x24, 0x00, 0x00, 0x3a, 0x25,
  0x00, 0x00, 0x3a, 0x26, 0x00, 0x00, 0x3a, 0x27, 0x00, 0x00, 0x3a, 0x28,
  0x00, 0x00, 0x3a, 0x29, 0x00, 0x00, 0x3a, 0x2a, 0x00, 0x00, 0x3a, 0x2b,
  0x00, 0x00, 0x3a, 0x2c, 0x00, 0x00, 0x3a, 0x2d, 0x00, 0x00, 0x3a, 0x2e,
  0x00, 0x00, 0x3a, 0x2f, 0x00, 0x00, 0x3a, 0x30, 0x00, 0x00, 0x3a, 0x31,
  0x00, 0x00, 0x3a, 0x32, 0x00, 0x00, 0x3a, 0x33, 0x00, 0x00, 0x3a, 0x34,
  0x00, 0x00, 0x3a, 0x35, 0x00, 0x00, 0x3a, 0x36, 0x00, 0x00, 0x3a, 0x37,
  0x00, 0x00, 0x3a, 0x38, 0x00, 0x00, 0x3a, 0x39, 0x00, 0x00, 0x3a, 0x3a,
  0x00, 0x00, 0x3a, 0x3b, 0x00, 0x00, 0x3a, 0x3c, 0x00, 0x00, 0x3a, 0x3d,
  0x00, 0x00, 0x3a, 0x3e, 0x00, 0x00, 0x3a, 0x3f, 0x00, 0x00, 0x3a, 0x40,
  0x00, 0x00, 0x3a, 0x41, 0x00, 0x00, 0x3a, 0x42, 0x00, 0x00, 0x3a, 0x43,
  0x00, 0x00, 0x3a, 0x44, 0x00, 0x00, 0x3a, 0x45, 0x00, 0x00, 0x3a, 0x46,
  0x00, 0x00, 0x3a, 0x47, 0x00, 0x00, 0x3a, 0x48, 0x00, 0x00, 0x3a, 0x49,
  0x00, 0x00, 0x3a, 0x4a, 0x00, 0x00, 0x3a, 0x4b, 0x00, 0x00, 0x3a, 0x4c,
  0x00, 0x00, 0x3a, 0x4d, 0x00, 0x00, 0x3a, 0x4e, 0x00, 0x00, 0x3a, 0x4f,
  0x00, 0x00, 0x3a, 0x50, 0x00, 0x00, 0x3a, 0x51, 0x00, 0x00, 0x3a, 0x52,
  0x00, 0x00, 0x3a, 0x53, 0x00, 0x00, 0x3a, 0x54, 0x00, 0x00, 0x3a, 0x55,
  0x00, 0x00, 0x3a, 0x56, 0x00, 0x00, 0x3a, 0x57, 0x00, 0x00, 0x3a, 0x58,
  0x00, 0x00, 0x3a, 0x59, 0x00, 0x00, 0x3a, 0x5a, 0x00, 0x00, 0x3a, 0x5b,
  0x00, 0x00, 0x3a, 0x5c, 0x00, 0x00, 0x3a, 0x5d, 0x00, 0x00, 0x3a, 0x5e,
  0x00, 0x00, 0x3a, 0x5f, 0x00, 0x00, 0x3a, 0x60, 0x00, 0x00, 0x3a, 0x61,
  0x00, 0x00, 0x3a, 0x62, 0x00, 0x00, 0x3a, 0x63, 0x00, 0x00, 0x3a, 0x64,
  0x00, 0x00, 0x3a, 0x65, 0x00, 0x00, 0x3a, 0x66, 0x00, 0x00, 0x3a, 0x67,
  0x00, 0x00, 0x3a, 0x68, 0x00, 0x00, 0x3a, 0x69, 0x00, 0x00, 0x3a, 0x6a,
  0x00, 0x00, 0x3a, 0x6b, 0x00, 0x00, 0x3a, 0x6c, 0x00, 0x00, 0x3a, 0x6d,
  0x00, 0x00, 0x3a, 0x6e, 0x00, 0x00, 0x3a, 0x6f, 0x00, 0x00, 0x3a, 0x70,
  0x00, 0x00, 0x3a, 0x71, 0x00, 0x00, 0x3a, 0x72, 0x00, 0x00, 0x3a, 0x73,
  0x00, 0x00, 0x3a, 0x74, 0x00, 0x00, 0x3a, 0x75, 0x00, 0x00, 0x3a, 0x76,
  0x00, 0x00, 0x3a, 0x77, 0x00, 0x00, 0x3a, 0x78, 0x00, 0x00, 0x3a, 0x79,
  0x00, 0x00, 0x3a, 0x7a, 0x00, 0x00, 0x3a, 0x7b, 0x00, 0x00, 0x3a, 0x7c,
  0x00, 0x00, 0x3a, 0x7d, 0x00, 0x00, 0x3a, 0x7e, 0x00, 0x00, 0x3a, 0x7f,
  0x00, 0x00, 0x3a, 0x80, 0x00, 0x00, 0x3a, 0x81, 0x00, 0x00, 0x3a, 0x82,
  0x00, 0x00, 0x3a, 0x83, 0x00, 0x00, 0x3a, 0x84, 0x00, 0x00, 0x3a, 0x85,
  0x00, 0x00, 0x3a, 0x86, 0x00, 0x00, 0x3a, 0x87, 0x00, 0x00, 0x3a, 0x88,
  0x00, 0x00, 0x3a, 0x89, 0x00, 0x00, 0x3a, 0x8a, 0x00, 0x00, 0x3a, 0x8b,
  0x00, 0x00, 0x3a, 0x8c, 0x00, 0x00, 0x3a, 0x8d, 0x00, 0x00, 0x3a, 0x8e,
  0x00, 0x00, 0x3a, 0x8f, 0x00, 0x00, 0x3a, 0x90, 0x00, 0x00, 0x3a, 0x91,
  0x00, 0x00, 0x3a, 0x92, 0x00, 0x00, 0x3a, 0x93, 0x00, 0x00, 0x3a, 0x94,
  0x00, 0x00, 0x3a, 0x95, 0x00, 0x00, 0x3a, 0x96, 0x00, 0x00, 0x3a, 0x97,
  0x00, 0x00, 0x3a, 0x98, 0x00, 0x00, 0x3a, 0x99, 0x00, 0x00, 0x3a, 0x9a,
  0x00, 0x00, 0x3a, 0x9b, 0x00, 0x00, 0x3a, 0x9c, 0x00, 0x00, 0x3a, 0x9d,
  0x00, 0x00, 0x3a, 0x9e, 0x00, 0x00, 0x3a, 0x9f, 0x00, 0x00, 0x3a, 0xa0,
  0x00, 0x00, 0x3a, 0xa1, 0x00, 0x00, 0x3a, 0xa2, 0x00, 0x00, 0x3a, 0xa3,
  0x00, 0x00, 0x3a, 0xa4, 0x00, 0x00, 0x3a, 0xa5, 0x00, 0x00, 0x3a, 0xa6,
  0x00, 0x00, 0x3a, 0xa7, 0x00, 0x00, 0x3a, 0xa8, 0x00, 0x00, 0x3a, 0xa9,
  0x00, 0x00, 0x3a, 0xaa, 0x00, 0x00, 0x3a, 0xab, 0x00, 0x00, 0x3a, 0xac,
  0x00, 0x00, 0x3a, 0xad, 0x00, 0x00, 0x3a, 0xae, 0x00, 0x00, 0x3a, 0xaf,
  0x00, 0x00, 0x3a, 0xb0, 0x00, 0x00, 0x3a, 0xb1, 0x00, 0x00, 0x3a, 0xb2,
  0x00, 0x00, 0x3a, 0xb3, 0x00, 0x00, 0x3a, 0xb4, 0x00, 0x00, 0x3a, 0xb5,
  0x00, 0x00, 0x3a, 0xb6, 0x00, 0x00, 0x3a, 0xb7, 0x00, 0x00, 0x3a, 0xb8,
  0x00, 0x00, 0x3a, 0xb9, 0x00, 0x00, 0x3a, 0xba, 0x00, 0x00, 0x3a, 0xbb,
  0x00, 0x00, 0x3a, 0xbc, 0x00, 0x00, 0x3a, 0xbd, 0x00, 0x00, 0x3a, 0xbe,
  0x00, 0x00, 0x3a, 0xbf, 0x00, 0x00, 0x3a, 0xc0, 0x00, 0x00, 0x3a, 0xc1,
  0x00, 0x00, 0x3a, 0xc2, 0x00, 0x00, 0x3a, 0xc3, 0x00, 0x00, 0x3a, 0xc4,
  0x00, 0x00, 0x3a, 0xc5, 0x00, 0x00, 0x3a, 0xc6, 0x00, 0x00, 0x3a, 0xc7,
  0x00, 0x00, 0x3a, 0xc8, 0x00, 0x00, 0x3a, 0xc9, 0x00, 0x00, 0x3a, 0xca,
  0x00, 0x00, 0x3a, 0xcb, 0x00, 0x00, 0x3a, 0xcc, 0x00, 0x00, 0x3a, 0xcd,
  0x00, 0x00, 0x3a, 0xce, 0x00, 0x00, 0x3a, 0xcf, 0x00, 0x00, 0x3a, 0xd0,
  0x00, 0x00, 0x3a, 0xd1, 0x00, 0x00, 0x3a, 0xd2, 0x00, 0x00, 0x3a, 0xd3,
  0x00, 0x00, 0x3a, 0xd4, 0x00, 0x00, 0x3a, 0xd5, 0x00, 0x00, 0x3a, 0xd6,
  0x00, 0x00, 0x3a, 0xd7, 0x00, 0x00, 0x3a, 0xd8, 0x00, 0x00, 0x3a, 0xd9,
  0x00, 0x00, 0x3a, 0xda, 0x00, 0x00, 0x3a, 0xdb, 0x00, 0x00, 0x3a, 0xdc,
  0x00, 0x00, 0x3a, 0xdd, 0x00, 0x00, 0x3a, 0xde, 0x00, 0x00, 0x3a, 0xdf,
  0x00, 0x00, 0x3a, 0xe0, 0x00, 0x00, 0x3a, 0xe1, 0x00, 0x00, 0x3a, 0xe2,
  0x00, 0x00, 0x3a, 0xe3, 0x00, 0x00, 0x3a, 0xe4, 0x00, 0x00, 0x3a, 0xe5,
  0x00, 0x00, 0x3a, 0xe6, 0x00, 0x00, 0x3a, 0xe7, 0x00, 0x00, 0x3a, 0xe8,
  0x00, 0x00, 0x3a, 0xe9, 0x00, 0x00, 0x3a, 0xea, 0x00, 0x00, 0x3a, 0xeb,
  0x00, 0x00, 0x3a, 0xec, 0x00, 0x00, 0x3a, 0xed, 0x00, 0x00, 0x3a, 0xee,
  0x00, 0x00, 0x3a, 0xef, 0x00, 0x00, 0x3a, 0xf0, 0x00, 0x00, 0x3a, 0xf1,
  0x00, 0x00, 0x3a, 0xf2, 0x00, 0x00, 0x3a, 0xf3, 0x00, 0x00, 0x3a, 0xf4,
  0x00, 0x00, 0x3a, 0xf5, 0x00, 0x00, 0x3a, 0xf6, 0x00, 0x00, 0x3a, 0xf7,
  0x00, 0x00, 0x3a, 0xf8, 0x00, 0x00, 0x3a, 0xf9, 0x00, 0x00, 0x3a, 0xfa,
  0x00, 0x00, 0x3a, 0xfb, 0x00, 0x00, 0x3a, 0xfc, 0x00, 0x00, 0x3a, 0xfd,
  0x00, 0x00, 0x3a, 0xfe, 0x00, 0x00, 0x3a, 0xff, 0x00, 0x00, 0x3b, 0x00,
  0x00, 0x00, 0x3b, 0x01, 0x00, 0x00, 0x3b, 0x02, 0x00, 0x00, 0x3b, 0x03,
  0x00, 0x00, 0x3b, 0x04, 0x00, 0x00, 0x3b, 0x05, 0x00, 0x00, 0x3b, 0x06,
  0x00, 0x00, 0x3b, 0x07, 0x00, 0x00, 0x3b, 0x08, 0x00, 0x00, 0x3b, 0x09,
  0x00, 0x00, 0x3b, 0x0a, 0x00, 0x00, 0x3b, 0x0b, 0x00, 0x00, 0x3b, 0x0c,
  0x00, 0x00, 0x3b, 0x0d, 0x00, 0x00, 0x3b, 0x0e, 0x00, 0x00, 0x3b, 0x0f,
  0x00, 0x00, 0x3b, 0x10, 0x00, 0x00, 0x3b, 0x11, 0x00, 0x00, 0x3b, 0x12,
  0x00, 0x00, 0x3b, 0x13, 0x00, 0x00, 0x3b, 0x14, 0x00, 0x00, 0x3b, 0x15,
  0x00, 0x00, 0x3b, 0x16, 0x00, 0x00, 0x3b, 0x17, 0x00, 0x00, 0x3b, 0x18,
  0x00, 0x00, 0x3b, 0x19, 0x00, 0x00, 0x3b, 0x1a, 0x00, 0x00, 0x3b, 0x1b,
  0x00, 0x00, 0x3b, 0x1c, 0x00, 0x00, 0x3b, 0x1d, 0x00, 0x00, 0x3b, 0x1e,
  0x00, 0x00, 0x3b, 0x1f, 0x00, 0x00, 0x3b, 0x20, 0x00, 0x00, 0x3b, 0x21,
  0x00, 0x00, 0x3b, 0x22, 0x00, 0x00, 0x3b, 0x23, 0x00, 0x00, 0x3b, 0x24,
  0x00, 0x00, 0x3b, 0x25, 0x00, 0x00, 0x3b, 0x26, 0x00, 0x00, 0x3b, 0x27,
  0x00, 0x00, 0x3b, 0x28, 0x00, 0x00, 0x3b, 0x29, 0x00, 0x00, 0x3b, 0x2a,
  0x00, 0x00, 0x3b, 0x2b, 0x00, 0x00, 0x3b, 0x2c, 0x00, 0x00, 0x3b, 0x2d,
  0x00, 0x00, 0x3b, 0x2e, 0x00, 0x00, 0x3b, 0x2f, 0x00, 0x00, 0x3b, 0x30,
  0x00, 0x00, 0x3b, 0x31, 0x00, 0x00, 0x3b, 0x32, 0x00, 0x00, 0x3b, 0x33,
  0x00, 0x00, 0x3b, 0x34, 0x00, 0x00, 0x3b, 0x35, 0x00, 0x00, 0x3b, 0x36,
  0x00, 0x00, 0x3b, 0x37, 0x00, 0x00, 0x3b, 0x38, 0x00, 0x00, 0x3b, 0x39,
  0x00, 0x00, 0x3b, 0x3a, 0x00, 0x00, 0x3b, 0x3b, 0x00, 0x00, 0x3b, 0x3c,
  0x00, 0x00, 0x3b, 0x3d, 0x00, 0x00, 0x3b, 0x3e, 0x00, 0x00, 0x3b, 0x3f,
  0x00, 0x00, 0x3b, 0x40, 0x00, 0x00, 0x3b, 0x41, 0x00, 0x00, 0x3b, 0x42,
  0x00, 0x00, 0x3b, 0x43, 0x00, 0x00, 0x3b, 0x44, 0x00, 0x00, 0x3b, 0x45,
  0x00, 0x00, 0x3b, 0x46, 0x00, 0x00, 0x3b, 0x47, 0x00, 0x00, 0x3b, 0x48,
  0x00, 0x00, 0x3b, 0x49, 0x00, 0x00, 0x3b, 0x4a, 0x00, 0x00, 0x3b, 0x4b,
  0x00, 0x00, 0x3b, 0x4c, 0x00, 0x00, 0x3b, 0x4d, 0x00, 0x00, 0x3b, 0x4e,
  0x00, 0x00, 0x3b, 0x4f, 0x00, 0x00, 0x3b, 0x50, 0x00, 0x00, 0x3b, 0x51,
  0x00, 0x00, 0x3b, 0x52, 0x00, 0x00, 0x3b, 0x53, 0x00, 0x00, 0x3b, 0x54,
  0x00, 0x00, 0x3b, 0x55, 0x00, 0x00, 0x3b, 0x56, 0x00, 0x00, 0x3b, 0x57,
  0x00, 0x00, 0x3b, 0x58, 0x00, 0x00, 0x3b, 0x59, 0x00, 0x00, 0x3b, 0x5a,
  0x00, 0x00, 0x3b, 0x5b, 0x00, 0x00, 0x3b, 0x5c, 0x00, 0x00, 0x3b, 0x5d,
  0x00, 0x00, 0x3b, 0x5e, 0x00, 0x00, 0x3b, 0x5f, 0x00, 0x00, 0x3b, 0x60,
  0x00, 0x00, 0x3b, 0x61, 0x00, 0x00, 0x3b, 0x62, 0x00, 0x00, 0x3b, 0x63,
  0x00, 0x00, 0x3b, 0x64, 0x00, 0x00, 0x3b, 0x65, 0x00, 0x00, 0x3b, 0x66,
  0x00, 0x00, 0x3b, 0x67, 0x00, 0x00, 0x3b, 0x68, 0x00, 0x00, 0x3b, 0x69,
  0x00, 0x00, 0x3b, 0x6a, 0x00, 0x00, 0x3b, 0x6b, 0x00, 0x00, 0x3b, 0x6c,
  0x00, 0x00, 0x3b, 0x6d, 0x00, 0x00, 0x3b, 0x6e, 0x00, 0x00, 0x3b, 0x6f,
  0x00, 0x00, 0x3b, 0x70, 0x00, 0x00, 0x3b, 0x71, 0x00, 0x00, 0x3b, 0x72,
  0x00, 0x00, 0x3b, 0x73, 0x00, 0x00, 0x3b, 0x74, 0x00, 0x00, 0x3b, 0x75,
  0x00, 0x00, 0x3b, 0x76, 0x00, 0x00, 0x3b, 0x77, 0x00, 0x00, 0x3b, 0x78,
  0x00, 0x00, 0x3b, 0x79, 0x00, 0x00, 0x3b, 0x7a, 0x00, 0x00, 0x3b, 0x7b,
  0x00, 0x00, 0x3b, 0x7c, 0x00, 0x00, 0x3b, 0x7d, 0x00, 0x00, 0x3b, 0x7e,
  0x00, 0x00, 0x3b, 0x7f, 0x00, 0x00, 0x3b, 0x80, 0x00, 0x00, 0x3b, 0x81,
  0x00, 0x00, 0x3b, 0x82, 0x00, 0x00, 0x3b, 0x83, 0x00, 0x00, 0x3b, 0x84,
  0x00, 0x00, 0x3b, 0x85, 0x00, 0x00, 0x3b, 0x86, 0x00, 0x00, 0x3b, 0x87,
  0x00, 0x00, 0x3b, 0x88, 0x00, 0x00, 0x3b, 0x89, 0x00, 0x00, 0x3b, 0x8a,
  0x00, 0x00, 0x3b, 0x8b, 0x00, 0x00, 0x3b, 0x8c, 0x00, 0x00, 0x3b, 0x8d,
  0x00, 0x00, 0x3b, 0x8e, 0x00, 0x00, 0x3b, 0x8f, 0x00, 0x00, 0x3b, 0x90,
  0x00, 0x00, 0x3b, 0x91, 0x00, 0x00, 0x3b, 0x92, 0x00, 0x00, 0x3b, 0x93,
  0x00, 0x00, 0x3b, 0x94, 0x00, 0x00, 0x3b, 0x95, 0x00, 0x00, 0x3b, 0x96,
  0x00, 0x00, 0x3b, 0x97, 0x00, 0x00, 0x3b, 0x98, 0x00, 0x00, 0x3b, 0x99,
  0x00, 0x00, 0x3b, 0x9a, 0x00, 0x00, 0x3b, 0x9b, 0x00, 0x00, 0x3b, 0x9c,
  0x00, 0x00, 0x3b, 0x9d, 0x00, 0x00, 0x3b, 0x9e, 0x00, 0x00, 0x3b, 0x9f,
  0x00, 0x00, 0x3b, 0xa0, 0x00, 0x00, 0x3b, 0xa1, 0x00, 0x00, 0x3b, 0xa2,
  0x00, 0x00, 0x3b, 0xa3, 0x00, 0x00, 0x3b, 0xa4, 0x00, 0x00, 0x3b, 0xa5,
  0x00, 0x00, 0x3b, 0xa6, 0x00, 0x00, 0x3b, 0xa7, 0x00, 0x00, 0x3b, 0xa8,
  0x00, 0x00, 0x3b, 0xa9, 0x00, 0x00, 0x3b, 0xaa, 0x00, 0x00, 0x3b, 0xab,
  0x00, 0x00, 0x3b, 0xac, 0x00, 0x00, 0x3b, 0xad, 0x00, 0x00, 0x3b, 0xae,
  0x00, 0x00, 0x3b, 0xaf, 0x00, 0x00, 0x3b, 0xb0, 0x00, 0x00, 0x3b, 0xb1,
  0x00, 0x00, 0x3b, 0xb2, 0x00, 0x00, 0x3b, 0xb3, 0x00, 0x00, 0x3b, 0xb4,
  0x00, 0x00, 0x3b, 0xb5, 0x00, 0x00, 0x3b, 0xb6, 0x00, 0x00, 0x3b, 0xb7,
  0x00, 0x00, 0x3b, 0xb8, 0x00, 0x00, 0x3b, 0xb9, 0x00, 0x00, 0x3b, 0xba,
  0x00, 0x00, 0x3b, 0xbb, 0x00, 0x00, 0x3b, 0xbc, 0x00, 0x00, 0x3b, 0xbd,
  0x00, 0x00, 0x3b, 0xbe, 0x00, 0x00, 0x3b, 0xbf, 0x00, 0x00, 0x3b, 0xc0,
  0x00, 0x00, 0x3b, 0xc1, 0x00, 0x00, 0x3b, 0xc2, 0x00, 0x00, 0x3b, 0xc3,
  0x00, 0x00, 0x3b, 0xc4, 0x00, 0x00, 0x3b, 0xc5, 0x00, 0x00, 0x3b, 0xc6,
  0x00, 0x00, 0x3b, 0xc7, 0x00, 0x00, 0x3b, 0xc8, 0x00, 0x00, 0x3b, 0xc9,
  0x00, 0x00, 0x3b, 0xca, 0x00, 0x00, 0x3b, 0xcb, 0x00, 0x00, 0x3b, 0xcc,
  0x00, 0x00, 0x3b, 0xcd, 0x00, 0x00, 0x3b, 0xce, 0x00, 0x00, 0x3b, 0xcf,
  0x00, 0x00, 0x3b, 0xd0, 0x00, 0x00, 0x3b, 0xd1, 0x00, 0x00, 0x3b, 0xd2,
  0x00, 0x00, 0x3b, 0xd3, 0x00, 0x00, 0x3b, 0xd4, 0x00, 0x00, 0x3b, 0xd5,
  0x00, 0x00, 0x3b, 0xd6, 0x00, 0x00, 0x3b, 0xd7, 0x00, 0x00, 0x3b, 0xd8,
  0x00, 0x00, 0x3b, 0xd9, 0x00, 0x00, 0x3b, 0xda, 0x00, 0x00, 0x3b, 0xdb,
  0x00, 0x00, 0x3b, 0xdc, 0x00, 0x00, 0x3b, 0xdd, 0x00, 0x00, 0x3b, 0xde,
  0x00, 0x00, 0x3b, 0xdf, 0x00, 0x00, 0x3b, 0xe0, 0x00, 0x00, 0x3b, 0xe1,
  0x00, 0x00, 0x3b, 0xe2, 0x00, 0x00, 0x3b, 0xe3, 0x00, 0x00, 0x3b, 0xe4,
  0x00, 0x00, 0x3b, 0xe5, 0x00, 0x00, 0x3b, 0xe6, 0x00, 0x00, 0x3b, 0xe7,
  0x00, 0x00, 0x3b, 0xe8, 0x00, 0x00, 0x3b, 0xe9, 0x00, 0x00, 0x3b, 0xea,
  0x00, 0x00, 0x3b, 0xeb, 0x00, 0x00, 0x3b, 0xec, 0x00, 0x00, 0x3b, 0xed,
  0x00, 0x00, 0x3b, 0xee, 0x00, 0x00, 0x3b, 0xef, 0x00, 0x00, 0x3b, 0xf0,
  0x00, 0x00, 0x3b, 0xf1, 0x00, 0x00, 0x3b, 0xf2, 0x00, 0x00, 0x3b, 0xf3,
  0x00, 0x00, 0x3b, 0xf4, 0x00, 0x00, 0x3b, 0xf5, 0x00, 0x00, 0x3b, 0xf6,
  0x00, 0x00, 0x3b, 0xf7, 0x00, 0x00, 0x3b, 0xf8, 0x00, 0x00, 0x3b, 0xf9,
  0x00, 0x00, 0x3b, 0xfa, 0x00, 0x00, 0x3b, 0xfb, 0x00, 0x00, 0x3b, 0xfc,
  0x00, 0x00, 0x3b, 0xfd, 0x00, 0x00, 0x3b, 0xfe, 0x00, 0x00, 0x3b, 0xff,
  0x00, 0x00, 0x3c, 0x00, 0x00, 0x00, 0x3c, 0x01, 0x00, 0x00, 0x3c, 0x02,
  0x00, 0x00, 0x3c, 0x03, 0x00, 0x00, 0x3c, 0x04, 0x00, 0x00, 0x3c, 0x05,
  0x00, 0x00, 0x3c, 0x06, 0x00, 0x00, 0x3c, 0x07, 0x00, 0x00, 0x3c, 0x08,
  0x00, 0x00, 0x3c, 0x09, 0x00, 0x00, 0x3c, 0x0a, 0x00, 0x00, 0x3c, 0x0b,
  0x00, 0x00, 0x3c, 0x0c, 0x00, 0x00, 0x3c, 0x0d, 0x00, 0x00, 0x3c, 0x0e,
  0x00, 0x00, 0x3c, 0x0f, 0x00, 0x00, 0x3c, 0x10, 0x00, 0x00, 0x3c, 0x11,
  0x00, 0x00, 0x3c, 0x12, 0x00, 0x00, 0x3c, 0x13, 0x00, 0x00, 0x3c, 0x14,
  0x00, 0x00, 0x3c, 0x15, 0x00, 0x00, 0x3c, 0x16, 0x00, 0x00, 0x3c, 0x17,
  0x00, 0x00, 0x3c, 0x18, 0x00, 0x00, 0x3c, 0x19, 0x00, 0x00, 0x3c, 0x1a,
  0x00, 0x00, 0x3c, 0x1b, 0x00, 0x00, 0x3c, 0x1c, 0x00, 0x00, 0x3c, 0x1d,
  0x00, 0x00, 0x3c, 0x1e, 0x00, 0x00, 0x3c, 0x1f, 0x00, 0x00, 0x3c, 0x20,
  0x00, 0x00, 0x3c, 0x21, 0x00, 0x00, 0x3c, 0x22, 0x00, 0x00, 0x3c, 0x23,
  0x00, 0x00, 0x3c, 0x24, 0x00, 0x00, 0x3c, 0x25, 0x00, 0x00, 0x3c, 0x26,
  0x00, 0x00, 0x3c, 0x27, 0x00, 0x00, 0x3c, 0x28, 0x00, 0x00, 0x3c, 0x29,
  0x00, 0x00, 0x3c, 0x2a, 0x00, 0x00, 0x3c, 0x2b, 0x00, 0x00, 0x3c, 0x2c,
  0x00, 0x00, 0x3c, 0x2d, 0x00, 0x00, 0x3c, 0x2e, 0x00, 0x00, 0x3c, 0x2f,
  0x00, 0x00, 0x3c, 0x30, 0x00, 0x00, 0x3c, 0x31, 0x00, 0x00, 0x3c, 0x32,
  0x00, 0x00, 0x3c, 0x33, 0x00, 0x00, 0x3c, 0x34, 0x00, 0x00, 0x3c, 0x35,
  0x00, 0x00, 0x3c, 0x36, 0x00, 0x00, 0x3c, 0x37, 0x00, 0x00, 0x3c, 0x38,
  0x00, 0x00, 0x3c, 0x39, 0x00, 0x00, 0x3c, 0x3a, 0x00, 0x00, 0x3c, 0x3b,
  0x00, 0x00, 0x3c, 0x3c, 0x00, 0x00, 0x3c, 0x3d, 0x00, 0x00, 0x3c, 0x3e,
  0x00, 0x00, 0x3c, 0x3f, 0x00, 0x00, 0x3c, 0x40, 0x00, 0x00, 0x3c, 0x41,
  0x00, 0x00, 0x3c, 0x42, 0x00, 0x00, 0x3c, 0x43, 0x00, 0x00, 0x3c, 0x44,
  0x00, 0x00, 0x3c, 0x45, 0x00, 0x00, 0x3c, 0x46, 0x00, 0x00, 0x3c, 0x47,
  0x00, 0x00, 0x3c, 0x48, 0x00, 0x00, 0x3c, 0x49, 0x00, 0x00, 0x3c, 0x4a,
  0x00, 0x00, 0x3c, 0x4b, 0x00, 0x00, 0x3c, 0x4c, 0x00, 0x00, 0x3c, 0x4d,
  0x00, 0x00, 0x3c, 0x4e, 0x00, 0x00, 0x3c, 0x4f, 0x00, 0x00, 0x3c, 0x50,
  0x00, 0x00, 0x3c, 0x51, 0x00, 0x00, 0x3c, 0x52, 0x00, 0x00, 0x3c, 0x53,
  0x00, 0x00, 0x3c, 0x54, 0x00, 0x00, 0x3c, 0x55, 0x00, 0x00, 0x3c, 0x56,
  0x00, 0x00, 0x3c, 0x57, 0x00, 0x00, 0x3c, 0x58, 0x00, 0x00, 0x3c, 0x59,
  0x00, 0x00, 0x3c, 0x5a, 0x00, 0x00, 0x3c, 0x5b, 0x00, 0x00, 0x3c, 0x5c,
  0x00, 0x00, 0x3c, 0x5d, 0x00, 0x00, 0x3c, 0x5e, 0x00, 0x00, 0x3c, 0x5f,
  0x00, 0x00, 0x3c, 0x60, 0x00, 0x00, 0x3c, 0x61, 0x00, 0x00, 0x3c, 0x62,
  0x00, 0x00, 0x3c, 0x63, 0x00, 0x00, 0x3c, 0x64, 0x00, 0x00, 0x3c, 0x65,
  0x00, 0x00, 0x3c, 0x66, 0x00, 0x00, 0x3c, 0x67, 0x00, 0x00, 0x3c, 0x68,
  0x00, 0x00, 0x3c, 0x69, 0x00, 0x00, 0x3c, 0x6a, 0x00, 0x00, 0x3c, 0x6b,
  0x00, 0x00, 0x3c, 0x6c, 0x00, 0x00, 0x3c, 0x6d, 0x00, 0x00, 0x3c, 0x6e,
  0x00, 0x00, 0x3c, 0x6f, 0x00, 0x00, 0x3c, 0x70, 0x00, 0x00, 0x3c, 0x71,
  0x00, 0x00, 0x3c, 0x72, 0x00, 0x00, 0x3c, 0x73, 0x00, 0x00, 0x3c, 0x74,
  0x00, 0x00, 0x3c, 0x75, 0x00, 0x00, 0x3c, 0x76, 0x00, 0x00, 0x3c, 0x77,
  0x00, 0x00, 0x3c, 0x78, 0x00, 0x00, 0x3c, 0x79, 0x00, 0x00, 0x3c, 0x7a,
  0x00, 0x00, 0x3c, 0x7b, 0x00, 0x00, 0x3c, 0x7c, 0x00, 0x00, 0x3c, 0x7d,
  0x00, 0x00, 0x3c, 0x7e, 0x00, 0x00, 0x3c, 0x7f, 0x00, 0x00, 0x3c, 0x80,
  0x00, 0x00, 0x3c, 0x81, 0x00, 0x00, 0x3c, 0x82, 0x00, 0x00, 0x3c, 0x83,
  0x00, 0x00, 0x3c, 0x84, 0x00, 0x00, 0x3c, 0x85, 0x00, 0x00, 0x3c, 0x86,
  0x00, 0x00, 0x3c, 0x87, 0x00, 0x00, 0x3c, 0x88, 0x00, 0x00, 0x3c, 0x89,
  0x00, 0x00, 0x3c, 0x8a, 0x00, 0x00, 0x3c, 0x8b, 0x00, 0x00, 0x3c, 0x8c,
  0x00, 0x00, 0x3c, 0x8d, 0x00, 0x00, 0x3c, 0x8e, 0x00, 0x00, 0x3c, 0x8f,
  0x00, 0x00, 0x3c, 0x90, 0x00, 0x00, 0x3c, 0x91, 0x00, 0x00, 0x3c, 0x92,
  0x00, 0x00, 0x3c, 0x93, 0x00, 0x00, 0x3c, 0x94, 0x00, 0x00, 0x3c, 0x95,
  0x00, 0x00, 0x3c, 0x96, 0x00, 0x00, 0x3c, 0x97, 0x00, 0x00, 0x3c, 0x98,
  0x00, 0x00, 0x3c, 0x99, 0x00, 0x00, 0x3c, 0x9a, 0x00, 0x00, 0x3c, 0x9b,
  0x00, 0x00, 0x3c, 0x9c, 0x00, 0x00, 0x3c, 0x9d, 0x00, 0x00, 0x3c, 0x9e,
  0x00, 0x00, 0x3c, 0x9f, 0x00, 0x00, 0x3c, 0xa0, 0x00, 0x00, 0x3c, 0xa1,
  0x00, 0x00, 0x3c, 0xa2, 0x00, 0x00, 0x3c, 0xa3, 0x00, 0x00, 0x3c, 0xa4,
  0x00, 0x00, 0x3c, 0xa5, 0x00, 0x00, 0x3c, 0xa6, 0x00, 0x00, 0x3c, 0xa7,
  0x00, 0x00, 0x3c, 0xa8, 0x00, 0x00, 0x3c, 0xa9, 0x00, 0x00, 0x3c, 0xaa,
  0x00, 0x00, 0x3c, 0xab, 0x00, 0x00, 0x3c, 0xac, 0x00, 0x00, 0x3c, 0xad,
  0x00, 0x00, 0x3c, 0xae, 0x00, 0x00, 0x3c, 0xaf, 0x00, 0x00, 0x3c, 0xb0,
  0x00, 0x00, 0x3c, 0xb1, 0x00, 0x00, 0x3c, 0xb2, 0x00, 0x00, 0x3c, 0xb3,
  0x00, 0x00, 0x3c, 0xb4, 0x00, 0x00, 0x3c, 0xb5, 0x00, 0x00, 0x3c, 0xb6,
  0x00, 0x00, 0x3c, 0xb7, 0x00, 0x00, 0x3c, 0xb8, 0x00, 0x00, 0x3c, 0xb9,
  0x00, 0x00, 0x3c, 0xba, 0x00, 0x00, 0x3c, 0xbb, 0x00, 0x00, 0x3c, 0xbc,
  0x00, 0x00, 0x3c, 0xbd, 0x00, 0x00, 0x3c, 0xbe, 0x00, 0x00, 0x3c, 0xbf,
  0x00, 0x00, 0x3c, 0xc0, 0x00, 0x00, 0x3c, 0xc1, 0x00, 0x00, 0x3c, 0xc2,
  0x00, 0x00, 0x3c, 0xc3, 0x00, 0x00, 0x3c, 0xc4, 0x00, 0x00, 0x3c, 0xc5,
  0x00, 0x00, 0x3c, 0xc6, 0x00, 0x00, 0x3c, 0xc7, 0x00, 0x00, 0x3c, 0xc8,
  0x00, 0x00, 0x3c, 0xc9, 0x00, 0x00, 0x3c, 0xca, 0x00, 0x00, 0x3c, 0xcb,
  0x00, 0x00, 0x3c, 0xcc, 0x00, 0x00, 0x3c, 0xcd, 0x00, 0x00, 0x3c, 0xce,
  0x00, 0x00, 0x3c, 0xcf, 0x00, 0x00, 0x3c, 0xd0, 0x00, 0x00, 0x3c, 0xd1,
  0x00, 0x00, 0x3c, 0xd2, 0x00, 0x00, 0x3c, 0xd3, 0x00, 0x00, 0x3c, 0xd4,
  0x00, 0x00, 0x3c, 0xd5, 0x00, 0x00, 0x3c, 0xd6, 0x00, 0x00, 0x3c, 0xd7,
  0x00, 0x00, 0x3c, 0xd8, 0x00, 0x00, 0x3c, 0xd9, 0x00, 0x00, 0x3c, 0xda,
  0x00, 0x00, 0x3c, 0xdb, 0x00, 0x00, 0x3c, 0xdc, 0x00, 0x00, 0x3c, 0xdd,
  0x00, 0x00, 0x3c, 0xde, 0x00, 0x00, 0x3c, 0xdf, 0x00, 0x00, 0x3c, 0xe0,
  0x00, 0x00, 0x3c, 0xe1, 0x00, 0x00, 0x3c, 0xe2, 0x00, 0x00, 0x3c, 0xe3,
  0x00, 0x00, 0x3c, 0xe4, 0x00, 0x00, 0x3c, 0xe5, 0x00, 0x00, 0x3c, 0xe6,
  0x00, 0x00, 0x3c, 0xe7, 0x00, 0x00, 0x3c, 0xe8, 0x00, 0x00, 0x3c, 0xe9,
  0x00, 0x00, 0x3c, 0xea, 0x00, 0x00, 0x3c, 0xeb, 0x00, 0x00, 0x3c, 0xec,
  0x00, 0x00, 0x3c, 0xed, 0x00, 0x00, 0x3c, 0xee, 0x00, 0x00, 0x3c, 0xef,
  0x00, 0x00, 0x3c, 0xf0, 0x00, 0x00, 0x3c, 0xf1, 0x00, 0x00, 0x3c, 0xf2,
  0x00, 0x00, 0x3c, 0xf3, 0x00, 0x00, 0x3c, 0xf4, 0x00, 0x00, 0x3c, 0xf5,
  0x00, 0x00, 0x3c, 0xf6, 0x00, 0x00, 0x3c, 0xf7, 0x00, 0x00, 0x3c, 0xf8,
  0x00, 0x00, 0x3c, 0xf9, 0x00, 0x00, 0x3c, 0xfa, 0x00, 0x00, 0x3c, 0xfb,
  0x00, 0x00, 0x3c, 0xfc, 0x00, 0x00, 0x3c, 0xfd, 0x00, 0x00, 0x3c, 0xfe,
  0x00, 0x00, 0x3c, 0xff, 0x00, 0x00, 0x3d, 0x00, 0x00, 0x00, 0x3d, 0x01,
  0x00, 0x00, 0x3d, 0x02, 0x00, 0x00, 0x3d, 0x03, 0x00, 0x00, 0x3d, 0x04,
  0x00, 0x00, 0x3d, 0x05, 0x00, 0x00, 0x3d, 0x06, 0x00, 0x00, 0x3d, 0x07,
  0x00, 0x00, 0x3d, 0x08, 0x00, 0x00, 0x3d, 0x09, 0x00, 0x00, 0x3d, 0x0a,
  0x00, 0x00, 0x3d, 0x0b, 0x00, 0x00, 0x3d, 0x0c, 0x00, 0x00, 0x3d, 0x0d,
  0x00, 0x00, 0x3d, 0x0e, 0x00, 0x00, 0x3d, 0x0f, 0x00, 0x00, 0x3d, 0x10,
  0x00, 0x00, 0x3d, 0x11, 0x00, 0x00, 0x3d, 0x12, 0x00, 0x00, 0x3d, 0x13,
  0x00, 0x00, 0x3d, 0x14, 0x00, 0x00, 0x3d, 0x15, 0x00, 0x00, 0x3d, 0x16,
  0x00, 0x00, 0x3d, 0x17, 0x00, 0x00, 0x3d, 0x18, 0x00, 0x00, 0x3d, 0x19,
  0x00, 0x00, 0x3d, 0x1a, 0x00, 0x00, 0x3d, 0x1b, 0x00, 0x00, 0x3d, 0x1c,
  0x00, 0x00, 0x3d, 0x1d, 0x00, 0x00, 0x3d, 0x1e, 0x00, 0x00, 0x3d, 0x1f,
  0x00, 0x00, 0x3d, 0x20, 0x00, 0x00, 0x3d, 0x21, 0x00, 0x00, 0x3d, 0x22,
  0x00, 0x00, 0x3d, 0x23, 0x00, 0x00, 0x3d, 0x24, 0x00, 0x00, 0x3d, 0x25,
  0x00, 0x00, 0x3d, 0x26, 0x00, 0x00, 0x3d, 0x27, 0x00, 0x00, 0x3d, 0x28,
  0x00, 0x00, 0x3d, 0x29, 0x00, 0x00, 0x3d, 0x2a, 0x00, 0x00, 0x3d, 0x2b,
  0x00, 0x00, 0x3d, 0x2c, 0x00, 0x00, 0x3d, 0x2d, 0x00, 0x00, 0x3d, 0x2e,
  0x00, 0x00, 0x3d, 0x2f, 0x00, 0x00, 0x3d, 0x30, 0x00, 0x00, 0x3d, 0x31,
  0x00, 0x00, 0x3d, 0x32, 0x00, 0x00, 0x3d, 0x33, 0x00, 0x00, 0x3d, 0x34,
  0x00, 0x00, 0x3d, 0x35, 0x00, 0x00, 0x3d, 0x36, 0x00, 0x00, 0x3d, 0x37,
  0x00, 0x00, 0x3d, 0x38, 0x00, 0x00, 0x3d, 0x39, 0x00, 0x00, 0x3d, 0x3a,
  0x00, 0x00, 0x3d, 0x3b, 0x00, 0x00, 0x3d, 0x3c, 0x00, 0x00, 0x3d, 0x3d,
  0x00, 0x00, 0x3d, 0x3e, 0x00, 0x00, 0x3d, 0x3f, 0x00, 0x00, 0x3d, 0x40,
  0x00, 0x00, 0x3d, 0x41, 0x00, 0x00, 0x3d, 0x42, 0x00, 0x00, 0x3d, 0x43,
  0x00, 0x00, 0x3d, 0x44, 0x00, 0x00, 0x3d, 0x45, 0x00, 0x00, 0x3d, 0x46,
  0x00, 0x00, 0x3d, 0x47, 0x00, 0x00, 0x3d, 0x48, 0x00, 0x00, 0x3d, 0x49,
  0x00, 0x00, 0x3d, 0x4a, 0x00, 0x00, 0x3d, 0x4b, 0x00, 0x00, 0x3d, 0x4c,
  0x00, 0x00, 0x3d, 0x4d, 0x00, 0x00, 0x3d, 0x4e, 0x00, 0x00, 0x3d, 0x4f,
  0x00, 0x00, 0x3d, 0x50, 0x00, 0x00, 0x3d, 0x51, 0x00, 0x00, 0x3d, 0x52,
  0x00, 0x00, 0x3d, 0x53, 0x00, 0x00, 0x3d, 0x54, 0x00, 0x00, 0x3d, 0x55,
  0x00, 0x00, 0x3d, 0x56, 0x00, 0x00, 0x3d, 0x57, 0x00, 0x00, 0x3d, 0x58,
  0x00, 0x00, 0x3d, 0x59, 0x00, 0x00, 0x3d, 0x5a, 0x00, 0x00, 0x3d, 0x5b,
  0x00, 0x00, 0x3d, 0x5c, 0x00, 0x00, 0x3d, 0x5d, 0x00, 0x00, 0x3d, 0x5e,
  0x00, 0x00, 0x3d, 0x5f, 0x00, 0x00, 0x3d, 0x60, 0x00, 0x00, 0x3d, 0x61,
  0x00, 0x00, 0x3d, 0x62, 0x00, 0x00, 0x3d, 0x63, 0x00, 0x00, 0x3d, 0x64,
  0x00, 0x00, 0x3d, 0x65, 0x00, 0x00, 0x3d, 0x66, 0x00, 0x00, 0x3d, 0x67,
  0x00, 0x00, 0x3d, 0x68, 0x00, 0x00, 0x3d, 0x69, 0x00, 0x00, 0x3d, 0x6a,
  0x00, 0x00, 0x3d, 0x6b, 0x00, 0x00, 0x3d, 0x6c, 0x00, 0x00, 0x3d, 0x6d,
  0x00, 0x00, 0x3d, 0x6e, 0x00, 0x00, 0x3d, 0x6f, 0x00, 0x00, 0x3d, 0x70,
  0x00, 0x00, 0x3d, 0x71, 0x00, 0x00, 0x3d, 0x72, 0x00, 0x00, 0x3d, 0x73,
  0x00, 0x00, 0x3d, 0x74, 0x00, 0x00, 0x3d, 0x75, 0x00, 0x00, 0x3d, 0x76,
  0x00, 0x00, 0x3d, 0x77, 0x00, 0x00, 0x3d, 0x78, 0x00, 0x00, 0x3d, 0x79,
  0x00, 0x00, 0x3d, 0x7a, 0x00, 0x00, 0x3d, 0x7b, 0x00, 0x00, 0x3d, 0x7c,
  0x00, 0x00, 0x3d, 0x7d, 0x00, 0x00, 0x3d, 0x7e, 0x00, 0x00, 0x3d, 0x7f,
  0x00, 0x00, 0x3d, 0x80, 0x00, 0x00, 0x3d, 0x81, 0x00, 0x00, 0x3d, 0x82,
  0x00, 0x00, 0x3d, 0x83, 0x00, 0x00, 0x3d, 0x84, 0x00, 0x00, 0x3d, 0x85,
  0x00, 0x00, 0x3d, 0x86, 0x00, 0x00, 0x3d, 0x87, 0x00, 0x00, 0x3d, 0x88,
  0x00, 0x00, 0x3d, 0x89, 0x00, 0x00, 0x3d, 0x8a, 0x00, 0x00, 0x3d, 0x8b,
  0x00, 0x00, 0x3d, 0x8c, 0x00, 0x00, 0x3d, 0x8d, 0x00, 0x00, 0x3d, 0x8e,
  0x00, 0x00, 0x3d, 0x8f, 0x00, 0x00, 0x3d, 0x90, 0x00, 0x00, 0x3d, 0x91,
  0x00, 0x00, 0x3d, 0x92, 0x00, 0x00, 0x3d, 0x93, 0x00, 0x00, 0x3d, 0x94,
  0x00, 0x00, 0x3d, 0x95, 0x00, 0x00, 0x3d, 0x96, 0x00, 0x00, 0x3d, 0x97,
  0x00, 0x00, 0x3d, 0x98, 0x00, 0x00, 0x3d, 0x99, 0x00, 0x00, 0x3d, 0x9a,
  0x00, 0x00, 0x3d, 0x9b, 0x00, 0x00, 0x3d, 0x9c, 0x00, 0x00, 0x3d, 0x9d,
  0x00, 0x00, 0x3d, 0x9e, 0x00, 0x00, 0x3d, 0x9f, 0x00, 0x00, 0x3d, 0xa0,
  0x00, 0x00, 0x3d, 0xa1, 0x00, 0x00, 0x3d, 0xa2, 0x00, 0x00, 0x3d, 0xa3,
  0x00, 0x00, 0x3d, 0xa4, 0x00, 0x00, 0x3d, 0xa5, 0x00, 0x00, 0x3d, 0xa6,
  0x00, 0x00, 0x3d, 0xa7, 0x00, 0x00, 0x3d, 0xa8, 0x00, 0x00, 0x3d, 0xa9,
  0x00, 0x00, 0x3d, 0xaa, 0x00, 0x00, 0x3d, 0xab, 0x00, 0x00, 0x3d, 0xac,
  0x00, 0x00, 0x3d, 0xad, 0x00, 0x00, 0x3d, 0xae, 0x00, 0x00, 0x3d, 0xaf,
  0x00, 0x00, 0x3d, 0xb0, 0x00, 0x00, 0x3d, 0xb1, 0x00, 0x00, 0x3d, 0xb2,
  0x00, 0x00, 0x3d, 0xb3, 0x00, 0x00, 0x3d, 0xb4, 0x00, 0x00, 0x3d, 0xb5,
  0x00, 0x00, 0x3d, 0xb6, 0x00, 0x00, 0x3d, 0xb7, 0x00, 0x00, 0x3d, 0xb8,
  0x00, 0x00, 0x3d, 0xb9, 0x00, 0x00, 0x3d, 0xba, 0x00, 0x00, 0x3d, 0xbb,
  0x00, 0x00, 0x3d, 0xbc, 0x00, 0x00, 0x3d, 0xbd, 0x00, 0x00, 0x3d, 0xbe,
  0x00, 0x00, 0x3d, 0xbf, 0x00, 0x00, 0x3d, 0xc0, 0x00, 0x00, 0x3d, 0xc1,
  0x00, 0x00, 0x3d, 0xc2, 0x00, 0x00, 0x3d, 0xc3, 0x00, 0x00, 0x3d, 0xc4,
  0x00, 0x00, 0x3d, 0xc5, 0x00, 0x00, 0x3d, 0xc6, 0x00, 0x00, 0x3d, 0xc7,
  0x00, 0x00, 0x3d, 0xc8, 0x00, 0x00, 0x3d, 0xc9, 0x00, 0x00, 0x3d, 0xca,
  0x00, 0x00, 0x3d, 0xcb, 0x00, 0x00, 0x3d, 0xcc, 0x00, 0x00, 0x3d, 0xcd,
  0x00, 0x00, 0x3d, 0xce, 0x00, 0x00, 0x3d, 0xcf, 0x00, 0x00, 0x3d, 0xd0,
  0x00, 0x00, 0x3d, 0xd1, 0x00, 0x00, 0x3d, 0xd2, 0x00, 0x00, 0x3d, 0xd3,
  0x00, 0x00, 0x3d, 0xd4, 0x00, 0x00, 0x3d, 0xd5, 0x00, 0x00, 0x3d, 0xd6,
  0x00, 0x00, 0x3d, 0xd7, 0x00, 0x00, 0x3d, 0xd8, 0x00, 0x00, 0x3d, 0xd9,
  0x00, 0x00, 0x3d, 0xda, 0x00, 0x00, 0x3d, 0xdb, 0x00, 0x00, 0x3d, 0xdc,
  0x00, 0x00, 0x3d, 0xdd, 0x00, 0x00, 0x3d, 0xde, 0x00, 0x00, 0x3d, 0xdf,
  0x00, 0x00, 0x3d, 0xe0, 0x00, 0x00, 0x3d, 0xe1, 0x00, 0x00, 0x3d, 0xe2,
  0x00, 0x00, 0x3d, 0xe3, 0x00, 0x00, 0x3d, 0xe4, 0x00, 0x00, 0x3d, 0xe5,
  0x00, 0x00, 0x3d, 0xe6, 0x00, 0x00, 0x3d, 0xe7, 0x00, 0x00, 0x3d, 0xe8,
  0x00, 0x00, 0x3d, 0xe9, 0x00, 0x00, 0x3d, 0xea, 0x00, 0x00, 0x3d, 0xeb,
  0x00, 0x00, 0x3d, 0xec, 0x00, 0x00, 0x3d, 0xed, 0x00, 0x00, 0x3d, 0xee,
  0x00, 0x00, 0x3d, 0xef, 0x00, 0x00, 0x3d, 0xf0, 0x00, 0x00, 0x3d, 0xf1,
  0x00, 0x00, 0x3d, 0xf2, 0x00, 0x00, 0x3d, 0xf3, 0x00, 0x00, 0x3d, 0xf4,
  0x00, 0x00, 0x3d, 0xf5, 0x00, 0x00, 0x3d, 0xf6, 0x00, 0x00, 0x3d, 0xf7,
  0x00, 0x00, 0x3d, 0xf8, 0x00, 0x00, 0x3d, 0xf9, 0x00, 0x00, 0x3d, 0xfa,
  0x00, 0x00, 0x3d, 0xfb, 0x00, 0x00, 0x3d, 0xfc, 0x00, 0x00, 0x3d, 0xfd,
  0x00, 0x00, 0x3d, 0xfe, 0x00, 0x00, 0x3d, 0xff, 0x00, 0x00, 0x3e, 0x00,
  0x00, 0x00, 0x3e, 0x01, 0x00, 0x00, 0x3e, 0x02, 0x00, 0x00, 0x3e, 0x03,
  0x00, 0x00, 0x3e, 0x04, 0x00, 0x00, 0x3e, 0x05, 0x00, 0x00, 0x3e, 0x06,
  0x00, 0x00, 0x3e, 0x07, 0x00, 0x00, 0x3e, 0x08, 0x00, 0x00, 0x3e, 0x09,
  0x00, 0x00, 0x3e, 0x0a, 0x00, 0x00, 0x3e, 0x0b, 0x00, 0x00, 0x3e, 0x0c,
  0x00, 0x00, 0x3e, 0x0d, 0x00, 0x00, 0x3e, 0x0e, 0x00, 0x00, 0x3e, 0x0f,
  0x00, 0x00, 0x3e, 0x10, 0x00, 0x00, 0x3e, 0x11, 0x00, 0x00, 0x3e, 0x12,
  0x00, 0x00, 0x3e, 0x13, 0x00, 0x00, 0x3e, 0x14, 0x00, 0x00, 0x3e, 0x15,
  0x00, 0x00, 0x3e, 0x16, 0x00, 0x00, 0x3e, 0x17, 0x00, 0x00, 0x3e, 0x18,
  0x00, 0x00, 0x3e, 0x19, 0x00, 0x00, 0x3e, 0x1a, 0x00, 0x00, 0x3e, 0x1b,
  0x00, 0x00, 0x3e, 0x1c, 0x00, 0x00, 0x3e, 0x1d, 0x00, 0x00, 0x3e, 0x1e,
  0x00, 0x00, 0x3e, 0x1f, 0x00, 0x00, 0x3e, 0x20, 0x00, 0x00, 0x3e, 0x21,
  0x00, 0x00, 0x3e, 0x22, 0x00, 0x00, 0x3e, 0x23, 0x00, 0x00, 0x3e, 0x24,
  0x00, 0x00, 0x3e, 0x25, 0x00, 0x00, 0x3e, 0x26, 0x00, 0x00, 0x3e, 0x27,
  0x00, 0x00, 0x3e, 0x28, 0x00, 0x00, 0x3e, 0x29, 0x00, 0x00, 0x3e, 0x2a,
  0x00, 0x00, 0x3e, 0x2b, 0x00, 0x00, 0x3e, 0x2c, 0x00, 0x00, 0x3e, 0x2d,
  0x00, 0x00, 0x3e, 0x2e, 0x00, 0x00, 0x3e, 0x2f, 0x00, 0x00, 0x3e, 0x30,
  0x00, 0x00, 0x3e, 0x31, 0x00, 0x00, 0x3e, 0x32, 0x00, 0x00, 0x3e, 0x33,
  0x00, 0x00, 0x3e, 0x34, 0x00, 0x00, 0x3e, 0x35, 0x00, 0x00, 0x3e, 0x36,
  0x00, 0x00, 0x3e, 0x37, 0x00, 0x00, 0x3e, 0x38, 0x00, 0x00, 0x3e, 0x39,
  0x00, 0x00, 0x3e, 0x3a, 0x00, 0x00, 0x3e, 0x3b, 0x00, 0x00, 0x3e, 0x3c,
  0x00, 0x00, 0x3e, 0x3d, 0x00, 0x00, 0x3e, 0x3e, 0x00, 0x00, 0x3e, 0x3f,
  0x00, 0x00, 0x3e, 0x40, 0x00, 0x00, 0x3e, 0x41, 0x00, 0x00, 0x3e, 0x42,
  0x00, 0x00, 0x3e, 0x43, 0x00, 0x00, 0x3e, 0x44, 0x00, 0x00, 0x3e, 0x45,
  0x00, 0x00, 0x3e, 0x46, 0x00, 0x00, 0x3e, 0x47, 0x00, 0x00, 0x3e, 0x48,
  0x00, 0x00, 0x3e, 0x49, 0x00, 0x00, 0x3e, 0x4a, 0x00, 0x00, 0x3e, 0x4b,
  0x00, 0x00, 0x3e, 0x4c, 0x00, 0x00, 0x3e, 0x4d, 0x00, 0x00, 0x3e, 0x4e,
  0x00, 0x00, 0x3e, 0x4f, 0x00, 0x00, 0x3e, 0x50, 0x00, 0x00, 0x3e, 0x51,
  0x00, 0x00, 0x3e, 0x52, 0x00, 0x00, 0x3e, 0x53, 0x00, 0x00, 0x3e, 0x54,
  0x00, 0x00, 0x3e, 0x55, 0x00, 0x00, 0x3e, 0x56, 0x00, 0x00, 0x3e, 0x57,
  0x00, 0x00, 0x3e, 0x58, 0x00, 0x00, 0x3e, 0x59, 0x00, 0x00, 0x3e, 0x5a,
  0x00, 0x00, 0x3e, 0x5b, 0x00, 0x00, 0x3e, 0x5c, 0x00, 0x00, 0x3e, 0x5d,
  0x00, 0x00, 0x3e, 0x5e, 0x00, 0x00, 0x3e, 0x5f, 0x00, 0x00, 0x3e, 0x60,
  0x00, 0x00, 0x3e, 0x61, 0x00, 0x00, 0x3e, 0x62, 0x00, 0x00, 0x3e, 0x63,
  0x00, 0x00, 0x3e, 0x64, 0x00, 0x00, 0x3e, 0x65, 0x00, 0x00, 0x3e, 0x66,
  0x00, 0x00, 0x3e, 0x67, 0x00, 0x00, 0x3e, 0x68, 0x00, 0x00, 0x3e, 0x69,
  0x00, 0x00, 0x3e, 0x6a, 0x00, 0x00, 0x3e, 0x6b, 0x00, 0x00, 0x3e, 0x6c,
  0x00, 0x00, 0x3e, 0x6d, 0x00, 0x00, 0x3e, 0x6e, 0x00, 0x00, 0x3e, 0x6f,
  0x00, 0x00, 0x3e, 0x70, 0x00, 0x00, 0x3e, 0x71, 0x00, 0x00, 0x3e, 0x72,
  0x00, 0x00, 0x3e, 0x73, 0x00, 0x00, 0x3e, 0x74, 0x00, 0x00, 0x3e, 0x75,
  0x00, 0x00, 0x3e, 0x76, 0x00, 0x00, 0x3e, 0x77, 0x00, 0x00, 0x3e, 0x78,
  0x00, 0x00, 0x3e, 0x79, 0x00, 0x00, 0x3e, 0x7a, 0x00, 0x00, 0x3e, 0x7b,
  0x00, 0x00, 0x3e, 0x7c, 0x00, 0x00, 0x3e, 0x7d, 0x00, 0x00, 0x3e, 0x7e,
  0x00, 0x00, 0x3e, 0x7f, 0x00, 0x00, 0x3e, 0x80, 0x00, 0x00, 0x3e, 0x81,
  0x00, 0x00, 0x3e, 0x82, 0x00, 0x00, 0x3e, 0x83, 0x00, 0x00, 0x3e, 0x84,
  0x00, 0x00, 0x3e, 0x85, 0x00, 0x00, 0x3e, 0x86, 0x00, 0x00, 0x3e, 0x87,
  0x00, 0x00, 0x3e, 0x88, 0x00, 0x00, 0x3e, 0x89, 0x00, 0x00, 0x3e, 0x8a,
  0x00, 0x00, 0x3e, 0x8b, 0x00, 0x00, 0x3e, 0x8c, 0x00, 0x00, 0x3e, 0x8d,
  0x00, 0x00, 0x3e, 0x8e, 0x00, 0x00, 0x3e, 0x8f, 0x00, 0x00, 0x3e, 0x90,
  0x00, 0x00, 0x3e, 0x91, 0x00, 0x00, 0x3e, 0x92, 0x00, 0x00, 0x3e, 0x93,
  0x00, 0x00, 0x3e, 0x94, 0x00, 0x00, 0x3e, 0x95, 0x00, 0x00, 0x3e, 0x96,
  0x00, 0x00, 0x3e, 0x97, 0x00, 0x00, 0x3e, 0x98, 0x00, 0x00, 0x3e, 0x99,
  0x00, 0x00, 0x3e, 0x9a, 0x00, 0x00, 0x3e, 0x9b, 0x00, 0x00, 0x3e, 0x9c,
  0x00, 0x00, 0x3e, 0x9d, 0x00, 0x00, 0x3e, 0x9e, 0x00, 0x00, 0x3e, 0x9f,
  0x00, 0x00, 0x3e, 0xa0, 0x00, 0x00, 0x3e, 0xa1, 0x00, 0x00, 0x3e, 0xa2,
  0x00, 0x00, 0x3e, 0xa3, 0x00, 0x00, 0x3e, 0xa4, 0x00, 0x00, 0x3e, 0xa5,
  0x00, 0x00, 0x3e, 0xa6, 0x00, 0x00, 0x3e, 0xa7, 0x00, 0x00, 0x3e, 0xa8,
  0x00, 0x00, 0x3e, 0xa9, 0x00, 0x00, 0x3e, 0xaa, 0x00, 0x00, 0x3e, 0xab,
  0x00, 0x00, 0x3e, 0xac, 0x00, 0x00, 0x3e, 0xad, 0x00, 0x00, 0x3e, 0xae,
  0x00, 0x00, 0x3e, 0xaf, 0x00, 0x00, 0x3e, 0xb0, 0x00, 0x00, 0x3e, 0xb1,
  0x00, 0x00, 0x3e, 0xb2, 0x00, 0x00, 0x3e, 0xb3, 0x00, 0x00, 0x3e, 0xb4,
  0x00, 0x00, 0x3e, 0xb5, 0x00, 0x00, 0x3e, 0xb6, 0x00, 0x00, 0x3e, 0xb7,
  0x00, 0x00, 0x3e, 0xb8, 0x00, 0x00, 0x3e, 0xb9, 0x00, 0x00, 0x3e, 0xba,
  0x00, 0x00, 0x3e, 0xbb, 0x00, 0x00, 0x3e, 0xbc, 0x00, 0x00, 0x3e, 0xbd,
  0x00, 0x00, 0x3e, 0xbe, 0x00, 0x00, 0x3e, 0xbf, 0x00, 0x00, 0x3e, 0xc0,
  0x00, 0x00, 0x3e, 0xc1, 0x00, 0x00, 0x3e, 0xc2, 0x00, 0x00, 0x3e, 0xc3,
  0x00, 0x00, 0x3e, 0xc4, 0x00, 0x00, 0x3e, 0xc5, 0x00, 0x00, 0x3e, 0xc6,
  0x00, 0x00, 0x3e, 0xc7, 0x00, 0x00, 0x3e, 0xc8, 0x00, 0x00, 0x3e, 0xc9,
  0x00, 0x00, 0x3e, 0xca, 0x00, 0x00, 0x3e, 0xcb, 0x00, 0x00, 0x3e, 0xcc,
  0x00, 0x00, 0x3e, 0xcd, 0x00, 0x00, 0x3e, 0xce, 0x00, 0x00, 0x3e, 0xcf,
  0x00, 0x00, 0x3e, 0xd0, 0x00, 0x00, 0x3e, 0xd1, 0x00, 0x00, 0x3e, 0xd2,
  0x00, 0x00, 0x3e, 0xd3, 0x00, 0x00, 0x3e, 0xd4, 0x00, 0x00, 0x3e, 0xd5,
  0x00, 0x00, 0x3e, 0xd6, 0x00, 0x00, 0x3e, 0xd7, 0x00, 0x00, 0x3e, 0xd8,
  0x00, 0x00, 0x3e, 0xd9, 0x00, 0x00, 0x3e, 0xda, 0x00, 0x00, 0x3e, 0xdb,
  0x00, 0x00, 0x3e, 0xdc, 0x00, 0x00, 0x3e, 0xdd, 0x00, 0x00, 0x3e, 0xde,
  0x00, 0x00, 0x3e, 0xdf, 0x00, 0x00, 0x3e, 0xe0, 0x00, 0x00, 0x3e, 0xe1,
  0x00, 0x00, 0x3e, 0xe2, 0x00, 0x00, 0x3e, 0xe3, 0x00, 0x00, 0x3e, 0xe4,
  0x00, 0x00, 0x3e, 0xe5, 0x00, 0x00, 0x3e, 0xe6, 0x00, 0x00, 0x3e, 0xe7,
  0x00, 0x00, 0x3e, 0xe8, 0x00, 0x00, 0x3e, 0xe9, 0x00, 0x00, 0x3e, 0xea,
  0x00, 0x00, 0x3e, 0xeb, 0x00, 0x00, 0x3e, 0xec, 0x00, 0x00, 0x3e, 0xed,
  0x00, 0x00, 0x3e, 0xee, 0x00, 0x00, 0x3e, 0xef, 0x00, 0x00, 0x3e, 0xf0,
  0x00, 0x00, 0x3e, 0xf1, 0x00, 0x00, 0x3e, 0xf2, 0x00, 0x00, 0x3e, 0xf3,
  0x00, 0x00, 0x3e, 0xf4, 0x00, 0x00, 0x3e, 0xf5, 0x00, 0x00, 0x3e, 0xf6,
  0x00, 0x00, 0x3e, 0xf7, 0x00, 0x00, 0x3e, 0xf8, 0x00, 0x00, 0x3e, 0xf9,
  0x00, 0x00, 0x3e, 0xfa, 0x00, 0x00, 0x3e, 0xfb, 0x00, 0x00, 0x3e, 0xfc,
  0x00, 0x00, 0x3e, 0xfd, 0x00, 0x00, 0x3e, 0xfe, 0x00, 0x00, 0x3e, 0xff,
  0x00, 0x00, 0x3f, 0x00, 0x00, 0x00, 0x3f, 0x01, 0x00, 0x00, 0x3f, 0x02,
  0x00, 0x00, 0x3f, 0x03, 0x00, 0x00, 0x3f, 0x04, 0x00, 0x00, 0x3f, 0x05,
  0x00, 0x00, 0x3f, 0x06, 0x00, 0x00, 0x3f, 0x07, 0x00, 0x00, 0x3f, 0x08,
  0x00, 0x00, 0x3f, 0x09, 0x00, 0x00, 0x3f, 0x0a, 0x00, 0x00, 0x3f, 0x0b,
  0x00, 0x00, 0x3f, 0x0c, 0x00, 0x00, 0x3f, 0x0d, 0x00, 0x00, 0x3f, 0x0e,
  0x00, 0x00, 0x3f, 0x0f, 0x00, 0x00, 0x3f, 0x10, 0x00, 0x00, 0x3f, 0x11,
  0x00, 0x00, 0x3f, 0x12, 0x00, 0x00, 0x3f, 0x13, 0x00, 0x00, 0x3f, 0x14,
  0x00, 0x00, 0x3f, 0x15, 0x00, 0x00, 0x3f, 0x16, 0x00, 0x00, 0x3f, 0x17,
  0x00, 0x00, 0x3f, 0x18, 0x00, 0x00, 0x3f, 0x19, 0x00, 0x00, 0x3f, 0x1a,
  0x00, 0x00, 0x3f, 0x1b, 0x00, 0x00, 0x3f, 0x1c, 0x00, 0x00, 0x3f, 0x1d,
  0x00, 0x00, 0x3f, 0x1e, 0x00, 0x00, 0x3f, 0x1f, 0x00, 0x00, 0x3f, 0x20,
  0x00, 0x00, 0x3f, 0x21, 0x00, 0x00, 0x3f, 0x22, 0x00, 0x00, 0x3f, 0x23,
  0x00, 0x00, 0x3f, 0x24, 0x00, 0x00, 0x3f, 0x25, 0x00, 0x00, 0x3f, 0x26,
  0x00, 0x00, 0x3f, 0x27, 0x00, 0x00, 0x3f, 0x28, 0x00, 0x00, 0x3f, 0x29,
  0x00, 0x00, 0x3f, 0x2a, 0x00, 0x00, 0x3f, 0x2b, 0x00, 0x00, 0x3f, 0x2c,
  0x00, 0x00, 0x3f, 0x2d, 0x00, 0x00, 0x3f, 0x2e, 0x00, 0x00, 0x3f, 0x2f,
  0x00, 0x00, 0x3f, 0x30, 0x00, 0x00, 0x3f, 0x31, 0x00, 0x00, 0x3f, 0x32,
  0x00, 0x00, 0x3f, 0x33, 0x00, 0x00, 0x3f, 0x34, 0x00, 0x00, 0x3f, 0x35,
  0x00, 0x00, 0x3f, 0x36, 0x00, 0x00, 0x3f, 0x37, 0x00, 0x00, 0x3f, 0x38,
  0x00, 0x00, 0x3f, 0x39, 0x00, 0x00, 0x3f, 0x3a, 0x00, 0x00, 0x3f, 0x3b,
  0x00, 0x00, 0x3f, 0x3c, 0x00, 0x00, 0x3f, 0x3d, 0x00, 0x00, 0x3f, 0x3e,
  0x00, 0x00, 0x3f, 0x3f, 0x00, 0x00, 0x3f, 0x40, 0x00, 0x00, 0x3f, 0x41,
  0x00, 0x00, 0x3f, 0x42, 0x00, 0x00, 0x3f, 0x43, 0x00, 0x00, 0x3f, 0x44,
  0x00, 0x00, 0x3f, 0x45, 0x00, 0x00, 0x3f, 0x46, 0x00, 0x00, 0x3f, 0x47,
  0x00, 0x00, 0x3f, 0x48, 0x00, 0x00, 0x3f, 0x49, 0x00, 0x00, 0x3f, 0x4a,
  0x00, 0x00, 0x3f, 0x4b, 0x00, 0x00, 0x3f, 0x4c, 0x00, 0x00, 0x3f, 0x4d,
  0x00, 0x00, 0x3f, 0x4e, 0x00, 0x00, 0x3f, 0x4f, 0x00, 0x00, 0x3f, 0x50,
  0x00, 0x00, 0x3f, 0x51, 0x00, 0x00, 0x3f, 0x52, 0x00, 0x00, 0x3f, 0x53,
  0x00, 0x00, 0x3f, 0x54, 0x00, 0x00, 0x3f, 0x55, 0x00, 0x00, 0x3f, 0x56,
  0x00, 0x00, 0x3f, 0x57, 0x00, 0x00, 0x3f, 0x58, 0x00, 0x00, 0x3f, 0x59,
  0x00, 0x00, 0x3f, 0x5a, 0x00, 0x00, 0x3f, 0x5b, 0x00, 0x00, 0x3f, 0x5c,
  0x00, 0x00, 0x3f, 0x5d, 0x00, 0x00, 0x3f, 0x5e, 0x00, 0x00, 0x3f, 0x5f,
  0x00, 0x00, 0x3f, 0x60, 0x00, 0x00, 0x3f, 0x61, 0x00, 0x00, 0x3f, 0x62,
  0x00, 0x00, 0x3f, 0x63, 0x00, 0x00, 0x3f, 0x64, 0x00, 0x00, 0x3f, 0x65,
  0x00, 0x00, 0x3f, 0x66, 0x00, 0x00, 0x3f, 0x67, 0x00, 0x00, 0x3f, 0x68,
  0x00, 0x00, 0x3f, 0x69, 0x00, 0x00, 0x3f, 0x6a, 0x00, 0x00, 0x3f, 0x6b,
  0x00, 0x00, 0x3f, 0x6c, 0x00, 0x00, 0x3f, 0x6d, 0x00, 0x00, 0x3f, 0x6e,
  0x00, 0x00, 0x3f, 0x6f, 0x00, 0x00, 0x3f, 0x70, 0x00, 0x00, 0x3f, 0x71,
  0x00, 0x00, 0x3f, 0x72, 0x00, 0x00, 0x3f, 0x73, 0x00, 0x00, 0x3f, 0x74,
  0x00, 0x00, 0x3f, 0x75, 0x00, 0x00, 0x3f, 0x76, 0x00, 0x00, 0x3f, 0x77,
  0x00, 0x00, 0x3f, 0x78, 0x00, 0x00, 0x3f, 0x79, 0x00, 0x00, 0x3f, 0x7a,
  0x00, 0x00, 0x3f, 0x7b, 0x00, 0x00, 0x3f, 0x7c, 0x00, 0x00, 0x3f, 0x7d,
  0x00, 0x00, 0x3f, 0x7e, 0x00, 0x00, 0x3f, 0x7f, 0x00, 0x00, 0x3f, 0x80,
  0x00, 0x00, 0x3f, 0x81, 0x00, 0x00, 0x3f, 0x82, 0x00, 0x00, 0x3f, 0x83,
  0x00, 0x00, 0x3f, 0x84, 0x00, 0x00, 0x3f, 0x85, 0x00, 0x00, 0x3f, 0x86,
  0x00, 0x00, 0x3f, 0x87, 0x00, 0x00, 0x3f, 0x88, 0x00, 0x00, 0x3f, 0x89,
  0x00, 0x00, 0x3f, 0x8a, 0x00, 0x00, 0x3f, 0x8b, 0x00, 0x00, 0x3f, 0x8c,
  0x00, 0x00, 0x3f, 0x8d, 0x00, 0x00, 0x3f, 0x8e, 0x00, 0x00, 0x3f, 0x8f,
  0x00, 0x00, 0x3f, 0x90, 0x00, 0x00, 0x3f, 0x91, 0x00, 0x00, 0x3f, 0x92,
  0x00, 0x00, 0x3f, 0x93, 0x00, 0x00, 0x3f, 0x94, 0x00, 0x00, 0x3f, 0x95,
  0x00, 0x00, 0x3f, 0x96, 0x00, 0x00, 0x3f, 0x97, 0x00, 0x00, 0x3f, 0x98,
  0x00, 0x00, 0x3f, 0x99, 0x00, 0x00, 0x3f, 0x9a, 0x00, 0x00, 0x3f, 0x9b,
  0x00, 0x00, 0x3f, 0x9c, 0x00, 0x00, 0x3f, 0x9d, 0x00, 0x00, 0x3f, 0x9e,
  0x00, 0x00, 0x3f, 0x9f, 0x00, 0x00, 0x3f, 0xa0, 0x00, 0x00, 0x3f, 0xa1,
  0x00, 0x00, 0x3f, 0xa2, 0x00, 0x00, 0x3f, 0xa3, 0x00, 0x00, 0x3f, 0xa4,
  0x00, 0x00, 0x3f, 0xa5, 0x00, 0x00, 0x3f, 0xa6, 0x00, 0x00, 0x3f, 0xa7,
  0x00, 0x00, 0x3f, 0xa8, 0x00, 0x00, 0x3f, 0xa9, 0x00, 0x00, 0x3f, 0xaa,
  0x00, 0x00, 0x3f, 0xab, 0x00, 0x00, 0x3f, 0xac, 0x00, 0x00, 0x3f, 0xad,
  0x00, 0x00, 0x3f, 0xae, 0x00, 0x00, 0x3f, 0xaf, 0x00, 0x00, 0x3f, 0xb0,
  0x00, 0x00, 0x3f, 0xb1, 0x00, 0x00, 0x3f, 0xb2, 0x00, 0x00, 0x3f, 0xb3,
  0x00, 0x00, 0x3f, 0xb4, 0x00, 0x00, 0x3f, 0xb5, 0x00, 0x00, 0x3f, 0xb6,
  0x00, 0x00, 0x3f, 0xb7, 0x00, 0x00, 0x3f, 0xb8, 0x00, 0x00, 0x3f, 0xb9,
  0x00, 0x00, 0x3f, 0xba, 0x00, 0x00, 0x3f, 0xbb, 0x00, 0x00, 0x3f, 0xbc,
  0x00, 0x00, 0x3f, 0xbd, 0x00, 0x00, 0x3f, 0xbe, 0x00, 0x00, 0x3f, 0xbf,
  0x00, 0x00, 0x3f, 0xc0, 0x00, 0x00, 0x3f, 0xc1, 0x00, 0x00, 0x3f, 0xc2,
  0x00, 0x00, 0x3f, 0xc3, 0x00, 0x00, 0x3f, 0xc4, 0x00, 0x00, 0x3f, 0xc5,
  0x00, 0x00, 0x3f, 0xc6, 0x00, 0x00, 0x3f, 0xc7, 0x00, 0x00, 0x3f, 0xc8,
  0x00, 0x00, 0x3f, 0xc9, 0x00, 0x00, 0x3f, 0xca, 0x00, 0x00, 0x3f, 0xcb,
  0x00, 0x00, 0x3f, 0xcc, 0x00, 0x00, 0x3f, 0xcd, 0x00, 0x00, 0x3f, 0xce,
  0x00, 0x00, 0x3f, 0xcf, 0x00, 0x00, 0x3f, 0xd0, 0x00, 0x00, 0x3f, 0xd1,
  0x00, 0x00, 0x3f, 0xd2, 0x00, 0x00, 0x3f, 0xd3, 0x00, 0x00, 0x3f, 0xd4,
  0x00, 0x00, 0x3f, 0xd5, 0x00, 0x00, 0x3f, 0xd6, 0x00, 0x00, 0x3f, 0xd7,
  0x00, 0x00, 0x3f, 0xd8, 0x00, 0x00, 0x3f, 0xd9, 0x00, 0x00, 0x3f, 0xda,
  0x00, 0x00, 0x3f, 0xdb, 0x00, 0x00, 0x3f, 0xdc, 0x00, 0x00, 0x3f, 0xdd,
  0x00, 0x00, 0x3f, 0xde, 0x00, 0x00, 0x3f, 0xdf, 0x00, 0x00, 0x3f, 0xe0,
  0x00, 0x00, 0x3f, 0xe1, 0x00, 0x00, 0x3f, 0xe2, 0x00, 0x00, 0x3f, 0xe3,
  0x00, 0x00, 0x3f, 0xe4, 0x00, 0x00, 0x3f, 0xe5, 0x00, 0x00, 0x3f, 0xe6,
  0x00, 0x00, 0x3f, 0xe7, 0x00, 0x00, 0x3f, 0xe8, 0x00, 0x00, 0x3f, 0xe9,
  0x00, 0x00, 0x3f, 0xea, 0x00, 0x00, 0x3f, 0xeb, 0x00, 0x00, 0x3f, 0xec,
  0x00, 0x00, 0x3f, 0xed, 0x00, 0x00, 0x3f, 0xee, 0x00, 0x00, 0x3f, 0xef,
  0x00, 0x00, 0x3f, 0xf0, 0x00, 0x00, 0x3f, 0xf1, 0x00, 0x00, 0x3f, 0xf2,
  0x00, 0x00, 0x3f, 0xf3, 0x00, 0x00, 0x3f, 0xf4, 0x00, 0x00, 0x3f, 0xf5,
  0x00, 0x00, 0x3f, 0xf6, 0x00, 0x00, 0x3f, 0xf7, 0x00, 0x00, 0x3f, 0xf8,
  0x00, 0x00, 0x3f, 0xf9, 0x00, 0x00, 0x3f, 0xfa, 0x00, 0x00, 0x3f, 0xfb,
  0x00, 0x00, 0x3f, 0xfc, 0x00, 0x00, 0x3f, 0xfd, 0x00, 0x00, 0x3f, 0xfe,
  0x00, 0x00, 0x3f, 0xff
};
unsigned int BACKING_STORE_bin_len = 65536;

#endif